time,latitude,longitude,depth,magnitude,place,id
1990-01-07 23:35:09.150,20.142,98.752,49.5,4.3,"54 km WNW of Fang, Thailand",usp0004400
1990-01-09 15:35:49.070,11.591,95.017,33.0,5.7,"247 km E of Port Blair, India",usp000441x
1990-01-09 18:51:29.210,24.753,95.241,119.2,6.3,"120 km E of W?ngjing, India",usp0004421
1990-01-10 06:11:06.170,22.466,94.552,122.5,4.8,"72 km WNW of Monywa, Myanmar",usp000442n
1990-01-10 06:37:54.820,24.516,94.682,86.5,5.2,"63 km E of W?ngjing, India",usp000442q
1990-01-10 11:53:21.650,11.654,95.143,33.0,5.9,"261 km E of Port Blair, India",usp0004431
1990-01-11 11:14:43.290,25.047,95.364,141.8,4.7,"110 km SE of Phek, India",usp000444b
1990-01-22 18:49:35.070,11.538,92.341,33.0,4.8,"44 km WSW of Bamboo Flat, India",usp00044m0
1990-01-23 15:40:53.330,25.185,96.424,33.0,4.7,"100 km WSW of Myitkyina, Myanmar",usp00044n3
1990-01-26 22:46:19.890,23.347,100.242,33.0,4.6,"143 km SW of Jianshui, China",usp00044s0
1990-01-26 23:27:40.350,23.338,100.191,33.0,4.5,"148 km SW of Jianshui, China",usp00044s1
1990-02-05 02:06:47.760,24.877,92.425,33.0,4.1,"7 km E of Kar?mganj, India",usp000453c
1990-02-07 05:28:35.040,26.08,103.107,10.0,3.7,"Yunnan, China",usp000455d
1990-02-09 04:04:34.520,26.066,98.9,10.0,4.7,"141 km WNW of Dali, China",usp000457v
1990-02-13 21:13:07.460,26.011,98.98,33.0,4.8,"132 km WNW of Dali, China",usp00045e1
1990-02-14 05:24:30.710,23.236,99.361,33.0,4.2,"168 km E of Lashio, Myanmar",usp00045eb
1990-02-14 05:49:32.400,23.128,99.605,33.0,4.7,"171 km NW of Jinghong, China",usp00045ed
1990-02-18 18:12:47.270,29.078,90.031,10.0,4.5,"45 km ENE of Jiangzi, China",usp00045m0
1990-02-20 10:39:57.250,18.175,94.705,44.4,4.9,"66 km W of Myanaung, Myanmar",usp00045p7
1990-02-22 13:33:13.380,29.216,90.092,26.0,5.0,"58 km NE of Jiangzi, China",usp00045sg
1990-02-22 22:07:00.150,24.946,93.104,52.2,5.1,"19 km NNE of Lakhipur, India",usp00045t0
1990-02-23 14:25:18.390,29.321,90.114,10.0,4.3,"66 km NE of Jiangzi, China",usp00045u0
1990-02-26 01:31:24.500,25.262,94.14,50.3,4.8,"45 km S of Koh?ma, India",usp00045xf
1990-02-26 06:20:13.460,23.03,94.011,89.5,5.0,"36 km ENE of Falam, Myanmar",usp00045xk
1990-03-08 18:57:01.430,25.452,96.559,33.0,5.2,"84 km W of Myitkyina, Myanmar",usp00046bx
1990-03-08 20:01:08.680,25.471,96.547,33.0,4.1,"85 km SSW of Sarupathar, India",usp00046bz
1990-03-12 22:40:07.870,28.37,102.697,33.0,4.0,"67 km NE of Xichang, China",usp00046hb
1990-03-13 09:46:04.470,24.876,99.162,10.0,4.5,"131 km SW of Dali, China",usp00046hy
1990-03-15 19:25:48.600,25.334,96.498,33.0,4.0,"90 km W of Myitkyina, Myanmar",usp00046nb
1990-04-08 15:15:21.250,23.877,94.341,84.5,4.5,"26 km NNW of Mawlaik, Myanmar",usp00047pp
1990-04-10 01:16:19.530,21.738,97.737,10.0,4.1,"127 km NE of Taunggyi, Myanmar",usp00047rw
1990-04-21 13:27:32.750,16.019,95.223,33.0,4.1,"35 km SSW of Bogale, Myanmar",usp000488d
1990-04-26 01:14:48.860,24.018,94.626,102.4,4.6,"47 km NNE of Mawlaik, Myanmar",usp00048gb
1990-04-30 01:55:57.570,26.437,93.318,33.0,5.3,"36 km SW of Bok?kh?t, India",usp00048na
1990-05-04 04:28:49.210,12.057,92.592,33.0,4.1,"41 km NNW of Bamboo Flat, India",usp00048u9
1990-05-06 10:30:08.190,29.88,90.073,33.0,4.5,"63 km W of Dêqên, China",usp00048xv
1990-05-14 04:28:24.090,22.706,92.551,33.0,4.4,"28 km SW of Lunglei, India",usp000499e
1990-05-22 09:00:23.340,29.765,90.228,33.0,3.9,"52 km WSW of Dêqên, China",usp00049m2
1990-05-24 09:03:48.830,26.6,95.522,82.3,4.8,"46 km S of Khonsa, India",usp00049pn
1990-05-28 11:23:36.790,14.836,98.964,33.0,4.1,"65 km ESE of Sangkhla Buri, Thailand",usp00049w3
1990-06-01 19:56:36.120,25.729,102.839,10.0,3.8,"77 km N of Kunming, China",usp0004a1f
1990-06-04 21:40:24.370,23.666,94.502,83.7,4.4,"10 km ENE of Mawlaik, Myanmar",usp0004a4w
1990-06-09 03:56:52.160,12.566,95.488,33.0,4.2,"Andaman Islands, India region",usp0004aa0
1990-06-09 15:31:32.290,28.272,103.585,10.0,3.7,"106 km N of Zhaotong, China",usp0004aar
1990-06-11 18:57:00.650,27.72,103.702,10.0,3.2,"44 km N of Zhaotong, China",usp0004ad1
1990-06-14 15:28:21.410,24.976,94.019,60.7,4.5,"20 km NNE of Imph?l, India",usp0004agw
1990-06-24 02:35:15.600,22.767,93.859,87.9,4.3,"24 km SE of Falam, Myanmar",usp0004axk
1990-06-30 02:28:13.450,23.808,93.761,170.2,4.2,"58 km S of Chur?ch?ndpur, India",usp0004b5p
1990-07-02 07:51:20.230,15.171,94.836,33.0,4.3,"138 km SSW of Bogale, Myanmar",usp0004b8u
1990-07-02 12:41:53.390,19.56,96.383,33.0,4.0,"26 km SE of Pyinmana, Myanmar",usp0004b99
1990-07-05 14:20:51.210,22.676,93.952,33.0,4.1,"35 km E of Hakha, Myanmar",usp0004bdy
1990-07-09 13:19:53.970,15.308,94.029,33.0,5.0,near the south coast of Myanmar,usp0004bkn
1990-07-12 20:27:04.880,29.516,103.183,30.8,4.6,"56 km W of Leshan, China",usp0004brr
1990-07-13 03:24:05.390,23.623,94.503,106.3,4.2,"10 km ESE of Mawlaik, Myanmar",usp0004bs8
1990-07-14 03:51:55.820,20.528,100.67,29.4,4.5,"38 km NE of Ban Houakhoua, Laos",usp0004bty
1990-07-25 20:10:17.420,17.791,94.744,33.0,4.8,"77 km WNW of Hinthada, Myanmar",usp0004cht
1990-07-28 21:13:28.100,29.811,99.082,28.6,4.6,"228 km NNW of Shangri-La, China",usp0004cp6
1990-07-31 08:19:26.420,24.95,96.469,33.0,4.2,"105 km WSW of Myitkyina, Myanmar",usp0004cs3
1990-08-02 02:31:24.330,24.626,94.987,170.5,4.7,"93 km E of W?ngjing, India",usp0004cup
1990-08-02 19:08:55.210,22.629,94.265,120.8,4.8,"67 km E of Hakha, Myanmar",usp0004cvz
1990-08-04 12:52:26.780,29.566,103.255,10.0,4.7,"49 km W of Leshan, China",usp0004cyr
1990-08-07 10:36:46.200,27.743,102.465,10.0,4.8,"26 km SE of Xichang, China",usp0004d2g
1990-08-13 08:46:45.940,12.225,93.701,33.0,4.5,"120 km ENE of Port Blair, India",usp0004db5
1990-08-18 13:38:17.390,26.979,101.154,12.3,5.7,"72 km NW of Dadukou, China",usp0004dkb
1990-08-19 15:32:47.350,29.881,99.165,29.6,4.8,"233 km NNW of Shangri-La, China",usp0004dn6
1990-08-29 02:41:35.010,27.187,92.755,33.0,4.8,"33 km ESE of Bomdila, India",usp0004e1c
1990-08-29 20:44:23.070,11.791,95.034,24.6,5.2,"249 km E of Port Blair, India",usp0004e2g
1990-08-31 14:14:38.330,26.962,102.796,58.8,4.3,"99 km WSW of Zhaotong, China",usp0004e56
1990-09-01 02:43:44.810,19.291,99.257,33.0,3.7,"58 km W of Mae Chai, Thailand",usp0004e5q
1990-09-02 06:29:24.830,26.645,92.673,45.9,5.2,"12 km W of Tezpur, India",usp0004e6x
1990-09-06 22:31:05.880,12.122,93.874,33.0,4.3,"132 km ENE of Port Blair, India",usp0004ed0
1990-09-10 14:48:17.960,24.05,95.416,74.3,4.3,"112 km ENE of Mawlaik, Myanmar",usp0004ej7
1990-09-13 17:40:29.240,11.003,92.426,33.0,4.6,"81 km SSW of Port Blair, India",usp0004ep5
1990-10-03 10:07:21.090,23.345,94.325,68.4,3.9,"33 km SSW of Mawlaik, Myanmar",usp0004far
1990-10-11 14:42:02.380,21.232,92.433,33.0,4.0,"43 km NNE of Tekn?f, Bangladesh",usp0004fmu
1990-10-28 17:56:42.900,10.1,93.789,33.0,4.6,"207 km SSE of Port Blair, India",usp0004g96
1990-10-29 11:32:54.620,26.521,92.405,33.0,4.9,"9 km NW of Dhing, India",usp0004gaa
1990-11-03 04:35:15.030,27.562,96.758,41.6,4.7,"60 km SSE of Hayuliang, India",usp0004gfp
1990-11-03 14:51:00.590,14.835,99.168,10.0,4.2,"67 km NNW of Bo Phloi, Thailand",usp0004gg7
1990-11-10 11:30:29.080,12.212,93.749,33.0,5.4,"124 km ENE of Port Blair, India",usp0004gr0
1990-11-15 03:28:27.970,23.895,92.937,49.4,5.2,"13 km S of Darlawn, India",usp0004gyk
1990-11-20 10:46:40.560,25.109,102.054,33.0,4.2,"48 km WNW of Lianran, China",usp0004h4s
1990-11-29 10:20:32.790,24.308,94.488,90.5,5.0,"53 km SE of W?ngjing, India",usp0004hj7
1990-12-10 11:56:56.620,20.84,92.577,155.7,3.8,"29 km E of Tekn?f, Bangladesh",usp0004hy2
1990-12-11 06:46:26.920,12.248,94.331,78.6,4.4,"184 km ENE of Port Blair, India",usp0004hz3
1990-12-11 18:38:56.050,27.667,92.236,33.0,4.3,"32 km ENE of Tawang, India",usp0004hzs
1990-12-12 05:44:10.260,12.236,93.812,55.3,4.8,"132 km ENE of Port Blair, India",usp0004j0n
1990-12-12 06:36:53.040,20.072,98.43,33.0,4.3,"78 km N of Pai, Thailand",usp0004j0p
1990-12-23 21:25:48.420,25.1,101.623,33.0,4.5,"72 km NW of Longquan, China",usp0004jpe
1990-12-25 01:06:54.820,12.156,93.644,33.0,5.3,"111 km ENE of Port Blair, India",usp0004jre
1990-12-28 08:11:00.680,23.081,93.873,33.0,4.4,"27 km NE of Falam, Myanmar",usp0004jw1
1990-12-28 13:03:47.600,29.843,99.043,33.0,5.0,"228 km SE of Qamdo, China",usp0004jwe
1990-12-29 04:40:38.860,23.933,102.899,33.0,4.6,"48 km WNW of Kaiyuan, China",usp0004jx9
1990-12-29 19:24:12.150,26.619,92.579,33.0,5.0,"13 km SE of Dhekiajuli, India",usp0004jyc
1990-12-30 01:30:54.590,15.052,94.376,33.0,4.5,"174 km SSW of Mawlamyinegyunn, Myanmar",usp0004jyw
1991-01-03 07:05:32.830,24.67,95.553,33.0,4.8,"151 km E of W?ngjing, India",usp0004k51
1991-01-05 14:57:11.590,23.613,95.901,19.7,7.0,"99 km NW of Mogok, Myanmar",usp0004k8g
1991-01-05 15:38:55.730,23.8,95.963,33.0,4.3,"112 km NNW of Mogok, Myanmar",usp0004k8h
1991-01-05 16:04:14.100,24.012,95.978,31.9,5.2,"130 km WSW of Bhamo, Myanmar",usp0004k8m
1991-01-10 19:54:22.370,23.499,95.72,33.0,4.7,"102 km N of Shwebo, Myanmar",usp0004kg8
1991-01-13 06:35:44.790,23.848,96.221,33.0,3.8,"107 km NNW of Mogok, Myanmar",usp0004km1
1991-01-23 06:07:08.270,24.733,95.232,115.2,5.3,"119 km E of W?ngjing, India",usp0004m23
1991-01-26 17:20:49.360,24.733,97.001,33.0,4.8,"58 km NNW of Bhamo, Myanmar",usp0004m68
1991-01-28 22:24:46.690,26.029,95.292,33.0,5.0,"53 km ESE of Tuensang, India",usp0004m9u
1991-01-31 12:09:08.720,23.574,93.037,33.0,4.6,"23 km NNW of Khawhai, India",usp0004md1
1991-02-02 00:15:40.410,25.541,91.293,33.0,4.9,"3 km NE of Nongstoin, India",usp0004mf9
1991-02-02 11:35:45.720,20.679,94.666,112.7,4.4,"29 km SSW of Chauk, Myanmar",usp0004mfx
1991-02-03 13:22:10.680,25.394,91.662,33.0,3.8,"10 km NNW of Cherrapunji, India",usp0004mha
1991-02-06 19:38:41.100,25.273,95.41,137.8,4.0,"101 km ESE of Phek, India",usp0004mms
1991-02-09 15:29:24.170,28.257,104.127,10.0,3.6,"61 km WSW of Xunchang, China",usp0004mrg
1991-02-12 13:01:00.280,29.67,96.908,17.4,4.9,"163 km S of Qamdo, China",usp0004mv9
1991-02-13 10:34:04.840,23.724,96.053,33.8,4.6,"100 km NNW of Mogok, Myanmar",usp0004mwa
1991-02-13 16:28:19.770,29.727,96.888,33.0,4.7,"158 km S of Qamdo, China",usp0004mwn
1991-02-27 08:43:53.790,25.649,103.911,23.1,4.7,"22 km NE of Qujing, China",usp0004nfh
1991-03-01 14:00:13.630,23.816,95.878,33.0,4.3,"118 km NNW of Mogok, Myanmar",usp0004njk
1991-03-05 09:18:01.710,22.996,102.196,33.0,4.4,"106 km WSW of Gejiu, China",usp0004nq3
1991-03-06 00:29:52.890,10.643,94.339,33.0,4.8,"207 km ESE of Port Blair, India",usp0004nqy
1991-03-07 20:58:48.920,25.031,95.337,109.0,4.4,"109 km SE of Phek, India",usp0004nst
1991-03-11 07:54:34.710,24.151,95.923,33.0,3.9,"133 km W of Bhamo, Myanmar",usp0004nxh
1991-03-27 05:00:16.880,15.693,96.188,33.0,4.5,"85 km SE of Pyapon, Myanmar",usp0004pkz
1991-03-27 18:30:58.840,15.755,95.705,33.0,4.3,"58 km S of Pyapon, Myanmar",usp0004pmz
1991-03-27 22:08:04.870,26.318,97.226,33.0,4.0,"43 km ENE of Sarupathar, India",usp0004pn4
1991-04-01 03:53:04.660,15.746,95.738,15.0,6.0,"60 km S of Pyapon, Myanmar",usp0004pth
1991-04-01 05:45:20.880,15.844,95.701,12.7,5.4,"48 km S of Pyapon, Myanmar",usp0004ptq
1991-04-09 22:59:11.640,26.358,93.025,67.2,4.4,"37 km SE of Tezpur, India",usp0004q50
1991-04-11 08:50:03.700,11.809,92.578,33.0,4.7,"Andaman Islands, India region",usp0004q6g
1991-04-11 20:32:20.780,27.029,100.856,43.8,4.9,"Sichuan-Yunnan border region, China",usp0004q7c
1991-04-13 04:58:31.770,24.44,91.345,33.0,4.0,"8 km S of Baniachang, Bangladesh",usp0004q95
1991-04-13 12:28:11.260,27.264,101.185,59.9,4.1,"94 km NNW of Dadukou, China",usp0004q9m
1991-04-15 16:03:03.490,23.925,93.807,33.0,3.5,"47 km SSE of Chur?ch?ndpur, India",usp0004qcg
1991-04-16 14:55:30.880,27.194,100.657,10.0,3.6,"56 km NE of Lijiang, China",usp0004qdr
1991-04-17 15:16:31.600,23.453,102.694,10.0,3.9,"48 km WNW of Gejiu, China",usp0004qes
1991-04-21 06:57:24.390,23.179,95.813,33.0,4.1,"68 km N of Shwebo, Myanmar",usp0004qky
1991-04-22 11:11:59.720,13.004,94.032,33.0,4.2,"203 km NE of Bamboo Flat, India",usp0004qnv
1991-04-24 01:34:03.070,20.499,97.972,33.0,4.4,"102 km ESE of Taunggyi, Myanmar",usp0004qrb
1991-04-27 10:04:56.500,29.703,94.755,33.0,4.4,"135 km NNE of Shi Yomi, India",usp0004qwu
1991-05-11 02:15:24.000,24.249,93.705,62.7,5.4,"10 km SSE of Chur?ch?ndpur, India",usp0004rg2
1991-05-11 17:34:08.350,26.456,96.237,107.1,4.9,"63 km WNW of Sarupathar, India",usp0004rh3
1991-05-12 13:16:13.700,25.488,98.261,33.0,3.9,"87 km E of Myitkyina, Myanmar",usp0004rjb
1991-05-25 17:07:34.190,25.263,95.17,85.8,4.6,"80 km ESE of Phek, India",usp0004s2n
1991-05-26 17:28:01.390,27.054,99.745,33.0,5.0,"51 km WNW of Lijiang, China",usp0004s43
1991-05-28 20:04:50.010,24.649,94.364,142.3,4.7,"31 km ENE of W?ngjing, India",usp0004s76
1991-05-29 09:55:54.300,28.729,98.466,33.0,3.9,"157 km NW of Shangri-La, China",usp0004s7s
1991-06-08 00:27:53.520,29.295,96.578,33.0,4.8,"135 km N of Hayuliang, India",usp0004sng
1991-06-09 20:39:33.830,12.627,95.11,24.3,5.5,"278 km ENE of Port Blair, India",usp0004sqt
1991-06-12 03:05:21.300,14.892,96.327,10.0,5.2,"169 km SSE of Pyapon, Myanmar",usp0004stj
1991-06-23 10:04:00.330,26.637,93.187,33.2,5.3,"Assam, India",usp0004tab
1991-06-25 06:08:10.230,23.263,94.478,104.1,4.0,"42 km S of Mawlaik, Myanmar",usp0004tcr
1991-06-25 20:34:57.900,21.531,94.02,55.0,5.0,"108 km NW of Chauk, Myanmar",usp0004tdg
1991-06-30 22:50:11.890,20.822,96.61,33.0,4.2,"38 km WNW of Nyaungshwe, Myanmar",usp0004tmf
1991-07-01 04:56:28.700,21.341,94.105,85.3,4.2,"88 km WNW of Chauk, Myanmar",usp0004tmy
1991-07-01 06:18:06.160,24.941,99.029,18.9,4.6,"138 km WSW of Dali, China",usp0004tn0
1991-07-02 14:04:37.090,10.276,93.657,29.2,4.7,"183 km SSE of Port Blair, India",usp0004tpt
1991-07-03 23:45:00.260,26.126,99.587,10.0,4.5,"86 km NW of Dali, China",usp0004trm
1991-07-09 11:14:47.120,22.131,94.482,132.3,4.3,"67 km W of Monywa, Myanmar",usp0004txm
1991-07-10 09:49:25.700,12.525,93.874,116.9,5.5,"155 km NE of Port Blair, India",usp0004tz1
1991-07-19 07:05:29.570,25.149,95.259,121.0,4.8,"95 km SE of Phek, India",usp0004ubu
1991-07-22 11:58:55.860,24.881,99.186,33.0,4.8,"129 km SW of Dali, China",usp0004ug4
1991-07-23 21:58:13.480,23.82,97.447,51.6,4.1,"52 km SSE of Bhamo, Myanmar",usp0004uj9
1991-07-24 09:26:58.610,21.499,93.719,33.0,4.3,"127 km S of Hakha, Myanmar",usp0004uk1
1991-07-24 19:35:58.850,22.23,94.37,88.3,4.5,"80 km W of Monywa, Myanmar",usp0004ukp
1991-07-28 20:34:14.650,26.756,102.084,33.0,3.9,"44 km ENE of Dadukou, China",usp0004uqy
1991-07-29 00:40:19.290,24.563,95.12,119.4,4.6,"107 km E of W?ngjing, India",usp0004ur5
1991-07-31 11:20:52.490,24.889,98.835,33.0,4.5,"155 km ESE of Myitkyina, Myanmar",usp0004uu2
1991-08-04 12:38:24.500,23.888,95.859,42.6,4.7,"126 km NNW of Mogok, Myanmar",usp0004uzp
1991-08-22 03:53:41.150,25.03,91.33,33.0,4.7,"34 km W of Chh?tak, Bangladesh",usp0004vpx
1991-08-30 04:03:48.830,13.48,93.32,33.0,4.7,"207 km NNE of Bamboo Flat, India",usp0004w1f
1991-09-02 17:20:32.490,24.608,90.837,33.0,4.7,"19 km NNE of Kishorganj, Bangladesh",usp0004w5x
1991-09-04 08:32:33.520,10.746,92.843,33.0,5.1,"102 km S of Port Blair, India",usp0004w80
1991-09-07 03:00:24.380,24.252,93.976,33.0,4.9,"27 km S of Kakching, India",usp0004wbq
1991-09-09 21:54:50.560,28.879,94.937,33.0,4.8,"67 km NE of Shi Yomi, India",usp0004wf4
1991-09-12 23:06:30.180,29.698,95.688,34.4,4.6,"182 km NE of Shi Yomi, India",usp0004wjs
1991-09-16 22:01:57.330,19.652,92.994,33.0,4.0,"55 km S of Sittwe, Myanmar",usp0004wqb
1991-09-19 04:23:56.770,26.323,92.211,33.0,4.7,"15 km WNW of Morigaon, India",usp0004wsy
1991-09-26 23:55:53.610,23.812,102.475,33.0,4.0,"60 km S of Yuxi, China",usp0004x3h
1991-09-27 11:56:40.800,29.911,90.423,33.0,3.7,"29 km W of Dêqên, China",usp0004x3y
1991-09-30 18:35:44.220,22.728,94.416,75.4,4.7,"78 km ESE of Falam, Myanmar",usp0004x8f
1991-10-06 10:50:44.460,21.384,104.231,10.0,4.5,"33 km E of S?n La, Vietnam",usp0004xfn
1991-10-19 07:02:11.930,16.871,94.641,33.0,4.4,near the south coast of Myanmar,usp0004y0z
1991-10-23 18:11:30.040,27.817,103.395,33.0,3.7,"Sichuan-Yunnan-Guizhou region, China",usp0004y81
1991-10-26 14:28:03.150,24.78,97.21,33.0,4.5,"58 km N of Bhamo, Myanmar",usp0004yds
1991-11-03 00:02:25.920,28.365,103.984,33.0,4.5,"72 km W of Xunchang, China",usp0004yr7
1991-11-05 02:11:18.730,19.035,97.946,10.0,3.9,"29 km S of Mae Hong Son, Thailand",usp0004ytz
1991-11-09 11:28:23.010,22.552,94.144,101.6,4.2,Myanmar,usp0004yz1
1991-11-11 13:42:45.050,26.377,93.005,33.0,4.4,"34 km SE of Tezpur, India",usp0004z1s
1991-11-15 01:13:18.610,21.038,92.591,78.2,4.6,"36 km ENE of Tekn?f, Bangladesh",usp0004z5r
1991-11-17 03:39:31.030,23.604,94.848,33.0,4.3,"45 km E of Mawlaik, Myanmar",usp0004z89
1991-11-17 05:17:04.870,24.731,93.222,58.6,4.6,"22 km ESE of Lakhipur, India",usp0004z8g
1991-11-21 04:07:19.420,26.642,96.446,83.8,4.9,"60 km NW of Sarupathar, India",usp0004zdn
1991-12-04 03:27:24.260,24.015,93.986,72.1,5.5,"47 km SE of Chur?ch?ndpur, India",usp000500b
1991-12-07 13:57:40.610,24.059,93.913,69.0,5.1,"39 km SE of Chur?ch?ndpur, India",usp0005050
1991-12-14 07:04:57.100,23.768,94.601,96.9,4.4,"24 km NE of Mawlaik, Myanmar",usp00050e8
1991-12-15 15:59:32.830,29.97,93.928,33.0,4.8,"165 km NNW of Shi Yomi, India",usp00050gg
1991-12-20 02:06:05.300,24.72,93.103,40.7,5.4,"12 km SE of Lakhipur, India",usp00050pq
1991-12-25 11:55:27.350,10.499,93.822,44.3,4.5,"174 km SE of Port Blair, India",usp00050y6
1991-12-25 12:13:22.330,10.607,93.906,40.3,4.7,"172 km SE of Port Blair, India",usp00050y7
1991-12-26 17:05:20.910,15.939,96.548,33.0,3.6,"90 km S of Thongwa, Myanmar",usp0005104
1992-01-01 16:38:17.250,14.316,96.056,33.0,4.1,"221 km S of Pyapon, Myanmar",usp0005183
1992-01-01 21:46:31.310,26.468,99.897,33.0,4.4,"54 km SW of Lijiang, China",usp000518g
1992-01-05 02:14:16.550,21.507,94.446,96.6,4.5,"68 km WNW of Pakokku, Myanmar",usp00051da
1992-01-13 18:36:32.150,24.439,92.557,33.0,4.5,"14 km SSW of L?la, India",usp00051ry
1992-01-20 23:09:45.520,14.538,93.7,44.3,4.6,"263 km SW of Mawlamyinegyunn, Myanmar",usp000520q
1992-01-23 21:48:13.880,20.377,95.19,33.0,4.5,"34 km ESE of Yenangyaung, Myanmar",usp000525e
1992-01-25 15:12:31.980,26.07,98.668,33.0,4.7,"148 km ENE of Myitkyina, Myanmar",usp000527u
1992-01-28 03:01:38.070,21.056,94.739,120.3,3.6,"19 km NNW of Chauk, Myanmar",usp00052b8
1992-01-30 17:54:19.320,22.736,93.592,73.0,4.2,"10 km N of Hakha, Myanmar",usp00052ef
1992-02-04 21:51:36.840,11.085,92.921,33.0,4.7,"67 km SSE of Port Blair, India",usp00052mm
1992-02-06 03:35:15.320,29.61,95.521,15.0,5.6,"163 km NE of Shi Yomi, India",usp00052pg
1992-02-08 01:48:17.340,29.898,95.162,33.0,4.3,"169 km NNE of Shi Yomi, India",usp00052sg
1992-02-09 04:41:28.140,26.798,102.957,13.4,4.6,"94 km SW of Zhaotong, China",usp00052ty
1992-02-09 12:44:52.710,29.627,95.646,9.8,5.1,"173 km NE of Shi Yomi, India",usp00052u9
1992-02-09 14:37:34.700,29.66,95.607,10.0,4.8,"173 km NE of Shi Yomi, India",usp00052uf
1992-02-10 07:06:40.130,29.681,95.539,33.0,4.1,"170 km NE of Shi Yomi, India",usp00052vc
1992-02-15 18:51:09.780,20.124,93.76,33.0,3.8,"90 km E of Sittwe, Myanmar",usp000534d
1992-02-25 01:57:25.870,25.195,92.225,33.0,5.0,"38 km NNW of Kar?mganj, India",usp00053fk
1992-03-01 15:37:23.430,23.414,94.573,83.7,4.0,"30 km SE of Mawlaik, Myanmar",usp00053pz
1992-03-08 11:25:33.510,23.218,94.713,83.0,4.6,"56 km SE of Mawlaik, Myanmar",usp000540j
1992-03-21 23:04:56.350,13.457,94.458,33.0,4.6,"271 km NE of Bamboo Flat, India",usp00054n8
1992-03-22 00:00:53.050,10.595,93.845,33.0,4.6,"168 km SE of Port Blair, India",usp00054nd
1992-03-22 00:26:09.130,10.508,93.751,33.0,4.5,"168 km SE of Port Blair, India",usp00054ne
1992-03-22 01:47:55.020,10.553,93.904,33.0,4.9,"176 km SE of Port Blair, India",usp00054nk
1992-03-22 14:28:24.000,25.971,95.613,33.0,4.3,"85 km ESE of Tuensang, India",usp00054pa
1992-03-22 18:59:29.910,14.05,92.894,33.0,4.4,"260 km N of Bamboo Flat, India",usp00054ps
1992-03-23 08:21:44.220,26.784,97.399,33.0,4.9,"86 km NE of Sarupathar, India",usp00054qn
1992-03-24 02:02:22.050,22.941,94.043,129.4,4.7,Myanmar,usp00054rk
1992-03-25 22:32:34.850,24.874,95.231,106.0,5.2,"114 km SE of Phek, India",usp00054ud
1992-03-27 00:05:20.150,20.927,94.586,96.7,5.6,"24 km W of Chauk, Myanmar",usp00054wj
1992-03-27 07:53:42.470,20.462,93.916,50.0,4.1,"99 km W of Yenangyaung, Myanmar",usp00054x2
1992-03-28 02:50:12.990,21.328,98.668,33.0,4.2,"159 km NW of Tachilek, Myanmar",usp00054y8
1992-04-03 18:09:33.900,19.553,93.004,33.0,4.3,"66 km S of Sittwe, Myanmar",usp000559s
1992-04-03 23:03:03.830,26.067,98.57,10.0,4.0,"140 km ENE of Myitkyina, Myanmar",usp00055a6
1992-04-09 16:30:33.070,27.95,96.434,33.0,4.3,"17 km SW of Hayuliang, India",usp00055jc
1992-04-10 09:49:38.840,25.842,100.82,36.1,4.3,"67 km ENE of Dali, China",usp00055kg
1992-04-10 11:19:12.610,21.818,98.861,33.0,3.9,"168 km SE of Lashio, Myanmar",usp00055kk
1992-04-15 01:32:09.900,24.315,94.898,116.1,5.7,"89 km NE of Mawlaik, Myanmar",usp00055tv
1992-04-20 07:29:41.980,26.676,95.229,47.4,4.6,"18 km ESE of Mon, India",usp000561s
1992-04-20 18:50:28.300,27.256,92.077,33.0,4.6,"34 km W of Bomdila, India",usp000562a
1992-04-20 19:22:59.720,25.842,90.569,54.7,4.2,"33 km SE of Lakhipur, India",usp000562d
1992-04-23 14:18:35.150,22.437,98.904,12.0,6.1,"130 km ESE of Lashio, Myanmar",usp000568g
1992-04-23 15:32:49.140,22.418,98.852,9.6,6.2,"126 km ESE of Lashio, Myanmar",usp000568q
1992-04-23 17:15:02.710,22.309,98.856,33.0,4.7,"133 km ESE of Lashio, Myanmar",usp000568y
1992-04-23 17:38:50.180,22.246,99.29,33.0,4.2,"151 km W of Jinghong, China",usp000568z
1992-04-23 18:18:11.660,22.303,98.997,33.0,4.8,"146 km ESE of Lashio, Myanmar",usp0005694
1992-04-28 21:03:03.680,22.43,98.935,33.0,4.7,"134 km ESE of Lashio, Myanmar",usp00056mx
1992-05-01 08:09:45.010,19.583,94.419,54.8,4.6,"81 km SW of Minbu, Myanmar",usp00056s3
1992-05-03 21:11:29.120,23.902,91.117,33.0,4.2,"15 km E of Nab?nagar, Bangladesh",usp00056vh
1992-05-05 02:54:55.630,22.059,98.023,33.0,3.9,"101 km SSE of Lashio, Myanmar",usp00056xm
1992-05-09 12:59:27.850,23.62,93.89,60.3,4.3,"52 km W of Mawlaik, Myanmar",usp000573z
1992-05-12 19:43:40.070,29.183,98.439,33.0,4.1,"195 km NW of Shangri-La, China",usp000578y
1992-05-16 08:32:57.760,23.262,99.939,33.0,4.6,"162 km NNW of Jinghong, China",usp00057f4
1992-05-17 04:17:56.520,23.315,99.892,33.0,3.8,"170 km NNW of Jinghong, China",usp00057gh
1992-05-27 02:47:09.360,22.547,94.137,33.0,4.6,"55 km ESE of Hakha, Myanmar",usp0005859
1992-05-28 09:53:20.450,23.184,92.024,33.0,4.5,"10 km NNE of Khagrachhari, Bangladesh",usp000588b
1992-05-28 14:08:12.670,22.928,94.66,90.0,4.6,"83 km SSE of Mawlaik, Myanmar",usp000589f
1992-05-30 18:10:58.200,10.205,92.604,33.0,4.5,"162 km S of Port Blair, India",usp00058e2
1992-06-04 19:44:43.140,24.633,93.903,50.0,3.9,"2 km NNE of May?ng Imph?l, India",usp00058p9
1992-06-05 11:03:54.790,18.992,94.373,49.4,4.5,"91 km WNW of Pyay, Myanmar",usp00058q7
1992-06-08 00:25:59.120,28.501,94.05,10.0,4.5,"31 km W of Shi Yomi, India",usp00058th
1992-06-08 02:39:19.460,23.13,94.0,117.3,4.6,"40 km NE of Falam, Myanmar",usp00058tm
1992-06-10 13:41:24.950,25.66,96.758,33.0,4.7,"60 km S of Sarupathar, India",usp00058x5
1992-06-13 22:44:04.770,21.63,93.019,33.0,4.4,"95 km S of Saiha, India",usp0005929
1992-06-14 11:12:37.570,26.992,92.741,33.0,3.6,"18 km NNE of Rang?p?ra, India",usp000593e
1992-06-14 14:19:04.870,22.574,93.503,67.6,4.1,"13 km SW of Hakha, Myanmar",usp000593p
1992-06-15 02:48:56.250,24.027,95.932,17.3,6.3,"134 km W of Bhamo, Myanmar",usp000594q
1992-06-15 03:57:38.790,22.996,94.869,71.1,4.2,"85 km SSE of Mawlaik, Myanmar",usp000594r
1992-06-17 17:21:29.230,17.211,93.682,33.0,4.4,"121 km WNW of Pathein, Myanmar",usp000597z
1992-06-23 03:34:48.000,22.949,95.95,33.0,4.5,"49 km NNE of Shwebo, Myanmar",usp00059gt
1992-06-25 15:46:13.550,11.833,92.381,35.1,4.6,"39 km WNW of Bamboo Flat, India",usp00059nd
1992-07-02 22:10:26.990,24.253,94.594,154.5,3.8,"65 km SE of W?ngjing, India",usp0005a5q
1992-07-06 09:28:55.020,11.671,92.491,42.8,4.9,"24 km W of Bamboo Flat, India",usp0005ac9
1992-07-06 12:23:48.910,11.709,92.509,25.0,5.1,"22 km W of Bamboo Flat, India",usp0005acm
1992-07-06 16:31:59.970,18.072,94.308,33.0,4.6,"109 km WSW of Myanaung, Myanmar",usp0005acy
1992-07-08 10:09:48.250,21.056,93.686,42.7,5.2,"118 km W of Chauk, Myanmar",usp0005ag2
1992-07-13 10:44:48.160,18.868,95.517,33.0,4.3,"31 km E of Pyay, Myanmar",usp0005asp
1992-07-19 13:48:40.610,21.538,92.36,33.0,4.1,"37 km ENE of Cox’s B?z?r, Bangladesh",usp0005b4b
1992-07-24 06:24:17.620,29.288,90.198,33.0,4.8,"71 km NE of Jiangzi, China",usp0005bct
1992-07-30 08:24:46.650,29.584,90.163,14.1,6.1,"68 km SW of Dêqên, China",usp0005bqv
1992-07-30 09:07:39.190,29.899,90.272,33.0,4.2,"43 km W of Dêqên, China",usp0005bqx
1992-07-30 09:14:24.260,26.543,92.218,33.0,4.0,"7 km ENE of Kh?rupatia, India",usp0005bqy
1992-07-30 13:36:42.070,29.769,90.308,33.0,4.4,"45 km WSW of Dêqên, China",usp0005br9
1992-07-30 19:06:13.370,29.757,90.166,33.0,4.3,"58 km WSW of Dêqên, China",usp0005brn
1992-08-02 05:44:35.120,25.831,102.807,10.0,4.5,"88 km N of Kunming, China",usp0005bvb
1992-08-04 22:50:03.050,29.893,90.362,10.0,4.2,"35 km WSW of Dêqên, China",usp0005bzy
1992-08-06 22:16:32.120,14.561,97.026,24.1,4.0,"136 km WNW of Dawei, Myanmar",usp0005c31
1992-08-07 08:43:22.590,23.156,103.92,10.0,4.3,"40 km SW of Wenshan City, China",usp0005c3m
1992-08-08 12:07:48.710,25.394,91.912,49.5,4.3,"19 km S of Shillong, India",usp0005c5t
1992-08-08 19:50:42.630,29.871,90.271,33.0,4.3,"44 km WSW of Dêqên, China",usp0005c69
1992-08-21 21:57:29.850,22.576,93.541,33.0,4.3,"10 km SW of Hakha, Myanmar",usp0005cv1
1992-09-02 03:14:23.870,27.804,103.023,10.0,4.2,"75 km E of Xichang, China",usp0005deg
1992-09-06 23:07:34.680,24.554,94.999,122.2,4.5,"94 km E of W?ngjing, India",usp0005dp3
1992-09-08 15:19:14.380,28.725,95.004,10.0,4.7,"64 km NNE of Along, India",usp0005drm
1992-09-15 17:07:29.280,21.335,93.758,33.0,4.7,"120 km WNW of Chauk, Myanmar",usp0005e1d
1992-09-16 04:23:16.170,11.645,93.59,149.4,5.3,"92 km E of Port Blair, India",usp0005e24
1992-09-21 12:17:19.830,23.388,93.149,32.9,4.8,"2 km ENE of Khawhai, India",usp0005e9c
1992-09-25 09:44:10.990,23.738,98.329,33.0,4.4,"106 km NE of Lashio, Myanmar",usp0005efz
1992-09-28 17:22:50.170,10.365,94.559,33.0,4.2,"244 km SE of Port Blair, India",usp0005enk
1992-10-04 09:02:04.230,23.495,102.694,10.0,4.4,"49 km WNW of Gejiu, China",usp0005exh
1992-10-04 15:20:08.720,20.101,94.919,86.1,4.5,"5 km SSW of Magway, Myanmar",usp0005exw
1992-10-04 21:18:58.390,24.376,94.353,60.0,4.4,"37 km SE of W?ngjing, India",usp0005eyb
1992-10-15 20:11:34.480,10.994,93.55,33.0,4.4,"114 km SE of Port Blair, India",usp0005fcn
1992-10-17 08:45:54.680,25.714,99.491,21.6,4.3,"73 km W of Dali, China",usp0005ff0
1992-10-24 15:19:36.320,24.792,95.164,33.0,4.3,"113 km E of W?ngjing, India",usp0005fum
1992-10-28 07:02:09.310,19.004,96.277,33.8,5.4,"17 km WNW of Taungoo, Myanmar",usp0005fzd
1992-10-30 13:32:45.920,23.733,95.926,33.0,4.7,"108 km NNW of Mogok, Myanmar",usp0005g2s
1992-10-31 01:56:05.240,27.652,93.158,33.0,4.4,"67 km W of Ziro, India",usp0005g3n
1992-11-11 05:27:31.050,27.638,92.852,68.4,4.5,"59 km NE of Bomdila, India",usp0005gpd
1992-11-11 23:09:43.370,22.725,94.499,88.2,4.4,"86 km ESE of Falam, Myanmar",usp0005gqw
1992-11-22 11:42:46.400,20.365,94.34,67.5,5.2,"56 km WSW of Yenangyaung, Myanmar",usp0005h6j
1992-12-04 12:45:37.320,27.987,99.95,10.0,4.6,"29 km NE of Shangri-La, China",usp0005htm
1992-12-12 14:20:56.740,25.473,91.414,40.7,5.0,"15 km ESE of Nongstoin, India",usp0005j69
1992-12-16 14:38:31.220,23.444,92.562,33.0,4.1,"23 km NW of Thenzawl, India",usp0005jcb
1992-12-18 11:21:44.720,26.357,100.872,29.9,5.0,"85 km WSW of Dadukou, China",usp0005jfu
1992-12-22 00:19:18.360,25.209,95.34,33.0,4.0,Myanmar,usp0005jmr
1992-12-22 03:30:21.630,26.363,100.579,33.0,4.6,"66 km SSE of Lijiang, China",usp0005jn0
1992-12-26 12:02:01.790,21.036,94.782,120.1,4.0,"15 km NNW of Chauk, Myanmar",usp0005jw7
1992-12-30 13:39:22.100,10.989,94.651,59.9,4.2,"221 km ESE of Port Blair, India",usp0005k2n
1992-12-30 13:55:18.680,10.753,94.413,33.0,4.4,"208 km ESE of Port Blair, India",usp0005k2p
1992-12-31 00:32:55.060,10.663,94.5,33.0,4.7,"221 km ESE of Port Blair, India",usp0005k3g
1992-12-31 19:13:04.550,16.339,94.199,33.0,3.6,"74 km SW of Pathein, Myanmar",usp0005k54
1993-01-01 23:49:47.380,23.157,94.778,95.5,4.3,"65 km SE of Mawlaik, Myanmar",usp0005k70
1993-01-08 20:28:10.830,29.317,102.967,5.0,3.9,"81 km WSW of Leshan, China",usp0005kg8
1993-01-09 01:08:57.790,29.894,98.845,33.0,3.6,"210 km SE of Qamdo, China",usp0005kgk
1993-01-16 19:45:40.760,15.587,95.93,33.0,4.3,"81 km SSE of Pyapon, Myanmar",usp0005kv1
1993-01-23 09:39:28.930,25.79,95.662,108.7,4.5,"99 km ESE of Tuensang, India",usp0005m4m
1993-01-26 20:32:06.970,23.027,101.062,33.0,5.6,"119 km NNE of Jinghong, China",usp0005m9h
1993-01-26 20:46:36.930,22.956,101.071,33.0,4.5,"112 km NNE of Jinghong, China",usp0005m9j
1993-01-27 00:39:07.150,24.076,93.731,64.8,4.1,"29 km SSE of Chur?ch?ndpur, India",usp0005m9q
1993-01-27 05:00:13.290,22.91,100.979,33.0,4.7,"104 km NNE of Jinghong, China",usp0005m9v
1993-01-31 19:33:34.400,25.905,101.535,33.0,4.9,"73 km SSW of Dadukou, China",usp0005mfz
1993-02-01 11:50:34.560,25.99,101.203,10.0,4.5,"79 km SW of Dadukou, China",usp0005mgw
1993-02-01 21:39:47.650,10.943,93.741,163.8,4.2,"134 km SE of Port Blair, India",usp0005mhb
1993-02-04 03:23:22.740,23.048,94.428,133.5,3.7,"65 km S of Mawlaik, Myanmar",usp0005mkh
1993-02-05 22:57:23.540,29.248,100.779,10.0,3.9,"141 km SW of Kangding, China",usp0005mpb
1993-02-07 13:02:44.450,21.736,94.806,121.6,4.0,"52 km NNW of Pakokku, Myanmar",usp0005mrn
1993-02-10 00:28:26.770,12.598,93.563,79.7,4.6,"135 km NE of Bamboo Flat, India",usp0005mv5
1993-02-12 12:44:19.140,23.507,92.337,33.0,4.3,"45 km WSW of Aizawl, India",usp0005mz6
1993-02-14 16:48:26.120,22.422,94.917,33.0,4.5,"41 km NNW of Monywa, Myanmar",usp0005n37
1993-02-17 02:28:22.750,22.711,94.378,125.2,4.4,"75 km ESE of Falam, Myanmar",usp0005n74
1993-02-17 23:27:41.490,26.258,92.805,27.7,4.2,"28 km N of Hoj?i, India",usp0005n8n
1993-02-21 06:32:31.600,10.11,93.1,77.6,4.8,"176 km SSE of Port Blair, India",usp0005ndz
1993-03-03 05:17:31.010,25.419,90.23,33.0,4.5,"10 km SSE of Tura, India",usp0005nx8
1993-03-12 07:16:47.360,27.281,100.858,24.9,4.0,"77 km NE of Lijiang, China",usp0005pcq
1993-03-14 14:50:18.440,11.733,92.312,33.0,4.6,"44 km W of Bamboo Flat, India",usp0005pgg
1993-03-17 13:37:10.280,23.437,95.833,33.0,4.1,"90 km NW of Mogok, Myanmar",usp0005pp6
1993-03-18 23:00:45.100,23.93,94.209,92.5,4.6,"37 km NNW of Mawlaik, Myanmar",usp0005ps1
1993-03-18 23:31:51.990,29.835,99.352,33.0,4.3,"225 km N of Shangri-La, China",usp0005ps4
1993-03-19 15:53:52.840,12.147,95.082,24.7,5.3,"259 km ENE of Port Blair, India",usp0005ptg
1993-03-24 14:24:08.140,20.024,93.308,33.0,4.3,"44 km ESE of Sittwe, Myanmar",usp0005q1x
1993-03-27 09:42:59.110,24.68,95.1,114.7,5.0,"105 km E of W?ngjing, India",usp0005q75
1993-03-29 01:17:29.170,21.868,103.099,33.0,4.6,"53 km N of Dien Bien Phu, Vietnam",usp0005qa9
1993-03-29 05:45:15.840,27.7,102.821,33.0,4.2,"59 km ESE of Xichang, China",usp0005qat
1993-03-30 13:57:09.190,21.883,103.074,33.0,4.4,"55 km N of Dien Bien Phu, Vietnam",usp0005qd8
1993-04-01 14:01:23.010,29.241,102.015,5.0,3.8,"84 km S of Kangding, China",usp0005qgd
1993-04-01 16:30:11.120,23.232,94.498,104.7,5.1,"46 km SSE of Mawlaik, Myanmar",usp0005qgn
1993-04-01 18:41:35.020,23.149,94.445,91.3,4.6,"54 km S of Mawlaik, Myanmar",usp0005qgt
1993-04-02 21:09:51.530,24.815,96.576,33.0,4.4,"91 km NW of Bhamo, Myanmar",usp0005qjg
1993-04-04 11:20:16.340,27.443,99.504,10.0,3.6,"46 km SSW of Shangri-La, China",usp0005qn6
1993-04-08 22:50:40.000,28.023,100.876,10.0,4.2,"117 km E of Shangri-La, China",usp0005qwa
1993-04-09 14:37:35.980,27.91,101.071,10.0,4.3,"117 km W of Xichang, China",usp0005qxf
1993-04-09 16:24:15.100,13.181,92.941,33.0,4.5,"165 km N of Bamboo Flat, India",usp0005qxk
1993-04-10 03:13:06.350,28.041,101.228,10.0,4.4,"103 km W of Xichang, China",usp0005qyf
1993-04-10 04:23:08.660,27.794,100.19,10.0,3.6,"47 km E of Shangri-La, China",usp0005qyh
1993-04-11 05:34:27.950,23.926,94.126,74.5,4.6,"42 km NW of Mawlaik, Myanmar",usp0005r07
1993-04-12 00:36:46.630,27.924,100.976,10.0,3.8,"125 km E of Shangri-La, China",usp0005r1e
1993-04-12 03:48:10.640,28.704,95.38,17.3,4.5,"Arunachal Pradesh, India",usp0005r1p
1993-04-12 06:54:43.690,28.038,100.842,10.0,4.2,"114 km ENE of Shangri-La, China",usp0005r1w
1993-04-13 15:59:36.730,22.351,94.197,85.0,4.7,"68 km ESE of Hakha, Myanmar",usp0005r3y
1993-04-13 20:47:08.670,26.36,96.232,85.5,4.3,"60 km WNW of Sarupathar, India",usp0005r4c
1993-04-14 06:18:17.960,24.598,94.697,125.4,4.3,"64 km E of W?ngjing, India",usp0005r50
1993-04-14 20:04:09.990,26.519,96.479,22.8,4.6,"47 km NW of Sarupathar, India",usp0005r67
1993-04-18 03:33:29.400,13.06,95.193,27.1,4.9,"Andaman Islands, India region",usp0005rbx
1993-04-18 04:55:40.000,11.997,95.026,23.7,5.2,"251 km E of Port Blair, India",usp0005rc0
1993-04-19 02:46:01.710,24.622,95.952,33.0,4.3,"136 km WNW of Bhamo, Myanmar",usp0005rdh
1993-04-27 12:12:46.050,12.302,95.203,33.0,4.7,"276 km ENE of Port Blair, India",usp0005rup
1993-04-27 13:59:17.970,12.292,95.193,33.0,4.7,"275 km ENE of Port Blair, India",usp0005ruu
1993-05-01 13:45:45.250,24.471,95.797,39.6,4.0,"147 km W of Bhamo, Myanmar",usp0005s23
1993-05-03 23:36:08.850,29.762,98.066,10.0,5.1,"173 km SSE of Qamdo, China",usp0005s5u
1993-05-08 08:46:38.050,28.731,95.872,33.0,4.7,"91 km NE of P?sigh?t, India",usp0005sdr
1993-05-11 14:35:42.520,27.807,99.478,33.0,4.6,"22 km W of Shangri-La, China",usp0005skv
1993-05-14 02:39:15.650,20.62,94.845,33.0,4.4,"17 km N of Yenangyaung, Myanmar",usp0005srr
1993-05-18 22:31:07.280,16.55,94.533,33.0,3.9,"33 km SW of Pathein, Myanmar",usp0005t2c
1993-05-24 05:02:28.720,28.835,96.082,33.0,5.0,"95 km NNW of Hayuliang, India",usp0005tcj
1993-05-27 17:50:34.090,21.849,93.547,48.3,4.7,"88 km S of Hakha, Myanmar",usp0005tk8
1993-05-28 14:20:28.620,26.795,93.301,33.0,4.6,"32 km WSW of Gohpur, India",usp0005tmx
1993-05-30 08:32:26.090,23.295,100.371,33.0,4.6,"139 km SW of Jianshui, China",usp0005trh
1993-06-03 01:15:37.080,23.417,99.997,10.0,4.7,"157 km SW of Jianshui, China",usp0005txv
1993-06-04 01:04:01.470,23.721,100.29,10.0,4.5,"113 km WSW of Jianshui, China",usp0005tz8
1993-06-10 20:38:29.530,23.738,100.323,10.0,4.6,"109 km WSW of Jianshui, China",usp0005ubn
1993-06-11 23:27:21.210,22.929,99.12,33.0,4.4,"140 km E of Lashio, Myanmar",usp0005udv
1993-06-18 15:28:20.570,14.595,95.45,33.0,4.5,"188 km S of Bogale, Myanmar",usp0005ut3
1993-06-23 17:19:26.750,27.529,92.616,33.0,4.6,"34 km NNE of Bomdila, India",usp0005v2d
1993-06-24 21:59:06.600,24.558,95.595,33.0,4.3,"155 km E of W?ngjing, India",usp0005v4f
1993-06-28 08:08:36.510,14.129,93.766,33.0,4.8,"291 km NNE of Bamboo Flat, India",usp0005van
1993-07-05 21:01:14.610,29.018,104.585,10.0,3.7,"29 km N of Yibin, China",usp0005vnm
1993-07-05 21:07:15.520,28.994,104.55,10.0,4.1,"27 km NNW of Yibin, China",usp0005vnn
1993-07-08 10:09:57.630,28.889,102.395,33.0,4.0,"110 km N of Xichang, China",usp0005vt8
1993-07-10 03:14:35.730,29.264,104.137,10.0,4.0,"17 km SE of Luocheng, China",usp0005vwb
1993-07-14 04:49:36.560,23.144,93.888,68.9,4.7,"33 km NE of Falam, Myanmar",usp0005w7x
1993-07-17 09:46:34.670,28.011,99.636,30.8,5.4,"21 km NNW of Shangri-La, China",usp0005wr3
1993-07-18 02:36:30.190,18.034,95.0,33.0,4.1,"43 km SW of Myanaung, Myanmar",usp0005wvd
1993-07-19 11:18:11.760,27.955,99.541,33.0,3.8,"21 km NW of Shangri-La, China",usp0005wyh
1993-07-29 12:23:10.000,28.58,99.48,33.0,4.5,"86 km NNW of Shangri-La, China",usp0005xkw
1993-07-31 19:29:21.770,27.976,91.944,33.0,4.4,"44 km N of Tawang, India",usp0005xre
1993-08-02 14:41:45.030,22.812,93.567,74.5,4.8,"15 km SW of Falam, Myanmar",usp0005xuj
1993-08-07 08:36:09.870,29.016,103.85,33.0,4.7,"44 km SSW of Luocheng, China",usp0005y24
1993-08-10 06:46:21.890,24.987,102.069,10.0,4.5,"36 km NNW of Longquan, China",usp0005y82
1993-08-11 01:07:33.770,23.658,100.284,10.0,4.2,"117 km SW of Jianshui, China",usp0005yah
1993-08-14 14:30:04.660,25.44,101.545,33.0,5.2,"105 km NW of Longquan, China",usp0005yhx
1993-08-17 22:56:44.450,26.089,95.665,105.7,4.3,"86 km ESE of Tuensang, India",usp0005yrp
1993-08-23 18:53:39.490,10.255,93.965,33.0,4.6,"205 km SE of Port Blair, India",usp0005z2r
1993-08-23 19:05:33.940,10.479,94.309,19.9,4.7,"215 km SE of Port Blair, India",usp0005z2s
1993-08-23 19:09:57.570,10.257,93.77,20.5,4.6,"191 km SE of Port Blair, India",usp0005z2t
1993-08-23 19:23:34.780,10.302,94.087,33.0,4.7,"210 km SE of Port Blair, India",usp0005z2u
1993-08-23 19:36:20.050,10.421,94.139,19.3,4.8,"205 km SE of Port Blair, India",usp0005z2v
1993-08-23 19:45:10.040,10.302,94.156,22.7,4.5,"215 km SE of Port Blair, India",usp0005z2x
1993-08-23 20:10:38.910,10.315,94.077,21.4,4.7,"208 km SE of Port Blair, India",usp0005z31
1993-08-23 20:46:01.090,10.218,94.295,22.5,4.6,"233 km SE of Port Blair, India",usp0005z34
1993-08-23 21:35:43.700,10.463,94.262,25.1,4.6,"212 km SE of Port Blair, India",usp0005z39
1993-08-23 23:20:35.050,10.418,94.179,20.4,4.8,"208 km SE of Port Blair, India",usp0005z3d
1993-08-24 00:01:30.450,10.419,94.217,28.9,4.6,"211 km SE of Port Blair, India",usp0005z3g
1993-08-24 03:37:44.220,10.379,94.253,33.0,4.4,"217 km SE of Port Blair, India",usp0005z3n
1993-08-24 03:56:46.200,10.364,94.187,33.0,4.7,"213 km SE of Port Blair, India",usp0005z3q
1993-08-24 21:57:30.150,10.339,94.207,33.0,4.2,"216 km SE of Port Blair, India",usp0005z56
1993-08-24 21:58:10.140,10.263,93.777,19.6,4.8,"191 km SE of Port Blair, India",usp0005z57
1993-08-24 22:52:21.300,10.209,93.847,22.9,4.9,"201 km SE of Port Blair, India",usp0005z59
1993-08-24 23:18:39.670,10.203,93.786,21.7,4.7,"197 km SE of Port Blair, India",usp0005z5a
1993-08-24 23:35:55.680,10.351,93.731,22.3,4.8,"180 km SE of Port Blair, India",usp0005z5b
1993-08-25 07:22:50.970,10.3,94.043,33.0,4.6,"207 km SE of Port Blair, India",usp0005z5u
1993-08-26 18:00:46.650,10.253,94.121,33.0,4.4,"216 km SE of Port Blair, India",usp0005z99
1993-08-26 18:33:59.960,10.44,94.231,33.0,4.0,"211 km SE of Port Blair, India",usp0005z9b
1993-08-27 03:01:35.880,10.257,94.095,33.0,4.5,"214 km SE of Port Blair, India",usp0005za5
1993-08-27 11:45:50.550,23.082,95.878,33.0,4.4,"59 km NNE of Shwebo, Myanmar",usp0005zav
1993-09-01 08:22:43.330,27.546,97.152,59.2,4.7,"83 km SE of Hayuliang, India",usp0005zjp
1993-09-06 20:14:04.380,23.503,94.212,84.8,4.7,"25 km SW of Mawlaik, Myanmar",usp0005zuu
1993-09-11 07:22:11.950,10.263,94.06,33.0,4.4,"211 km SE of Port Blair, India",usp000604k
1993-09-13 19:37:09.900,10.041,94.11,33.0,3.9,"233 km SE of Port Blair, India",usp000609h
1993-09-13 20:05:48.000,10.284,94.093,33.0,4.4,"212 km SE of Port Blair, India",usp000609j
1993-09-19 20:14:14.940,22.131,101.943,33.0,4.4,"52 km NNW of Phôngsali, Laos",usp00060n5
1993-09-20 07:40:54.980,27.821,92.938,33.0,4.7,"79 km NE of Bomdila, India",usp00060p3
1993-09-28 20:44:22.510,23.34,100.76,10.0,3.8,"114 km SSW of Jianshui, China",usp000616d
1993-09-30 17:04:45.810,11.815,92.529,22.5,5.3,"24 km WNW of Bamboo Flat, India",usp000619g
1993-10-02 23:04:46.490,25.147,96.326,33.0,4.0,"110 km WSW of Myitkyina, Myanmar",usp00061d2
1993-10-04 18:55:35.690,10.378,94.243,33.0,4.4,"216 km SE of Port Blair, India",usp00061g0
1993-10-05 00:22:40.500,10.401,94.254,28.3,4.7,"216 km SE of Port Blair, India",usp00061g9
1993-10-06 15:19:26.400,26.304,102.284,10.0,4.1,"63 km ESE of Dadukou, China",usp00061k5
1993-10-13 23:34:21.410,28.629,103.419,33.0,5.0,"102 km SW of Luocheng, China",usp00061yj
1993-10-18 03:06:59.490,23.626,100.34,10.0,4.2,"115 km SW of Jianshui, China",usp0006260
1993-10-21 13:53:24.600,11.729,92.453,33.0,4.5,"28 km W of Bamboo Flat, India",usp00062cy
1993-10-23 03:58:38.230,21.54,104.872,33.0,4.1,"20 km SSW of Yên Bái, Vietnam",usp00062gd
1993-11-07 19:09:42.330,24.578,104.478,33.0,3.7,"72 km E of Zhongshu, China",usp00063ay
1993-11-17 19:26:12.160,24.385,94.703,112.5,4.1,"68 km ESE of W?ngjing, India",usp00063ub
1993-11-19 11:48:09.610,29.162,104.149,10.0,4.2,"27 km SSE of Luocheng, China",usp00063x0
1993-11-26 03:58:27.420,13.552,93.669,67.1,4.8,"229 km NNE of Bamboo Flat, India",usp0006488
1993-11-27 09:59:57.190,14.341,96.393,33.0,4.2,"196 km W of Dawei, Myanmar",usp00064ag
1993-11-30 11:27:10.520,11.136,95.185,33.0,4.6,"272 km ESE of Port Blair, India",usp00064fc
1993-12-02 22:04:38.490,24.868,95.794,33.0,4.9,"157 km SE of Phek, India",usp00064jv
1993-12-09 18:26:18.210,25.955,96.504,33.0,4.7,"41 km SW of Sarupathar, India",usp00064x5
1993-12-12 23:34:18.050,27.263,92.076,33.0,4.9,"34 km W of Bomdila, India",usp000652a
1993-12-15 01:02:50.280,23.194,94.017,130.9,4.1,"46 km NE of Falam, Myanmar",usp0006556
1993-12-17 11:33:52.000,27.344,100.711,33.0,3.8,"71 km NE of Lijiang, China",usp000658r
1993-12-20 18:36:41.930,22.47,93.837,84.0,4.3,"30 km SE of Hakha, Myanmar",usp00065d8
1993-12-21 10:04:05.480,22.217,103.25,10.0,4.3,"62 km WSW of Sa Pa, Vietnam",usp00065e0
1993-12-22 04:09:55.170,24.414,94.361,132.5,4.6,"35 km ESE of W?ngjing, India",usp00065ey
1993-12-31 08:54:00.410,29.332,95.291,33.0,4.8,"126 km NE of Shi Yomi, India",usp00065va
1994-01-04 16:51:22.250,26.37,95.939,88.1,4.5,"80 km SSE of Khonsa, India",usp000660n
1994-01-05 06:15:54.260,27.012,96.584,33.0,4.1,"92 km NNW of Sarupathar, India",usp000661t
1994-01-11 00:34:55.090,25.269,97.093,33.0,3.8,"33 km WSW of Myitkyina, Myanmar",usp00066ac
1994-01-11 00:51:56.380,25.231,97.203,9.9,6.1,"25 km SW of Myitkyina, Myanmar",usp00066ad
1994-01-11 02:18:05.760,25.223,97.128,31.5,4.6,"32 km WSW of Myitkyina, Myanmar",usp00066ag
1994-01-12 00:27:16.880,25.138,97.261,33.0,3.9,"30 km SSW of Myitkyina, Myanmar",usp00066bj
1994-01-18 03:04:29.820,28.983,103.899,10.0,4.2,"46 km SSW of Luocheng, China",usp00066sf
1994-01-20 23:30:41.800,25.17,93.513,33.0,4.7,"40 km E of Mahur, India",usp000673s
1994-01-29 18:28:34.230,24.643,94.723,93.7,4.5,"67 km E of W?ngjing, India",usp00067qg
1994-02-08 05:36:45.340,10.533,93.76,27.2,4.8,"167 km SE of Port Blair, India",usp0006874
1994-03-11 06:23:30.660,22.166,93.111,34.1,4.6,"38 km SSE of Saiha, India",usp00069ht
1994-03-17 17:34:28.110,23.544,100.301,33.0,4.0,"124 km SW of Jianshui, China",usp00069u3
1994-03-21 06:13:33.800,11.592,95.027,33.0,4.7,"248 km E of Port Blair, India",usp00069z5
1994-03-24 13:51:31.430,26.371,91.27,33.0,4.3,"26 km ENE of Barpeta, India",usp0006a3z
1994-03-27 14:31:06.990,24.541,96.025,33.0,4.6,"126 km WNW of Bhamo, Myanmar",usp0006a9a
1994-03-28 15:43:59.340,10.644,91.595,33.0,4.5,"169 km SW of Port Blair, India",usp0006aaj
1994-03-29 06:54:21.830,26.687,96.508,94.4,4.5,"61 km NNW of Sarupathar, India",usp0006ab9
1994-04-06 07:03:27.610,26.188,96.867,33.0,5.9,"6 km ESE of Sarupathar, India",usp0006aqe
1994-04-06 07:16:59.920,26.232,96.749,33.0,4.7,"6 km WNW of Sarupathar, India",usp0006aqf
1994-04-09 11:19:30.400,24.639,94.788,90.3,5.1,"73 km E of W?ngjing, India",usp0006avq
1994-04-10 06:58:15.310,11.86,92.888,33.0,4.3,"25 km NE of Bamboo Flat, India",usp0006awc
1994-04-10 10:11:23.130,10.196,94.291,33.0,4.5,"234 km SE of Port Blair, India",usp0006awp
1994-04-14 17:32:43.580,24.978,95.539,182.9,5.0,Myanmar,usp0006b3e
1994-04-15 14:28:48.780,25.927,90.488,33.0,4.2,"21 km ESE of Lakhipur, India",usp0006b52
1994-04-18 14:40:56.300,26.3,92.955,33.0,3.7,"34 km NNE of Hoj?i, India",usp0006b9b
1994-04-19 23:39:06.230,10.851,93.609,144.3,4.8,"130 km SE of Port Blair, India",usp0006bbg
1994-04-27 16:14:57.080,29.336,103.751,10.0,4.4,"25 km S of Leshan, China",usp0006br5
1994-05-05 06:04:02.290,25.895,95.643,104.0,4.8,"91 km ESE of Tuensang, India",usp0006c43
1994-05-05 10:43:02.460,24.802,94.548,76.3,5.0,"52 km ENE of Yairipok, India",usp0006c4k
1994-05-06 17:52:39.610,26.382,93.609,33.0,4.3,"28 km S of Bok?kh?t, India",usp0006c6j
1994-05-07 19:55:54.870,18.343,99.174,33.0,3.6,"13 km SSE of Mae Tha, Thailand",usp0006c88
1994-05-17 09:02:55.680,25.474,94.987,33.0,4.0,"53 km ESE of Phek, India",usp0006cq1
1994-05-25 19:39:32.920,10.599,94.931,41.7,4.8,"266 km ESE of Port Blair, India",usp0006d49
1994-05-26 06:13:58.540,10.632,94.219,33.0,4.6,"197 km SE of Port Blair, India",usp0006d5d
1994-05-26 07:16:43.810,10.585,94.408,33.0,4.5,"217 km ESE of Port Blair, India",usp0006d5f
1994-05-28 07:12:30.320,24.585,94.494,98.8,4.7,"43 km E of W?ngjing, India",usp0006d9q
1994-05-29 14:11:50.960,20.556,94.16,35.6,6.5,"74 km W of Yenangyaung, Myanmar",usp0006dbh
1994-05-29 14:35:54.070,20.477,93.994,33.0,4.6,"91 km W of Yenangyaung, Myanmar",usp0006dbj
1994-05-29 14:52:58.660,20.53,94.144,33.0,4.6,"76 km W of Yenangyaung, Myanmar",usp0006dbk
1994-06-01 02:15:21.410,22.916,92.868,33.0,4.4,"13 km ENE of Lunglei, India",usp0006dfk
1994-06-02 13:26:08.870,25.21,94.961,102.3,4.5,"68 km SE of Phek, India",usp0006dj8
1994-06-09 22:53:03.730,24.375,92.282,33.0,4.4,"11 km E of Dharmanagar, India",usp0006e0t
1994-06-15 22:16:12.540,20.65,94.052,76.2,4.8,"84 km WSW of Chauk, Myanmar",usp0006ebt
1994-06-25 04:18:20.940,28.345,94.673,33.0,4.0,"23 km NNW of Along, India",usp0006esr
1994-07-05 11:59:12.260,23.406,100.369,33.0,4.9,"130 km SW of Jianshui, China",usp0006f78
1994-07-24 23:39:06.650,25.018,92.641,33.0,4.7,"17 km NNE of Badarpur, India",usp0006g38
1994-08-03 14:59:57.570,21.514,93.981,34.1,5.8,"110 km NW of Chauk, Myanmar",usp0006gg9
1994-08-05 11:19:10.410,26.651,92.522,33.0,4.8,"7 km SE of Dhekiajuli, India",usp0006gjn
1994-08-08 21:08:31.660,24.721,95.2,121.7,6.1,"115 km E of W?ngjing, India",usp0006gqk
1994-08-09 22:09:05.570,10.572,94.549,33.0,4.8,"231 km ESE of Port Blair, India",usp0006grw
1994-08-09 22:59:15.930,10.141,94.002,33.0,4.7,"217 km SE of Port Blair, India",usp0006gry
1994-08-09 23:26:22.070,10.71,94.458,33.0,5.1,"214 km ESE of Port Blair, India",usp0006grz
1994-08-09 23:28:53.650,10.471,94.546,33.0,4.8,"236 km SE of Port Blair, India",usp0006gs0
1994-08-09 23:34:56.700,10.634,94.382,33.0,5.5,"212 km ESE of Port Blair, India",usp0006gs1
1994-08-10 01:39:29.600,10.517,94.36,33.0,5.4,"217 km SE of Port Blair, India",usp0006gs5
1994-08-19 21:02:45.620,17.974,96.415,12.3,5.8,"32 km W of Nyaunglebin, Myanmar",usp0006h6h
1994-09-03 15:46:13.060,24.805,94.564,86.3,4.7,"54 km ENE of Yairipok, India",usp0006hx6
1994-09-11 01:32:03.230,19.586,99.516,33.0,5.2,"41 km NW of Mae Chai, Thailand",usp0006j7k
1994-09-19 15:28:40.400,23.693,100.272,33.0,4.8,"116 km SW of Jianshui, China",usp0006jq3
1994-09-23 17:46:47.440,22.166,98.52,33.0,4.5,"116 km SE of Lashio, Myanmar",usp0006jx0
1994-09-28 04:04:30.370,25.63,90.647,10.0,4.0,"46 km ENE of Tura, India",usp0006k4c
1994-10-18 17:00:03.820,24.21,94.639,86.9,4.5,"67 km NNE of Mawlaik, Myanmar",usp0006mar
1994-10-18 20:45:02.380,24.163,94.497,92.2,4.8,"58 km N of Mawlaik, Myanmar",usp0006may
1994-10-24 16:06:37.060,27.168,92.361,33.0,4.2,"12 km SSW of Bomdila, India",usp0006mn6
1994-10-25 07:29:06.150,27.136,92.295,33.0,4.9,"19 km SW of Bomdila, India",usp0006mp8
1994-10-25 12:58:36.930,23.154,99.369,44.3,4.2,"167 km E of Lashio, Myanmar",usp0006mpu
1994-11-02 09:51:18.630,24.846,95.311,144.1,4.8,"122 km SE of Phek, India",usp0006n1g
1994-11-07 10:59:22.440,10.215,93.774,33.0,5.1,"195 km SE of Port Blair, India",usp0006n7e
1994-11-07 22:40:53.480,23.715,100.343,33.0,4.0,"109 km SW of Jianshui, China",usp0006n88
1994-11-14 23:53:06.210,11.934,93.766,140.7,4.6,"115 km ENE of Port Blair, India",usp0006nnc
1994-11-21 08:16:34.070,25.54,96.657,14.0,5.9,"75 km SSW of Sarupathar, India",usp0006p03
1994-11-22 00:16:38.090,24.995,96.192,96.9,4.2,"128 km WSW of Myitkyina, Myanmar",usp0006p13
1994-11-22 12:09:56.830,14.161,96.045,33.0,4.6,"231 km W of Dawei, Myanmar",usp0006p24
1994-11-22 15:38:35.000,13.661,95.689,33.0,5.3,"274 km W of Dawei, Myanmar",usp0006p2h
1994-11-25 21:02:08.280,21.509,93.27,33.0,4.7,"112 km SSE of Saiha, India",usp0006p86
1994-12-06 23:35:15.160,28.964,94.654,10.0,4.9,"55 km NNE of Shi Yomi, India",usp0006prj
1994-12-22 22:50:16.600,10.594,93.116,121.2,4.3,"125 km SSE of Port Blair, India",usp0006qbb
1994-12-29 02:03:27.870,13.004,93.473,33.0,5.1,"166 km NNE of Bamboo Flat, India",usp0006qjy
1994-12-29 18:58:30.460,29.079,103.79,33.0,5.1,"41 km SW of Luocheng, China",usp0006qks
1994-12-29 19:39:35.120,12.281,92.287,33.0,4.6,"79 km NW of Bamboo Flat, India",usp0006qku
1995-01-04 11:51:33.960,28.867,103.629,33.0,4.3,"69 km SW of Luocheng, China",usp0006qv7
1995-01-05 00:34:56.890,29.094,103.945,33.0,4.4,"33 km SSW of Luocheng, China",usp0006qvq
1995-01-14 18:51:01.170,22.261,94.345,86.8,4.4,"83 km WNW of Monywa, Myanmar",usp0006rb4
1995-01-17 11:18:22.830,24.124,93.581,61.5,4.7,"24 km SSW of Chur?ch?ndpur, India",usp0006rg3
1995-01-19 14:54:19.170,28.597,103.437,33.0,4.3,"104 km SSW of Luocheng, China",usp0006rkp
1995-01-22 11:48:01.160,11.503,92.377,33.0,4.6,"42 km WSW of Bamboo Flat, India",usp0006rqx
1995-01-23 09:27:17.410,19.486,96.211,33.0,5.1,"27 km S of Pyinmana, Myanmar",usp0006rsf
1995-01-27 19:27:05.970,24.089,94.335,52.0,4.2,"49 km N of Mawlaik, Myanmar",usp0006rz7
1995-01-30 22:02:12.110,18.62,93.767,33.0,5.0,"155 km W of Pyay, Myanmar",usp0006s4e
1995-02-08 16:31:08.420,25.065,95.109,69.6,4.4,"90 km SE of Phek, India",usp0006sk5
1995-02-10 05:43:45.850,26.103,96.193,93.4,4.0,"62 km W of Sarupathar, India",usp0006spk
1995-02-17 02:44:25.050,27.635,92.371,39.3,5.5,"41 km N of Bomdila, India",usp0006t34
1995-02-18 00:14:42.930,22.943,99.482,33.0,4.8,"166 km NW of Jinghong, China",usp0006t4n
1995-02-26 15:17:54.430,20.417,91.682,33.0,3.8,"80 km SW of Tekn?f, Bangladesh",usp0006tjw
1995-03-04 00:02:40.820,25.97,96.72,33.0,3.8,"27 km SSW of Sarupathar, India",usp0006ts4
1995-03-05 07:00:00.440,24.67,99.965,33.0,3.8,"104 km SSW of Dali, China",usp0006tu9
1995-03-06 23:43:27.460,20.586,93.602,40.0,4.4,"88 km ENE of Sittwe, Myanmar",usp0006twc
1995-03-11 12:23:17.400,23.829,94.246,135.7,4.4,"26 km NW of Mawlaik, Myanmar",usp0006u25
1995-03-13 09:05:16.720,22.035,94.531,137.6,4.3,"62 km W of Monywa, Myanmar",usp0006u4w
1995-03-16 22:00:14.840,11.008,93.639,137.8,4.5,"121 km SE of Port Blair, India",usp0006u9s
1995-03-20 03:12:37.760,22.392,94.116,106.8,4.1,"59 km ESE of Hakha, Myanmar",usp0006ueq
1995-03-20 22:32:57.440,10.261,93.428,33.0,4.7,"172 km SSE of Port Blair, India",usp0006ug7
1995-03-26 18:22:35.180,27.642,92.399,33.0,4.7,"41 km N of Bomdila, India",usp0006usq
1995-03-29 02:46:23.720,24.655,94.273,33.0,4.6,"22 km ENE of W?ngjing, India",usp0006uvx
1995-03-30 02:15:35.200,12.969,93.188,52.6,4.6,"149 km NNE of Bamboo Flat, India",usp0006ux6
1995-04-04 05:46:14.450,25.086,96.107,20.0,4.7,"134 km WSW of Myitkyina, Myanmar",usp0006v44
1995-04-05 05:05:00.140,25.99,102.637,25.0,4.3,"105 km N of Kunming, China",usp0006v6n
1995-04-09 10:16:39.080,24.44,94.607,38.6,4.6,"57 km ESE of W?ngjing, India",usp0006vdt
1995-04-10 09:34:29.450,24.468,94.579,33.0,4.3,"53 km ESE of W?ngjing, India",usp0006vf2
1995-04-21 22:01:01.160,24.671,94.771,43.5,4.4,"72 km E of W?ngjing, India",usp0006w30
1995-04-24 16:13:11.480,22.736,102.906,33.0,5.2,"73 km SSW of Gejiu, China",usp0006w9n
1995-04-26 03:46:32.890,28.895,103.778,33.0,4.9,"59 km SSW of Luocheng, China",usp0006wcr
1995-04-28 08:03:09.650,24.809,95.307,136.9,4.4,"125 km SE of Phek, India",usp0006wfu
1995-04-30 12:26:08.360,10.321,94.155,16.9,4.2,"214 km SE of Port Blair, India",usp0006wm1
1995-04-30 14:36:05.330,11.005,93.463,132.2,4.1,"107 km SE of Port Blair, India",usp0006wm7
1995-04-30 19:22:39.310,12.41,95.421,33.0,4.1,"Andaman Islands, India region",usp0006wmp
1995-05-03 01:33:03.100,13.386,96.971,33.0,4.3,"152 km WSW of Dawei, Myanmar",usp0006wrf
1995-05-03 02:06:14.310,11.806,92.878,33.0,4.5,"21 km NE of Port Blair, India",usp0006wrg
1995-05-04 13:26:40.360,25.325,95.014,164.6,4.5,"64 km SE of Phek, India",usp0006wuq
1995-05-06 01:59:07.130,24.987,95.294,117.5,6.4,"109 km SE of Phek, India",usp0006wyk
1995-05-06 02:30:55.070,24.905,95.142,120.4,4.5,"106 km SE of Phek, India",usp0006wym
1995-05-08 05:20:28.380,29.316,104.007,33.0,4.3,"7 km SSW of Luocheng, China",usp0006x2c
1995-05-08 23:25:37.560,24.839,95.059,117.5,4.7,"103 km E of Yairipok, India",usp0006x3m
1995-05-09 09:54:20.190,25.29,95.155,91.8,5.2,"77 km ESE of Phek, India",usp0006x4b
1995-05-10 00:51:01.780,24.17,95.421,100.0,3.8,"118 km ENE of Mawlaik, Myanmar",usp0006x57
1995-05-12 03:43:49.030,23.688,100.415,33.0,4.8,"105 km SW of Jianshui, China",usp0006x71
1995-05-13 06:35:10.750,22.785,94.51,108.7,4.5,"86 km E of Falam, Myanmar",usp0006x8r
1995-05-13 11:57:12.830,10.31,92.935,33.0,4.8,"151 km S of Port Blair, India",usp0006x9k
1995-05-16 21:48:05.830,17.899,96.457,11.4,6.1,"28 km WSW of Nyaunglebin, Myanmar",usp0006xgf
1995-05-21 21:37:09.660,25.055,95.254,107.5,4.9,"101 km SE of Phek, India",usp0006xu5
1995-05-28 23:20:06.980,29.624,99.127,33.0,4.5,"207 km NNW of Shangri-La, China",usp0006y83
1995-05-29 01:28:09.080,18.898,97.803,33.0,4.0,"47 km SSW of Mae Hong Son, Thailand",usp0006y89
1995-05-30 23:43:51.820,27.141,95.659,33.0,4.9,"15 km S of Margherita, India",usp0006ybu
1995-05-31 08:29:20.730,14.145,96.053,33.0,4.3,"231 km W of Dawei, Myanmar",usp0006ycj
1995-05-31 23:13:23.220,15.641,93.865,33.0,4.6,"156 km SW of Pathein, Myanmar",usp0006ydh
1995-06-03 11:29:25.280,28.08,102.897,33.0,4.3,"65 km ENE of Xichang, China",usp0006yh0
1995-06-07 17:27:22.080,23.858,94.532,86.1,4.6,"27 km NNE of Mawlaik, Myanmar",usp0006yr9
1995-06-17 21:09:20.600,23.112,94.105,33.0,4.9,"49 km ENE of Falam, Myanmar",usp0006za8
1995-06-21 03:15:57.560,20.106,103.238,10.0,4.2,"72 km N of Muang Phônsavan, Laos",usp0006zfx
1995-06-21 09:07:01.660,20.349,103.252,33.0,4.4,"83 km W of Xam Nua, Laos",usp0006zg9
1995-06-26 07:21:03.390,23.632,94.64,116.0,4.5,"24 km E of Mawlaik, Myanmar",usp0006zqn
1995-06-27 05:48:25.150,26.209,96.342,33.0,4.6,"46 km W of Sarupathar, India",usp0006zsa
1995-06-28 20:04:28.380,28.362,91.893,28.4,4.4,"87 km N of Tawang, India",usp0006zur
1995-06-29 23:03:46.230,21.925,98.943,33.0,4.9,"166 km SE of Lashio, Myanmar",usp0006zwz
1995-07-03 00:59:47.960,27.361,92.42,33.0,4.7,"10 km N of Bomdila, India",usp000701u
1995-07-05 09:33:35.770,23.277,94.047,33.0,4.3,"54 km SW of Mawlaik, Myanmar",usp0007060
1995-07-09 20:31:31.470,21.984,99.159,10.1,5.9,"162 km W of Jinghong, China",usp00070dk
1995-07-09 20:33:32.540,21.725,99.086,10.0,5.0,"163 km NNW of Tachilek, Myanmar",usp00070dm
1995-07-09 21:29:14.730,21.885,99.116,10.0,4.9,"167 km W of Jinghong, China",usp00070dq
1995-07-10 22:43:16.070,21.984,99.119,10.0,4.7,"166 km W of Jinghong, China",usp00070ey
1995-07-11 19:28:41.510,24.215,94.527,163.2,4.3,"62 km SE of W?ngjing, India",usp00070g1
1995-07-11 21:46:39.780,21.966,99.196,12.5,6.8,"158 km W of Jinghong, China",usp00070g4
1995-07-11 22:20:33.410,22.69,100.099,10.0,4.2,"101 km NW of Jinghong, China",usp00070g5
1995-07-11 22:37:07.190,21.808,98.945,10.0,4.5,"175 km SE of Lashio, Myanmar",usp00070g7
1995-07-11 23:16:16.840,21.467,98.548,10.0,4.4,Myanmar,usp00070g8
1995-07-12 03:57:00.450,21.123,99.034,10.0,4.2,"115 km NW of Tachilek, Myanmar",usp00070gd
1995-07-12 06:02:56.150,21.886,99.157,10.0,4.3,"163 km W of Jinghong, China",usp00070gn
1995-07-12 08:14:33.870,22.041,99.309,10.0,4.2,"147 km W of Jinghong, China",usp00070gr
1995-07-12 09:44:53.130,21.841,99.161,10.0,4.3,"163 km W of Jinghong, China",usp00070gu
1995-07-14 07:29:36.950,21.806,99.115,10.0,4.6,"168 km W of Jinghong, China",usp00070jq
1995-07-18 11:14:07.200,21.844,99.038,10.0,4.0,"175 km W of Jinghong, China",usp00070qm
1995-07-18 21:33:41.780,22.005,99.138,10.0,4.8,"164 km W of Jinghong, China",usp00070r6
1995-07-19 18:10:13.690,24.801,95.139,119.9,4.3,"111 km E of Yairipok, India",usp00070s5
1995-07-20 20:06:47.580,23.092,92.305,33.0,4.3,"34 km E of Khagrachhari, Bangladesh",usp00070tj
1995-07-23 05:39:49.520,22.015,98.907,10.0,4.4,"156 km SE of Lashio, Myanmar",usp00070w9
1995-07-27 09:48:44.400,24.24,102.872,33.0,3.6,"35 km ESE of Yuxi, China",usp0007119
1995-07-28 12:09:54.310,27.418,103.483,33.0,4.2,"25 km WNW of Zhaotong, China",usp000712p
1995-07-30 02:01:43.440,22.969,94.541,109.1,4.5,"75 km S of Mawlaik, Myanmar",usp000714q
1995-07-30 12:54:10.190,26.94,92.647,33.0,4.3,"11 km N of Rang?p?ra, India",usp000716m
1995-07-30 19:43:09.260,21.987,99.052,33.0,4.1,"170 km SE of Lashio, Myanmar",usp000717n
1995-08-02 01:46:31.650,26.741,103.053,33.0,3.7,"91 km SW of Zhaotong, China",usp00071az
1995-08-07 03:27:16.670,21.931,99.218,33.0,4.1,"156 km W of Jinghong, China",usp00071j4
1995-08-08 16:52:48.010,26.223,90.202,28.1,4.4,"3 km WSW of Bil?sip?ra, India",usp00071ky
1995-08-10 10:19:41.230,21.965,99.147,39.4,4.0,"163 km W of Jinghong, China",usp00071p4
1995-08-13 22:15:48.920,24.421,94.486,82.3,4.4,"46 km ESE of W?ngjing, India",usp00071tq
1995-08-16 06:15:02.430,10.532,92.745,33.0,4.5,"125 km S of Port Blair, India",usp00071vx
1995-08-18 23:01:31.280,21.574,99.373,33.0,3.9,"135 km NNW of Tachilek, Myanmar",usp0007238
1995-08-21 17:52:06.360,24.985,95.237,114.7,3.8,"105 km SE of Phek, India",usp000727j
1995-08-29 18:27:33.920,22.056,99.116,33.0,3.8,"167 km W of Jinghong, China",usp00072my
1995-08-30 06:19:45.630,25.304,95.047,56.0,4.3,"68 km SE of Phek, India",usp00072nr
1995-08-30 21:12:39.630,13.033,92.393,33.0,4.2,"151 km NNW of Bamboo Flat, India",usp00072pm
1995-09-04 08:55:35.640,26.535,101.638,18.2,4.2,"6 km WSW of Dadukou, China",usp00072we
1995-09-05 16:19:17.050,27.094,96.68,33.0,4.3,"99 km N of Sarupathar, India",usp00072yd
1995-09-06 00:11:23.170,29.156,104.012,33.0,4.3,"25 km S of Luocheng, China",usp00072z0
1995-09-09 18:22:36.570,21.504,93.543,48.3,4.2,"123 km SSE of Saiha, India",usp000735c
1995-09-20 17:26:33.830,25.396,96.625,17.6,4.8,"77 km W of Myitkyina, Myanmar",usp00073nj
1995-09-24 22:51:52.540,28.967,97.595,33.0,4.6,"142 km NE of Hayuliang, India",usp00073xv
1995-09-26 04:56:56.030,27.138,96.832,33.0,4.6,"103 km N of Sarupathar, India",usp000740b
1995-09-29 09:47:54.520,26.769,91.601,33.0,4.4,"10 km ESE of Samdrup Jongkhar, Bhutan",usp0007458
1995-10-02 20:42:19.080,26.256,96.356,116.7,4.2,"45 km W of Sarupathar, India",usp00074bn
1995-10-08 18:22:59.830,10.488,92.815,48.9,4.8,"130 km S of Port Blair, India",usp00074u1
1995-10-09 17:48:23.810,25.075,97.727,33.0,4.4,"47 km SE of Myitkyina, Myanmar",usp00074vm
1995-10-10 05:43:28.930,12.655,95.426,33.0,4.0,"Andaman Islands, India region",usp00074wt
1995-10-11 20:46:16.940,10.326,93.581,24.0,4.4,"174 km SSE of Port Blair, India",usp00074zp
1995-10-11 21:13:44.020,10.459,93.693,33.0,4.2,"168 km SE of Port Blair, India",usp00074zr
1995-10-14 02:04:14.640,10.667,93.805,22.8,4.4,"159 km SE of Port Blair, India",usp000753u
1995-10-17 09:48:36.950,10.447,92.325,33.0,4.5,"142 km SSW of Port Blair, India",usp000759t
1995-10-19 22:42:34.510,22.823,94.456,91.2,4.3,"80 km E of Falam, Myanmar",usp00075eu
1995-10-23 22:46:50.810,26.003,102.227,10.0,6.2,"79 km SE of Dadukou, China",usp00075n1
1995-10-23 23:47:10.380,25.791,102.561,33.0,4.5,"84 km N of Majie, China",usp00075n3
1995-10-23 23:55:37.010,25.808,102.21,33.0,3.7,"96 km NNW of Majie, China",usp00075n6
1995-10-24 00:09:54.700,25.846,102.146,10.0,3.5,"89 km SSE of Dadukou, China",usp00075n7
1995-10-24 00:29:03.560,25.847,102.106,10.0,4.3,"Yunnan, China",usp00075n8
1995-10-24 01:00:44.020,25.858,102.223,10.0,4.3,"92 km SE of Dadukou, China",usp00075n9
1995-10-24 01:19:11.560,25.83,102.236,10.0,4.3,"95 km SSE of Dadukou, China",usp00075nb
1995-10-24 01:40:01.780,25.923,102.365,10.0,4.2,"95 km SE of Dadukou, China",usp00075nd
1995-10-24 02:11:59.410,25.801,102.067,10.0,4.3,"90 km SSE of Dadukou, China",usp00075ng
1995-10-24 02:29:49.870,25.714,102.201,33.0,3.4,"87 km NNW of Majie, China",usp00075nh
1995-10-24 04:37:53.470,25.738,102.068,33.0,3.3,"96 km SSE of Dadukou, China",usp00075np
1995-10-24 08:08:14.490,25.886,102.547,10.0,4.6,"95 km N of Majie, China",usp00075p0
1995-10-24 10:45:07.900,25.719,102.281,33.0,4.2,"84 km NNW of Majie, China",usp00075p7
1995-10-24 17:29:55.960,25.754,102.098,10.0,4.4,"96 km SSE of Dadukou, China",usp00075px
1995-10-24 17:43:26.150,25.914,102.34,10.0,4.7,"94 km SE of Dadukou, China",usp00075py
1995-10-24 22:32:54.650,25.906,102.163,10.0,4.7,"84 km SSE of Dadukou, China",usp00075qa
1995-10-24 23:13:15.860,25.777,102.11,10.0,4.4,"94 km SSE of Dadukou, China",usp00075qd
1995-10-25 02:42:57.050,25.903,102.43,10.0,4.3,"98 km NNW of Majie, China",usp00075qx
1995-10-25 03:16:32.370,25.963,102.21,10.0,4.4,"82 km SE of Dadukou, China",usp00075qz
1995-10-25 04:21:52.120,25.773,102.256,10.0,4.4,"90 km NNW of Majie, China",usp00075r3
1995-10-25 17:33:39.050,25.879,102.189,10.0,4.1,"88 km SSE of Dadukou, China",usp00075s1
1995-10-26 13:19:34.990,25.738,102.045,10.0,4.0,"95 km SSE of Dadukou, China",usp00075tk
1995-10-26 23:10:28.400,25.667,103.087,33.0,3.6,"72 km WNW of Qujing, China",usp00075u8
1995-10-27 02:05:36.490,25.896,102.201,10.0,4.3,"87 km SE of Dadukou, China",usp00075ud
1995-10-28 12:55:05.290,26.02,102.3,10.0,4.4,"83 km SE of Dadukou, China",usp00075wm
1995-10-28 20:36:03.710,25.958,102.257,10.0,4.5,"85 km SE of Dadukou, China",usp00075x4
1995-10-29 15:46:01.530,25.667,102.083,33.0,4.2,"89 km NW of Majie, China",usp00075yn
1995-10-29 17:18:42.380,25.852,102.219,10.0,4.5,"92 km SSE of Dadukou, China",usp00075yu
1995-10-30 08:26:20.670,25.728,101.557,10.0,3.6,"92 km S of Dadukou, China",usp00075zz
1995-11-01 08:10:07.860,25.868,102.339,10.0,4.8,"97 km NNW of Majie, China",usp000763n
1995-11-01 15:29:36.250,25.926,102.247,11.5,4.5,"87 km SE of Dadukou, China",usp0007649
1995-11-02 10:43:01.490,24.056,103.519,96.4,3.9,"39 km SSE of Miyang, China",usp000765m
1995-11-02 21:26:51.290,25.836,102.069,10.0,3.4,"86 km SSE of Dadukou, China",usp000766e
1995-11-03 20:33:01.240,25.923,102.325,10.0,3.8,"92 km SE of Dadukou, China",usp000768e
1995-11-07 03:50:09.460,26.004,102.471,10.0,4.3,"97 km SE of Dadukou, China",usp00076dx
1995-11-07 20:47:07.260,25.872,102.425,20.0,4.6,"95 km NNW of Majie, China",usp00076ey
1995-11-08 20:55:15.460,11.2,95.109,33.0,4.4,"262 km ESE of Port Blair, India",usp00076gt
1995-11-09 19:35:46.960,27.503,96.816,65.8,4.3,"68 km SSE of Hayuliang, India",usp00076j7
1995-11-09 20:55:17.680,22.058,102.724,33.0,4.4,"76 km ENE of Phôngsali, Laos",usp00076ja
1995-11-17 07:05:44.440,16.982,95.773,33.0,4.4,"15 km ESE of Nyaungdon, Myanmar",usp0007706
1995-11-18 03:41:38.290,23.867,93.083,33.0,4.5,"22 km SE of Darlawn, India",usp000771m
1995-11-18 04:48:11.760,25.673,102.342,20.0,4.0,"77 km NNW of Majie, China",usp000771n
1995-11-27 10:08:49.170,25.875,101.784,10.0,3.8,"74 km S of Dadukou, China",usp00077mg
1995-11-29 14:23:08.770,25.425,102.142,10.0,4.0,"65 km NNW of Lianran, China",usp00077rb
1995-11-29 19:16:45.110,26.126,102.674,10.0,3.8,"107 km ESE of Dadukou, China",usp00077ru
1995-12-01 02:28:40.600,24.206,91.815,20.0,4.0,"2 km WNW of Kamalpur, India",usp00077v3
1995-12-01 20:09:21.400,26.195,92.237,57.6,4.4,"12 km WSW of Morigaon, India",usp00077x9
1995-12-01 23:27:04.130,24.397,94.599,100.0,4.0,"58 km ESE of W?ngjing, India",usp00077xm
1995-12-02 12:22:23.370,10.142,93.295,33.0,4.2,"178 km SSE of Port Blair, India",usp00077yg
1995-12-03 16:17:23.870,25.984,102.193,20.0,4.1,"79 km SE of Dadukou, China",usp000782e
1995-12-03 23:15:38.260,10.773,93.459,100.0,4.4,"125 km SE of Port Blair, India",usp000785x
1995-12-04 17:54:56.490,27.26,92.01,62.3,4.6,"35 km SSE of Tawang, India",usp000788b
1995-12-06 00:14:02.490,22.448,92.964,100.0,3.9,"5 km SSW of Saiha, India",usp00078ch
1995-12-06 00:50:33.740,24.735,91.563,39.4,4.1,"14 km SW of Jahedpur, Bangladesh",usp00078cm
1995-12-07 05:49:42.600,10.356,94.04,33.0,4.4,"202 km SE of Port Blair, India",usp00078g9
1995-12-09 07:26:22.510,10.496,92.799,33.0,4.8,"129 km S of Port Blair, India",usp00078nm
1995-12-09 13:25:36.410,18.377,100.397,10.0,4.7,"9 km ENE of Rong Kwang, Thailand",usp00078p2
1995-12-12 05:42:32.260,26.852,96.059,33.0,5.1,"52 km ESE of Khonsa, India",usp00078v5
1995-12-12 16:43:05.250,27.266,103.646,33.0,3.5,"8 km SW of Zhaotong, China",usp00078vt
1995-12-21 16:29:57.930,19.461,99.073,41.0,4.5,"52 km SSW of Fang, Thailand",usp00079c1
1995-12-27 14:32:15.260,27.592,92.2,33.0,3.7,"27 km E of Tawang, India",usp00079q6
1996-01-01 16:13:04.050,25.772,102.294,20.0,3.1,"88 km NNW of Majie, China",usp0007a2a
1996-01-04 05:49:39.030,22.404,94.114,100.0,4.0,"58 km ESE of Hakha, Myanmar",usp0007aaj
1996-01-09 08:43:05.960,22.504,94.349,107.6,4.2,"77 km ESE of Hakha, Myanmar",usp0007aqd
1996-01-09 15:38:06.270,13.04,96.308,33.0,3.9,"234 km WSW of Dawei, Myanmar",usp0007ar3
1996-01-09 19:45:47.260,24.681,95.022,113.4,4.3,"97 km E of W?ngjing, India",usp0007arh
1996-01-10 12:19:04.130,22.463,94.249,33.0,4.2,"68 km ESE of Hakha, Myanmar",usp0007atb
1996-01-11 06:45:03.280,25.742,102.707,33.0,3.1,"77 km N of Kunming, China",usp0007avm
1996-01-12 09:57:58.480,21.553,94.345,81.9,4.5,"80 km WNW of Pakokku, Myanmar",usp0007axe
1996-01-16 15:18:28.880,12.113,92.662,33.0,4.1,"46 km N of Bamboo Flat, India",usp0007b6m
1996-01-18 00:19:54.560,23.891,94.601,33.0,4.0,"34 km NE of Mawlaik, Myanmar",usp0007b9e
1996-01-20 09:40:36.350,10.934,92.688,33.0,4.3,"81 km S of Port Blair, India",usp0007bdp
1996-01-28 13:49:28.750,22.833,94.084,120.0,4.5,"42 km ESE of Falam, Myanmar",usp0007bwc
1996-02-02 22:59:58.740,22.129,103.175,33.0,4.1,"72 km WSW of Sa Pa, Vietnam",usp0007c6e
1996-02-03 11:14:20.120,27.291,100.276,11.1,6.6,"47 km N of Lijiang, China",usp0007c7g
1996-02-03 11:24:02.070,27.273,100.782,10.0,4.5,"71 km NE of Lijiang, China",usp0007c7h
1996-02-03 11:39:42.350,27.125,100.138,10.0,5.0,"29 km NNW of Lijiang, China",usp0007c7k
1996-02-03 11:47:25.240,27.445,100.273,10.0,4.2,"64 km N of Lijiang, China",usp0007c7m
1996-02-03 11:58:24.310,27.005,100.048,10.0,4.6,"22 km NW of Lijiang, China",usp0007c7q
1996-02-03 12:03:29.030,27.468,100.767,10.0,4.1,"85 km NE of Lijiang, China",usp0007c7r
1996-02-03 12:08:16.580,27.102,100.216,10.0,5.1,"25 km N of Lijiang, China",usp0007c7s
1996-02-03 12:14:52.000,27.027,100.326,10.0,4.6,"20 km NNE of Lijiang, China",usp0007c7u
1996-02-03 12:30:39.640,28.217,100.055,10.0,4.3,"55 km NE of Shangri-La, China",usp0007c80
1996-02-03 12:37:01.050,27.229,100.046,10.0,4.0,"43 km NNW of Lijiang, China",usp0007c82
1996-02-03 12:49:11.280,27.189,100.18,10.0,4.0,"35 km N of Lijiang, China",usp0007c84
1996-02-03 13:17:30.100,27.158,100.024,10.0,4.3,"37 km NNW of Lijiang, China",usp0007c88
1996-02-03 13:35:06.050,26.378,99.149,10.0,4.1,"119 km WSW of Lijiang, China",usp0007c8b
1996-02-03 14:00:14.120,27.104,100.157,10.0,3.7,"26 km NNW of Lijiang, China",usp0007c8e
1996-02-03 14:03:16.850,27.249,100.506,10.0,4.2,"50 km NE of Lijiang, China",usp0007c8f
1996-02-03 14:07:02.220,27.269,100.131,10.0,4.2,"45 km NNW of Lijiang, China",usp0007c8g
1996-02-03 14:14:11.590,26.955,99.94,10.0,3.5,"29 km WNW of Lijiang, China",usp0007c8h
1996-02-03 14:19:36.700,27.004,100.11,10.0,4.4,"18 km NW of Lijiang, China",usp0007c8j
1996-02-03 14:56:27.750,27.413,100.19,10.0,4.1,"60 km N of Lijiang, China",usp0007c8m
1996-02-03 15:10:02.840,26.881,100.197,10.0,4.0,"2 km WNW of Lijiang, China",usp0007c8n
1996-02-03 16:31:30.510,26.674,100.026,10.0,3.5,"28 km SW of Lijiang, China",usp0007c8s
1996-02-03 17:49:40.950,27.351,99.96,10.0,4.1,"58 km SSE of Shangri-La, China",usp0007c8v
1996-02-03 19:10:37.110,27.222,100.045,10.0,3.8,"42 km NNW of Lijiang, China",usp0007c8y
1996-02-03 19:38:57.920,26.865,100.148,10.0,4.7,"7 km W of Lijiang, China",usp0007c91
1996-02-04 04:37:48.020,26.847,100.181,10.0,4.1,"4 km WSW of Lijiang, China",usp0007ca7
1996-02-04 16:58:05.970,27.041,100.299,10.0,5.6,"20 km NNE of Lijiang, China",usp0007cb5
1996-02-04 20:50:16.940,26.929,99.947,10.0,4.2,"27 km WNW of Lijiang, China",usp0007cbm
1996-02-04 22:57:49.120,26.968,100.099,10.0,4.6,"16 km NW of Lijiang, China",usp0007cbv
1996-02-04 23:36:01.840,26.569,99.595,10.0,3.2,"70 km WSW of Lijiang, China",usp0007cc0
1996-02-05 03:26:10.480,26.912,100.208,10.0,4.7,"4 km NNW of Lijiang, China",usp0007cc7
1996-02-05 12:16:52.090,18.862,95.664,33.0,4.3,"44 km NNE of Paungde, Myanmar",usp0007ccy
1996-02-05 14:36:04.980,21.124,96.995,33.0,4.1,"37 km N of Taunggyi, Myanmar",usp0007cd6
1996-02-05 18:22:58.040,27.674,100.494,10.0,4.2,"79 km ESE of Shangri-La, China",usp0007cdg
1996-02-05 19:40:21.920,26.897,100.124,10.0,4.3,"10 km WNW of Lijiang, China",usp0007cdm
1996-02-06 01:42:32.470,27.003,100.202,10.0,4.3,"14 km N of Lijiang, China",usp0007cdz
1996-02-06 02:46:27.680,27.193,100.144,10.0,4.5,"36 km NNW of Lijiang, China",usp0007ce6
1996-02-06 05:00:06.310,26.418,99.554,10.0,3.3,"83 km SW of Lijiang, China",usp0007cea
1996-02-06 05:07:15.720,11.16,92.264,24.2,4.3,"76 km SW of Port Blair, India",usp0007ceb
1996-02-06 07:36:13.720,27.191,100.284,10.0,5.5,"36 km N of Lijiang, China",usp0007cek
1996-02-06 14:18:45.160,26.993,100.233,10.0,3.9,"13 km N of Lijiang, China",usp0007cf2
1996-02-06 19:17:15.480,27.19,99.237,10.0,3.0,"84 km SSW of Shangri-La, China",usp0007cfg
1996-02-06 20:08:57.810,27.233,100.456,10.0,5.2,"46 km NNE of Lijiang, China",usp0007cfj
1996-02-07 01:09:25.200,26.857,99.963,10.0,3.9,"25 km W of Lijiang, China",usp0007cfz
1996-02-07 07:19:40.650,26.772,100.259,10.0,4.8,"11 km SSE of Lijiang, China",usp0007cgf
1996-02-07 15:29:23.360,26.89,100.09,10.0,4.3,"13 km W of Lijiang, China",usp0007ch3
1996-02-07 21:04:28.670,26.769,100.185,10.0,4.6,"11 km SSW of Lijiang, China",usp0007chd
1996-02-08 15:54:01.130,23.835,93.328,33.0,4.3,"45 km ESE of Darlawn, India",usp0007ck7
1996-02-08 21:38:21.580,23.437,94.675,124.3,4.6,"35 km SE of Mawlaik, Myanmar",usp0007ckp
1996-02-08 22:46:39.820,26.83,100.175,10.0,4.4,"6 km SW of Lijiang, China",usp0007ckv
1996-02-11 08:43:31.570,27.484,101.24,33.0,4.4,"110 km WSW of Xichang, China",usp0007cr1
1996-02-11 11:56:35.310,24.27,95.141,147.4,4.3,"102 km NE of Mawlaik, Myanmar",usp0007cra
1996-02-12 23:41:50.880,10.447,94.181,33.0,3.9,"206 km SE of Port Blair, India",usp0007cuf
1996-02-13 18:09:36.350,10.431,94.208,33.0,4.0,"210 km SE of Port Blair, India",usp0007cve
1996-02-14 15:20:45.240,26.713,100.051,33.0,4.3,"24 km SW of Lijiang, China",usp0007cx3
1996-02-15 01:09:50.810,26.759,99.738,33.0,3.8,"49 km WSW of Lijiang, China",usp0007cxw
1996-02-15 07:19:08.400,15.234,96.257,13.8,4.8,"131 km SSE of Pyapon, Myanmar",usp0007cyc
1996-02-16 03:02:23.500,28.634,91.934,33.0,4.4,"117 km N of Tawang, India",usp0007d03
1996-02-16 16:57:28.110,26.949,100.126,59.3,4.3,"12 km NW of Lijiang, China",usp0007d0y
1996-02-17 06:59:56.980,26.138,90.687,50.0,4.3,"7 km SE of Go?lp?ra, India",usp0007d2d
1996-02-19 16:04:42.860,14.04,93.119,33.0,4.2,"262 km N of Bamboo Flat, India",usp0007dg3
1996-02-24 00:57:39.950,27.198,99.995,33.0,4.4,"42 km NNW of Lijiang, China",usp0007dsq
1996-02-24 18:38:36.520,27.007,100.026,10.0,4.3,"24 km NW of Lijiang, China",usp0007du6
1996-02-28 11:22:02.020,29.096,104.739,33.0,5.1,"27 km S of Zigong, China",usp0007e3e
1996-02-28 23:21:48.660,27.01,99.991,33.0,4.2,"27 km NW of Lijiang, China",usp0007e4c
1996-02-29 11:55:49.360,10.475,92.698,27.9,5.2,"131 km S of Port Blair, India",usp0007e5j
1996-03-04 02:30:52.780,24.385,96.337,33.0,3.9,"92 km W of Bhamo, Myanmar",usp0007eaf
1996-03-05 09:27:33.610,26.48,92.96,33.0,4.1,"23 km SE of Tezpur, India",usp0007ebz
1996-03-06 05:24:49.970,24.649,95.03,99.6,3.8,"98 km E of W?ngjing, India",usp0007ecw
1996-03-09 01:40:47.160,23.175,94.362,33.0,3.9,"51 km S of Mawlaik, Myanmar",usp0007egd
1996-03-09 19:42:22.580,23.856,103.015,33.0,3.6,"34 km WNW of Kaiyuan, China",usp0007eht
1996-03-13 03:52:14.370,27.039,100.389,33.0,4.7,"25 km NE of Lijiang, China",usp0007ep1
1996-03-16 06:46:53.590,27.139,100.625,33.0,4.1,"50 km NE of Lijiang, China",usp0007eut
1996-03-17 11:04:55.710,16.418,96.168,22.7,4.1,"36 km SSE of Kanbe, Myanmar",usp0007ews
1996-03-19 10:48:38.820,24.946,96.418,33.0,4.4,"109 km WSW of Myitkyina, Myanmar",usp0007ez8
1996-03-20 18:40:40.740,22.695,94.065,129.2,4.3,"46 km ESE of Falam, Myanmar",usp0007f0z
1996-03-21 22:34:04.840,26.351,98.45,9.7,4.3,"150 km NE of Myitkyina, Myanmar",usp0007f2z
1996-03-23 01:58:50.130,25.952,102.257,33.0,3.7,"85 km SE of Dadukou, China",usp0007f5g
1996-03-23 04:47:29.900,12.552,92.524,33.0,3.9,"96 km NNW of Bamboo Flat, India",usp0007f5t
1996-03-28 13:39:41.400,17.609,96.597,33.0,4.2,"32 km NNE of Bago, Myanmar",usp0007fdr
1996-04-06 16:08:10.530,29.997,96.424,33.0,3.9,"145 km SSW of Qamdo, China",usp0007fuc
1996-04-09 22:00:46.150,20.282,98.719,33.0,4.0,"65 km NW of Fang, Thailand",usp0007fzb
1996-04-10 04:13:18.410,24.026,96.714,33.0,4.1,"58 km WSW of Bhamo, Myanmar",usp0007fzm
1996-04-12 22:46:00.700,11.773,93.128,33.0,3.8,"43 km ENE of Port Blair, India",usp0007g3e
1996-04-16 21:24:22.610,26.659,100.152,10.0,4.2,"24 km SSW of Lijiang, China",usp0007g91
1996-04-25 19:37:34.280,24.822,95.197,117.7,4.6,"116 km SE of Phek, India",usp0007gkp
1996-04-27 09:52:19.700,22.354,102.221,33.0,3.7,"75 km N of Phôngsali, Laos",usp0007gnt
1996-04-28 08:17:32.170,25.187,94.924,96.2,4.0,"68 km SE of Phek, India",usp0007gpg
1996-05-01 14:15:56.130,29.88,94.811,33.0,3.9,"155 km NNE of Shi Yomi, India",usp0007gtq
1996-05-07 22:28:15.590,24.342,94.441,105.3,3.6,"47 km SE of W?ngjing, India",usp0007h32
1996-05-08 01:00:13.090,25.06,98.884,33.0,4.2,"145 km WSW of Dali, China",usp0007h38
1996-05-11 07:57:37.150,22.8,94.765,127.7,4.3,"85 km NNW of Monywa, Myanmar",usp0007h84
1996-05-11 17:09:45.490,20.516,95.033,111.0,4.4,"17 km ENE of Yenangyaung, Myanmar",usp0007h8v
1996-05-14 19:05:30.550,26.551,92.397,36.8,4.6,"11 km NW of Dhing, India",usp0007hdj
1996-05-21 00:35:44.410,29.221,91.996,33.0,4.1,"99 km ESE of Lhasa, China",usp0007hmj
1996-05-21 19:51:38.140,26.794,92.77,33.0,4.2,"11 km ESE of Rang?p?ra, India",usp0007hne
1996-05-24 22:50:52.490,20.713,95.093,124.7,4.4,"35 km SE of Chauk, Myanmar",usp0007hrv
1996-05-29 05:06:57.520,21.971,99.151,33.0,4.2,"163 km W of Jinghong, China",usp0007hwu
1996-05-31 18:38:41.690,23.45,94.048,82.8,3.7,"42 km WSW of Mawlaik, Myanmar",usp0007hzt
1996-06-02 00:02:19.060,10.141,93.779,33.0,4.0,"202 km SSE of Port Blair, India",usp0007j14
1996-06-03 04:17:01.370,27.92,93.79,33.0,4.1,"36 km N of Ziro, India",usp0007j33
1996-06-09 23:25:18.500,28.325,92.201,83.2,5.2,"87 km NNE of Tawang, India",usp0007jcg
1996-06-12 06:51:27.080,24.757,97.652,106.6,4.1,"70 km NE of Bhamo, Myanmar",usp0007jn7
1996-06-13 01:23:54.110,23.258,101.523,33.0,4.2,"116 km SSE of Jianshui, China",usp0007jpc
1996-06-15 08:24:02.960,21.659,93.378,34.0,4.1,"100 km SSE of Saiha, India",usp0007jsu
1996-06-18 17:32:26.150,22.769,94.579,110.1,4.3,"92 km NW of Monywa, Myanmar",usp0007jy3
1996-06-27 11:58:32.210,23.107,94.166,41.7,4.3,"54 km ENE of Falam, Myanmar",usp0007kc0
1996-06-27 16:21:21.820,27.048,92.211,33.0,4.2,"32 km SW of Bomdila, India",usp0007kc9
1996-06-30 23:42:28.910,24.068,94.677,50.6,4.6,"54 km NNE of Mawlaik, Myanmar",usp0007khq
1996-07-02 07:05:06.000,26.966,100.241,33.0,5.0,"10 km N of Lijiang, China",usp0007km0
1996-07-02 07:41:09.290,26.933,100.322,33.0,4.3,"12 km NE of Lijiang, China",usp0007km1
1996-07-05 14:01:48.030,21.817,92.485,33.0,4.1,"50 km SSE of B?ndarban, Bangladesh",usp0007krk
1996-07-08 11:40:38.210,21.509,94.853,101.5,5.1,"30 km NW of Pakokku, Myanmar",usp0007kuy
1996-07-12 12:38:38.200,27.007,92.105,33.0,4.5,"28 km N of Udalguri, India",usp0007kza
1996-07-15 05:28:01.660,21.893,99.222,33.0,4.3,"156 km W of Jinghong, China",usp0007m2c
1996-07-17 05:23:47.620,26.039,91.935,33.0,4.3,"16 km NNE of Nongpoh, India",usp0007m5c
1996-07-24 21:44:11.730,25.984,99.093,33.0,4.2,"120 km WNW of Dali, China",usp0007mjt
1996-07-26 12:47:34.860,23.818,90.992,33.0,3.9,"8 km SSE of Nab?nagar, Bangladesh",usp0007mmj
1996-07-26 13:09:05.490,25.169,96.253,33.0,5.4,"117 km WSW of Myitkyina, Myanmar",usp0007mmq
1996-07-27 08:45:18.470,21.307,94.804,110.2,5.2,"29 km W of Pakokku, Myanmar",usp0007mp3
1996-07-28 07:08:11.540,23.653,94.14,56.8,4.7,"27 km W of Mawlaik, Myanmar",usp0007mre
1996-07-28 14:26:30.030,25.938,95.465,90.9,4.5,"73 km ESE of Tuensang, India",usp0007ms2
1996-08-02 21:07:04.050,21.487,94.479,100.0,3.5,"64 km WNW of Pakokku, Myanmar",usp0007n18
1996-08-04 13:51:28.330,26.419,93.064,33.0,4.3,"35 km SE of Tezpur, India",usp0007n3m
1996-08-06 03:04:32.170,24.898,95.279,125.0,4.5,"115 km SE of Phek, India",usp0007n62
1996-08-06 06:21:04.040,25.35,95.54,100.0,3.9,"110 km ESE of Phek, India",usp0007n68
1996-08-07 14:36:33.610,23.907,96.772,85.2,4.3,"60 km SW of Bhamo, Myanmar",usp0007n7e
1996-08-10 22:43:37.080,24.713,95.299,33.0,4.2,"125 km E of W?ngjing, India",usp0007nd3
1996-08-11 11:04:26.600,14.075,93.733,33.0,4.0,"284 km NNE of Bamboo Flat, India",usp0007ne2
1996-08-11 11:48:27.940,14.087,93.817,33.0,4.2,"289 km NNE of Bamboo Flat, India",usp0007ne5
1996-08-16 23:39:38.460,24.42,94.973,33.0,4.1,"94 km ESE of W?ngjing, India",usp0007np7
1996-08-18 02:48:00.920,25.875,90.156,17.8,4.4,"22 km SW of Lakhipur, India",usp0007nqr
1996-08-20 08:30:10.920,24.119,94.988,120.0,4.4,"79 km NE of Mawlaik, Myanmar",usp0007nu2
1996-08-24 20:02:40.000,20.489,97.935,33.0,4.4,"99 km ESE of Taunggyi, Myanmar",usp0007p0e
1996-08-31 09:20:29.580,10.139,93.824,33.0,3.8,"205 km SE of Port Blair, India",usp0007p8u
1996-09-06 23:43:08.030,23.716,94.227,33.0,4.0,"19 km WNW of Mawlaik, Myanmar",usp0007pjw
1996-09-08 17:31:31.060,24.831,96.389,33.0,4.6,"106 km NW of Bhamo, Myanmar",usp0007ppk
1996-09-11 03:41:26.610,10.017,93.824,33.0,4.8,"217 km SSE of Port Blair, India",usp0007ptj
1996-09-11 23:14:14.950,27.454,92.616,33.0,4.6,"28 km NE of Bomdila, India",usp0007pum
1996-09-12 18:04:47.760,27.007,92.492,48.9,4.6,"25 km NW of Rang?p?ra, India",usp0007pvs
1996-09-14 02:09:19.180,27.635,92.638,33.0,4.7,"46 km NNE of Bomdila, India",usp0007px9
1996-09-14 02:24:49.840,25.514,96.645,33.0,4.5,"76 km W of Myitkyina, Myanmar",usp0007pxb
1996-09-21 00:09:21.930,24.192,93.905,100.0,4.0,"28 km ESE of Chur?ch?ndpur, India",usp0007q7p
1996-09-24 19:24:49.590,27.222,100.373,33.0,5.5,"41 km NNE of Lijiang, China",usp0007qe2
1996-09-24 21:02:48.970,27.044,100.22,33.0,4.7,"19 km N of Lijiang, China",usp0007qe5
1996-09-25 02:41:28.950,27.231,100.378,33.0,4.7,"43 km NNE of Lijiang, China",usp0007qec
1996-09-25 12:41:53.440,28.853,99.186,33.0,5.0,"124 km NNW of Shangri-La, China",usp0007qf6
1996-09-26 02:45:26.540,26.96,100.224,33.0,4.1,"10 km N of Lijiang, China",usp0007qgb
1996-09-28 13:14:19.800,19.531,102.616,33.0,4.8,"61 km W of Muang Phônsavan, Laos",usp0007qmt
1996-09-30 16:04:02.120,23.217,94.048,33.0,4.2,"50 km NE of Falam, Myanmar",usp0007qrz
1996-09-30 17:47:23.620,23.049,93.992,33.0,4.0,"35 km ENE of Falam, Myanmar",usp0007qs3
1996-10-03 18:58:36.790,12.864,93.86,100.0,4.5,"179 km NE of Bamboo Flat, India",usp0007qws
1996-10-17 16:38:07.870,21.929,98.982,33.0,4.7,"168 km SE of Lashio, Myanmar",usp0007rju
1996-10-25 18:31:26.300,25.384,91.759,61.0,3.8,"11 km NE of Cherrapunji, India",usp0007rxx
1996-10-27 17:02:57.580,21.638,93.766,70.0,4.3,"112 km S of Hakha, Myanmar",usp0007s12
1996-10-31 04:47:44.810,22.855,94.309,99.4,4.4,"65 km E of Falam, Myanmar",usp0007s6c
1996-11-04 16:42:27.230,13.274,93.814,33.0,4.9,"211 km NE of Bamboo Flat, India",usp0007se6
1996-11-09 03:40:24.720,21.888,98.942,33.0,4.2,"168 km SE of Lashio, Myanmar",usp0007sqb
1996-11-09 04:11:59.320,10.229,92.714,33.0,4.5,"159 km S of Port Blair, India",usp0007sqg
1996-11-09 07:08:44.340,22.037,92.343,33.0,4.2,"21 km SE of B?ndarban, Bangladesh",usp0007sqx
1996-11-11 09:22:27.760,19.33,95.013,80.0,6.0,"17 km W of Thayetmyo, Myanmar",usp0007suh
1996-11-11 20:23:48.960,28.915,91.765,33.0,3.9,"103 km SE of Lhasa, China",usp0007svd
1996-11-13 18:51:50.450,22.347,102.762,33.0,4.3,"100 km NE of Phôngsali, Laos",usp0007szb
1996-11-15 14:38:14.580,19.049,92.992,33.0,4.3,"121 km S of Sittwe, Myanmar",usp0007t25
1996-11-16 06:41:58.910,28.875,103.77,33.0,4.5,"61 km SSW of Luocheng, China",usp0007t3b
1996-11-17 22:48:54.410,24.255,95.16,136.8,4.9,"102 km NE of Mawlaik, Myanmar",usp0007t5k
1996-11-19 00:12:18.680,24.498,92.641,49.7,5.4,India-Bangladesh border region,usp0007t74
1996-11-19 10:37:49.610,26.543,93.373,47.1,4.0,"25 km WSW of Bok?kh?t, India",usp0007t7k
1996-11-20 19:12:25.730,11.449,92.838,33.0,4.3,"26 km SSE of Port Blair, India",usp0007t9w
1996-11-20 23:27:07.350,28.853,96.021,33.0,5.0,"100 km NNW of Hayuliang, India",usp0007tad
1996-11-22 03:08:25.440,21.442,93.277,33.0,3.8,"120 km SSE of Saiha, India",usp0007tcb
1996-11-24 00:52:08.560,26.72,92.573,33.0,4.5,"9 km E of Dhekiajuli, India",usp0007tfg
1996-11-26 23:40:37.560,28.809,99.225,33.0,4.3,"118 km NNW of Shangri-La, China",usp0007tkg
1996-12-01 04:05:42.900,21.526,98.252,33.0,4.3,"150 km ENE of Taunggyi, Myanmar",usp0007ttq
1996-12-05 01:40:41.470,25.15,96.202,149.7,3.6,"123 km WSW of Myitkyina, Myanmar",usp0007tzc
1996-12-05 20:29:43.080,11.601,92.742,33.0,4.6,"7 km S of Port Blair, India",usp0007u0d
1996-12-10 12:08:34.290,25.285,94.995,105.2,4.7,Myanmar-India border region,usp0007u7h
1996-12-15 20:58:09.430,23.5,94.029,71.4,4.5,"41 km WSW of Mawlaik, Myanmar",usp0007uh2
1996-12-17 23:40:31.920,22.871,94.163,33.0,4.3,"50 km E of Falam, Myanmar",usp0007umf
1996-12-18 05:03:37.370,22.57,93.957,33.0,3.8,"36 km ESE of Hakha, Myanmar",usp0007umn
1996-12-21 17:51:06.380,20.337,100.469,33.0,4.7,"9 km NE of Ban Houayxay, Laos",usp0007usu
1996-12-29 21:52:08.930,11.642,93.523,33.0,4.5,"84 km E of Port Blair, India",usp0007v5x
1997-01-02 10:52:35.030,10.568,92.742,33.0,5.1,"121 km S of Port Blair, India",usp0007vbh
1997-01-05 09:03:49.530,11.8,93.546,100.0,4.4,"88 km E of Port Blair, India",usp0007vgq
1997-01-09 18:46:17.800,12.179,96.384,33.0,4.8,"242 km W of Myeik, Myanmar",usp0007vp3
1997-01-10 21:22:03.510,23.03,93.622,100.0,4.2,"14 km NNW of Falam, Myanmar",usp0007vqn
1997-01-18 19:45:19.600,12.09,93.685,26.7,4.7,"112 km ENE of Port Blair, India",usp0007w1a
1997-01-22 01:56:32.670,10.549,93.647,128.5,4.5,"157 km SE of Port Blair, India",usp0007w6h
1997-01-25 02:38:55.540,22.069,101.133,33.0,4.5,"42 km ENE of Jinghong, China",usp0007wan
1997-01-28 04:19:31.680,10.505,92.798,33.0,4.2,"128 km S of Port Blair, India",usp0007wew
1997-01-30 09:59:01.890,22.504,101.322,10.0,5.0,"83 km NE of Jinghong, China",usp0007whp
1997-01-30 15:55:04.170,24.941,94.385,100.0,4.1,"44 km NE of Yairipok, India",usp0007wj3
1997-02-01 09:36:03.690,27.802,100.53,33.0,3.6,"81 km E of Shangri-La, China",usp0007wma
1997-02-02 14:30:05.930,25.312,96.522,62.6,3.8,"88 km W of Myitkyina, Myanmar",usp0007wnz
1997-02-09 23:41:23.580,24.166,94.569,100.0,4.3,"60 km NNE of Mawlaik, Myanmar",usp0007x0j
1997-02-11 01:58:37.990,21.305,95.265,119.4,4.0,"19 km E of Pakokku, Myanmar",usp0007x2e
1997-02-15 14:21:09.410,23.861,94.402,101.9,4.3,"24 km N of Mawlaik, Myanmar",usp0007xaa
1997-02-16 16:45:11.940,10.366,93.45,100.0,4.5,"163 km SSE of Port Blair, India",usp0007xbr
1997-02-18 21:13:47.650,22.846,94.929,33.0,4.7,"84 km NNW of Monywa, Myanmar",usp0007xf3
1997-02-19 01:35:53.540,22.898,94.983,33.0,4.8,"81 km WNW of Shwebo, Myanmar",usp0007xfd
1997-03-10 03:12:22.470,29.193,103.088,10.0,4.5,"77 km WSW of Leshan, China",usp0007ykx
1997-03-10 17:50:36.950,27.382,92.71,33.0,4.4,"31 km ENE of Bomdila, India",usp0007yms
1997-03-10 17:55:14.440,27.217,92.417,33.0,4.5,"5 km S of Bomdila, India",usp0007ymt
1997-03-24 10:47:40.180,10.552,92.558,33.0,4.2,"Andaman Islands, India region",usp0007zbx
1997-03-25 04:02:47.800,25.083,98.273,33.0,4.3,"94 km ESE of Myitkyina, Myanmar",usp0007zcw
1997-03-25 14:17:26.450,17.318,94.634,33.0,4.2,"60 km N of Pathein, Myanmar",usp0007zdj
1997-04-06 12:45:33.030,21.354,94.422,87.4,4.5,"65 km NW of Chauk, Myanmar",usp0008021
1997-04-14 15:12:25.600,25.736,103.645,10.0,3.7,"31 km NNW of Qujing, China",usp00080jt
1997-04-14 17:53:33.170,22.574,94.459,96.6,5.3,"86 km NW of Monywa, Myanmar",usp00080jw
1997-04-15 00:13:16.370,22.672,94.592,119.6,4.9,"83 km NW of Monywa, Myanmar",usp00080ke
1997-04-21 14:22:15.670,23.433,94.948,120.3,4.6,"60 km ESE of Mawlaik, Myanmar",usp00080xn
1997-04-22 09:00:32.010,28.652,102.096,33.0,4.6,"85 km N of Xichang, China",usp000810c
1997-04-25 01:45:08.660,26.521,96.202,100.0,4.5,"70 km WNW of Sarupathar, India",usp0008175
1997-05-05 01:18:40.990,10.012,93.587,100.0,4.4,"204 km SSE of Port Blair, India",usp00081sf
1997-05-06 22:17:58.750,12.249,93.357,71.8,5.0,"92 km NE of Bamboo Flat, India",usp00081vq
1997-05-08 02:53:14.730,24.894,92.25,34.9,6.0,"11 km WNW of Kar?mganj, India",usp00081x0
1997-05-19 15:32:57.940,25.088,93.959,65.9,4.4,"31 km N of Imph?l, India",usp00082hy
1997-06-02 19:30:09.670,28.045,92.625,33.0,4.8,"86 km NE of Tawang, India",usp000832z
1997-06-24 17:53:15.960,26.43,96.15,33.0,4.2,"70 km WNW of Sarupathar, India",usp00083xc
1997-06-27 23:07:20.270,28.402,104.903,33.0,4.5,"19 km ESE of Xunchang, China",usp0008428
1997-06-30 23:22:34.210,15.663,95.789,33.0,4.6,near the south coast of Myanmar,usp0008469
1997-07-01 11:55:44.570,24.864,95.289,150.0,3.9,"119 km SE of Phek, India",usp0008471
1997-07-05 08:54:17.040,22.778,94.554,100.0,4.0,"91 km E of Falam, Myanmar",usp00084d5
1997-07-10 13:59:54.780,29.814,94.923,33.0,4.8,"152 km NNE of Shi Yomi, India",usp00084nh
1997-07-11 14:54:49.050,21.818,94.884,138.0,5.4,"41 km SW of Monywa, Myanmar",usp00084qd
1997-07-18 19:39:23.420,26.811,91.793,46.9,5.0,"28 km E of Samdrup Jongkhar, Bhutan",usp000850y
1997-07-21 16:47:04.460,25.93,99.764,33.0,4.3,"59 km NW of Dali, China",usp0008550
1997-07-24 23:19:33.770,26.075,95.723,92.2,4.5,"92 km ESE of Tuensang, India",usp00085a0
1997-07-28 18:57:56.470,27.757,99.981,33.0,4.3,"27 km ESE of Shangri-La, China",usp00085g4
1997-07-31 15:59:37.030,23.887,93.159,33.0,5.3,"27 km ESE of Darlawn, India",usp00085mv
1997-07-31 20:08:58.050,23.856,93.101,33.0,4.5,"25 km SE of Darlawn, India",usp00085n2
1997-08-04 22:31:36.300,28.229,91.445,33.0,4.5,"67 km NNE of Lhuentse, Bhutan",usp00085ta
1997-08-05 15:59:04.090,23.2,90.979,33.0,4.1,"13 km ESE of H?j?ganj, Bangladesh",usp00085uc
1997-08-05 23:48:54.240,24.385,94.722,100.0,4.3,"70 km ESE of W?ngjing, India",usp00085ux
1997-08-06 08:58:21.390,25.632,92.185,41.3,4.9,"31 km ENE of Shillong, India",usp00085vg
1997-08-08 10:27:53.410,22.026,93.594,67.7,4.4,"68 km S of Hakha, Myanmar",usp00085y8
1997-08-09 02:11:17.880,22.348,94.768,109.8,4.3,"46 km NW of Monywa, Myanmar",usp00085z3
1997-08-18 06:37:37.890,24.826,95.038,102.1,4.3,"101 km E of Yairipok, India",usp00086d0
1997-08-23 20:31:06.680,23.841,94.871,200.0,3.6,"52 km ENE of Mawlaik, Myanmar",usp00086mt
1997-09-04 02:02:54.710,24.485,94.495,100.0,4.4,"45 km ESE of W?ngjing, India",usp000873u
1997-09-08 17:05:05.020,25.543,96.642,33.0,3.8,Myanmar,usp00087a6
1997-09-21 13:18:34.030,20.873,98.491,33.0,4.2,"130 km NW of Fang, Thailand",usp00087ty
1997-09-27 10:43:20.930,23.056,94.29,90.9,4.0,"64 km ENE of Falam, Myanmar",usp000884j
1997-09-28 14:32:39.500,25.235,94.917,128.7,4.6,"63 km SE of Phek, India",usp000886u
1997-10-01 06:27:08.820,21.12,94.149,81.5,4.1,"73 km WNW of Chauk, Myanmar",usp00088bd
1997-10-08 03:02:44.710,24.962,93.333,52.3,4.5,"33 km SE of Mahur, India",usp00088qs
1997-10-17 02:43:58.850,11.152,92.445,33.0,4.0,"65 km SSW of Port Blair, India",usp000896x
1997-10-18 19:31:42.730,29.106,102.652,33.0,4.2,"119 km WSW of Leshan, China",usp000899k
1997-10-22 16:10:32.620,25.383,101.4,33.0,4.2,"110 km NW of Longquan, China",usp00089fa
1997-10-23 12:28:33.490,26.998,100.392,33.0,5.1,"22 km NE of Lijiang, China",usp00089gh
1997-10-25 18:40:17.780,10.948,92.524,33.0,4.8,"83 km SSW of Port Blair, India",usp00089km
1997-10-26 00:55:22.930,23.929,93.502,70.0,4.8,"47 km SSW of Chur?ch?ndpur, India",usp00089m1
1997-10-30 06:30:28.400,11.605,93.021,56.1,4.9,"30 km ESE of Port Blair, India",usp00089sn
1997-11-02 14:53:51.160,28.268,96.113,33.0,3.8,"39 km N of Tezu, India",usp00089yc
1997-11-08 09:04:46.850,28.774,95.853,57.6,4.7,"93 km NNE of P?sigh?t, India",usp0008a94
1997-11-08 16:40:41.140,26.301,96.033,118.2,4.5,"78 km W of Sarupathar, India",usp0008aa8
1997-11-11 03:47:09.840,26.423,95.194,102.5,4.0,"37 km SSE of Mon, India",usp0008afe
1997-11-17 00:37:53.280,11.055,92.6,33.0,3.9,"69 km SSW of Port Blair, India",usp0008ata
1997-11-17 06:53:18.350,27.068,100.4,33.0,4.1,"28 km NE of Lijiang, China",usp0008ats
1997-11-19 06:51:58.060,22.034,101.706,33.0,3.8,"56 km NW of Phôngsali, Laos",usp0008aym
1997-11-20 11:06:56.870,23.003,100.909,33.0,3.6,"113 km N of Jinghong, China",usp0008b14
1997-11-20 20:55:03.670,23.136,93.878,59.9,4.5,"32 km NE of Falam, Myanmar",usp0008b1t
1997-11-21 11:23:06.310,22.212,92.702,54.4,6.1,"42 km SW of Saiha, India",usp0008b2r
1997-11-22 02:34:43.790,22.148,92.607,52.6,4.8,"40 km E of B?ndarban, Bangladesh",usp0008b3t
1997-11-22 12:53:50.040,26.803,104.273,33.0,3.7,"6 km SE of Weining, China",usp0008b4s
1997-11-23 12:57:56.590,26.192,96.064,54.7,4.7,"74 km W of Sarupathar, India",usp0008b7e
1997-11-28 08:28:38.680,21.97,94.646,108.9,4.3,"52 km WSW of Monywa, Myanmar",usp0008bfb
1997-11-29 06:14:37.550,27.06,100.277,33.0,4.3,"21 km NNE of Lijiang, China",usp0008bgf
1997-12-02 11:06:08.640,25.108,95.164,100.0,4.2,"91 km SE of Phek, India",usp0008bmz
1997-12-04 23:52:39.430,27.27,102.521,33.0,4.1,"73 km SSE of Xichang, China",usp0008bse
1997-12-28 12:22:24.940,26.43,96.237,100.0,4.0,"62 km WNW of Sarupathar, India",usp0008dba
1997-12-29 09:08:18.230,23.708,94.935,100.0,4.4,"54 km E of Mawlaik, Myanmar",usp0008dca
1997-12-30 11:54:06.560,25.362,96.571,33.0,4.7,"83 km W of Myitkyina, Myanmar",usp0008ddw
1997-12-30 13:43:18.680,25.384,96.609,33.0,5.8,"79 km W of Myitkyina, Myanmar",usp0008de0
1997-12-31 00:00:55.090,11.1,92.486,33.0,4.1,"68 km SSW of Port Blair, India",usp0008deu
1998-01-02 21:12:05.350,23.211,94.499,113.7,4.6,"48 km SSE of Mawlaik, Myanmar",usp0008dnk
1998-01-06 03:09:47.510,26.045,91.839,33.0,4.5,"10 km SSE of Dispur, India",usp0008dtu
1998-01-10 20:26:20.010,26.462,96.827,150.0,4.0,"28 km N of Sarupathar, India",usp0008e2e
1998-01-13 20:48:43.460,28.655,93.668,33.0,4.5,"70 km W of Shi Yomi, India",usp0008e9e
1998-01-16 07:33:10.220,22.923,99.561,49.8,4.7,"158 km NW of Jinghong, China",usp0008eek
1998-01-17 16:03:24.380,11.814,93.0,33.0,3.7,"32 km ENE of Port Blair, India",usp0008eh8
1998-01-18 10:37:57.490,14.001,93.862,33.0,4.6,"283 km NNE of Bamboo Flat, India",usp0008ek0
1998-01-21 19:16:57.490,10.201,92.868,33.0,4.1,"Andaman Islands, India region",usp0008es8
1998-02-01 02:44:59.540,11.638,93.083,33.0,4.3,"36 km E of Port Blair, India",usp0008f9b
1998-02-05 06:36:41.890,23.403,94.771,99.8,4.1,"45 km SE of Mawlaik, Myanmar",usp0008ffs
1998-02-06 18:57:11.840,22.238,94.353,105.5,3.5,"82 km W of Monywa, Myanmar",usp0008fju
1998-02-16 07:29:09.390,23.571,94.734,96.7,4.3,"34 km ESE of Mawlaik, Myanmar",usp0008g23
1998-02-18 09:02:25.990,23.098,94.166,45.3,4.7,"54 km ENE of Falam, Myanmar",usp0008g62
1998-02-21 09:48:54.030,27.161,96.156,100.0,3.9,"50 km ESE of Margherita, India",usp0008gcd
1998-02-25 07:41:05.980,12.656,95.144,28.6,4.7,"282 km ENE of Port Blair, India",usp0008gjk
1998-03-01 15:12:30.670,23.592,94.521,100.0,4.3,"13 km ESE of Mawlaik, Myanmar",usp0008gsb
1998-03-06 12:50:11.770,24.539,94.478,66.5,4.7,"42 km E of W?ngjing, India",usp0008h1n
1998-03-08 10:18:39.420,25.739,100.467,53.9,4.0,"30 km ENE of Dali, China",usp0008h5m
1998-03-11 15:34:06.960,25.21,95.1,97.6,4.5,"78 km SE of Phek, India",usp0008hb5
1998-03-13 23:28:36.920,15.495,94.235,33.0,3.6,"147 km SW of Mawlamyinegyunn, Myanmar",usp0008hf0
1998-03-20 03:02:46.440,19.184,93.471,33.0,3.9,"122 km SSE of Sittwe, Myanmar",usp0008hqu
1998-04-10 04:59:29.520,25.158,95.255,100.0,3.9,"94 km SE of Phek, India",usp0008jtj
1998-04-11 12:31:01.550,13.047,92.969,10.0,4.6,"151 km N of Bamboo Flat, India",usp0008jvr
1998-04-14 08:42:04.970,24.987,95.018,33.0,4.1,"91 km SE of Phek, India",usp0008k7b
1998-04-15 18:36:40.890,25.341,96.68,33.0,3.8,"72 km W of Myitkyina, Myanmar",usp0008kax
1998-04-15 18:46:18.500,25.163,96.617,33.0,4.0,"82 km WSW of Myitkyina, Myanmar",usp0008kay
1998-04-23 21:37:57.960,25.064,94.777,33.0,3.7,"72 km SSE of Phek, India",usp0008kux
1998-04-25 22:50:58.300,28.945,95.343,33.0,4.2,"97 km N of P?sigh?t, India",usp0008kyr
1998-05-02 08:36:50.180,24.932,95.311,121.5,5.5,"115 km SE of Phek, India",usp0008maa
1998-05-04 20:18:52.810,29.341,96.763,33.0,4.6,"142 km N of Hayuliang, India",usp0008mfn
1998-05-06 15:40:45.780,24.526,97.603,33.0,3.8,"48 km NE of Bhamo, Myanmar",usp0008mk6
1998-05-06 19:56:13.710,17.791,94.343,33.0,4.9,"117 km WSW of Myanaung, Myanmar",usp0008mkf
1998-05-11 20:02:50.090,11.126,92.62,33.0,3.9,"61 km SSW of Port Blair, India",usp0008mx1
1998-05-14 03:03:30.500,12.759,93.914,111.6,4.5,"175 km NE of Bamboo Flat, India",usp0008n0t
1998-05-15 01:50:03.620,10.028,93.296,65.5,4.4,"190 km SSE of Port Blair, India",usp0008n34
1998-05-15 02:37:27.000,27.175,100.07,33.0,4.2,"37 km NNW of Lijiang, China",usp0008n36
1998-05-15 08:41:24.780,10.151,93.957,33.0,5.2,"213 km SE of Port Blair, India",usp0008n3p
1998-05-15 08:52:42.320,10.17,93.953,33.0,4.3,"211 km SE of Port Blair, India",usp0008n3t
1998-05-15 14:11:25.660,10.065,94.013,33.0,4.6,"224 km SE of Port Blair, India",usp0008n4c
1998-05-23 04:43:20.280,19.378,98.763,33.0,4.0,"34 km E of Pai, Thailand",usp0008nka
1998-06-11 18:45:44.930,22.478,92.474,100.0,4.0,"40 km NE of B?ndarban, Bangladesh",usp0008prf
1998-06-18 23:13:17.570,25.035,95.109,127.9,4.0,"93 km SE of Phek, India",usp0008q3y
1998-06-19 02:18:52.810,27.209,103.253,33.0,3.8,"47 km WSW of Zhaotong, China",usp0008q46
1998-06-19 03:54:50.290,23.813,93.821,100.0,4.1,"59 km SSE of Chur?ch?ndpur, India",usp0008q4a
1998-06-30 08:00:28.910,22.982,94.718,116.9,4.6,"79 km SSE of Mawlaik, Myanmar",usp0008qqz
1998-06-30 14:20:23.390,27.218,103.466,33.0,4.1,"27 km WSW of Zhaotong, China",usp0008qre
1998-07-02 00:05:58.760,21.019,93.699,56.3,4.1,"117 km W of Chauk, Myanmar",usp0008qtf
1998-07-07 03:48:02.570,25.473,100.207,33.0,4.2,"12 km S of Dali, China",usp0008r2z
1998-07-08 03:44:59.330,27.325,91.027,33.0,5.2,"21 km WNW of Mongar, Bhutan",usp0008r54
1998-07-09 09:20:47.360,18.735,95.786,57.3,4.5,"39 km NE of Paungde, Myanmar",usp0008r7h
1998-07-13 17:36:54.790,21.534,98.264,33.0,4.3,"151 km ENE of Taunggyi, Myanmar",usp0008res
1998-07-17 06:33:57.690,25.895,102.634,33.0,4.1,"95 km N of Kunming, China",usp0008rp2
1998-07-17 21:13:59.210,22.849,94.496,100.0,4.6,"84 km E of Falam, Myanmar",usp0008rrr
1998-07-24 21:46:51.900,27.356,103.484,33.0,3.7,"23 km W of Zhaotong, China",usp0008s4b
1998-07-27 19:03:18.750,24.219,93.548,58.4,4.8,"17 km SW of Chur?ch?ndpur, India",usp0008s8y
1998-08-04 05:50:01.550,23.606,94.582,33.0,4.3,"18 km ESE of Mawlaik, Myanmar",usp0008sqv
1998-08-07 11:33:28.130,25.779,102.622,10.0,4.1,"82 km N of Kunming, China",usp0008swu
1998-08-10 12:34:10.220,25.376,96.526,33.0,4.4,"87 km W of Myitkyina, Myanmar",usp0008t25
1998-08-16 19:46:24.030,23.239,94.403,122.4,3.8,"44 km S of Mawlaik, Myanmar",usp0008tcf
1998-08-18 04:10:20.690,27.555,90.977,22.3,5.2,"22 km E of Jakar, Bhutan",usp0008tek
1998-08-19 13:42:25.890,21.154,94.607,150.0,3.6,"35 km NW of Chauk, Myanmar",usp0008tha
1998-08-30 04:36:51.480,19.81,94.675,65.0,4.6,Myanmar,usp0008u33
1998-08-30 11:03:55.100,11.657,92.746,33.0,3.8,"1 km S of Port Blair, India",usp0008u3j
1998-08-30 22:12:56.900,24.657,99.374,33.0,4.0,"133 km SW of Dali, China",usp0008u4j
1998-08-30 23:02:21.070,24.609,99.459,33.0,3.8,"132 km SW of Dali, China",usp0008u4n
1998-09-06 21:35:39.400,17.041,94.866,33.0,3.5,"32 km NNE of Pathein, Myanmar",usp0008uhz
1998-09-13 00:14:38.380,24.012,96.001,33.0,4.6,"128 km WSW of Bhamo, Myanmar",usp0008uuv
1998-09-13 12:47:26.260,27.083,101.126,33.0,4.2,"82 km NW of Dadukou, China",usp0008uvn
1998-09-14 20:45:29.120,14.568,96.107,33.0,4.7,"195 km SSE of Pyapon, Myanmar",usp0008uxu
1998-09-26 18:27:05.470,27.77,92.812,33.0,5.0,"67 km NE of Bomdila, India",usp0008vje
1998-09-26 19:08:21.440,27.607,92.582,33.0,3.9,"40 km NNE of Bomdila, India",usp0008vjf
1998-09-28 21:31:05.610,27.742,92.709,33.0,4.7,"59 km NNE of Bomdila, India",usp0008vp9
1998-10-02 12:49:35.780,27.268,101.016,48.4,5.4,"90 km ENE of Lijiang, China",usp0008vvt
1998-10-03 06:11:12.540,27.309,101.669,33.0,3.8,"84 km N of Dadukou, China",usp0008vx2
1998-10-16 00:05:34.270,23.743,94.683,101.2,5.4,"30 km ENE of Mawlaik, Myanmar",usp0008wjy
1998-10-23 06:25:01.170,27.166,100.999,33.0,4.0,"83 km ENE of Lijiang, China",usp0008wxh
1998-10-23 11:45:11.530,10.131,93.158,116.2,4.6,"175 km SSE of Port Blair, India",usp0008wy2
1998-10-26 20:01:44.090,27.213,101.057,46.9,4.7,"91 km ENE of Lijiang, China",usp0008x3w
1998-10-28 08:31:29.320,28.761,103.796,33.0,4.3,"72 km SSW of Luocheng, China",usp0008x64
1998-11-06 20:29:24.180,11.061,92.461,33.0,5.0,"73 km SSW of Port Blair, India",usp0008xr2
1998-11-06 20:45:45.330,11.012,92.511,33.0,4.7,"76 km SSW of Port Blair, India",usp0008xr3
1998-11-06 22:52:09.320,11.052,92.514,33.0,5.2,"72 km SSW of Port Blair, India",usp0008xr6
1998-11-10 08:39:50.530,21.168,94.032,77.5,4.6,"86 km WNW of Chauk, Myanmar",usp0008xyw
1998-11-14 06:14:34.740,22.943,94.801,33.0,4.0,"87 km SSE of Mawlaik, Myanmar",usp0008y61
1998-11-17 15:30:50.380,24.686,96.373,100.0,4.3,"99 km WNW of Bhamo, Myanmar",usp0008ybh
1998-11-19 11:31:16.560,27.294,100.881,33.0,4.4,"80 km NE of Lijiang, China",usp0008yee
1998-11-19 11:38:14.830,27.308,101.029,33.0,5.6,"93 km ENE of Lijiang, China",usp0008yef
1998-11-24 16:22:15.210,26.377,94.634,60.2,4.1,"Assam - Nagaland region, India",usp0008ypd
1998-11-26 01:44:11.930,25.644,100.118,33.0,4.3,"11 km NW of Dali, China",usp0008yrd
1998-11-29 23:44:42.070,29.536,95.005,33.0,3.8,"127 km NNE of Shi Yomi, India",usp0008yyj
1998-11-30 12:00:48.950,17.101,96.106,10.0,4.5,"33 km N of Yangon, Myanmar",usp0008yzf
1998-12-01 07:37:56.150,26.373,104.021,10.0,4.5,"56 km SSW of Weining, China",usp0008z0s
1998-12-02 01:04:28.110,25.028,95.156,135.8,4.3,"96 km SE of Phek, India",usp0008z1s
1998-12-02 09:12:42.260,25.687,100.192,33.0,4.6,"11 km N of Dali, China",usp0008z25
1998-12-02 10:10:45.120,25.668,100.137,33.0,4.8,"11 km NW of Dali, China",usp0008z27
1998-12-02 13:25:04.240,26.345,93.499,33.0,5.0,"34 km SSW of Bok?kh?t, India",usp0008z2e
1998-12-08 16:08:22.540,27.33,102.689,33.0,4.0,"75 km SSE of Xichang, China",usp0008zba
1998-12-10 08:14:54.480,10.552,93.804,150.0,4.6,"168 km SE of Port Blair, India",usp0008zdh
1998-12-21 15:04:32.780,22.31,92.762,33.0,4.3,"30 km SW of Saiha, India",usp0008zz2
1999-01-01 06:44:54.690,27.579,101.168,33.0,3.4,"113 km WSW of Xichang, China",usp00090f2
1999-01-02 17:55:08.130,27.277,101.05,41.4,4.5,"93 km ENE of Lijiang, China",usp00090hu
1999-01-04 09:38:26.080,25.555,99.396,33.0,4.2,"82 km W of Dali, China",usp00090m0
1999-01-05 21:17:37.000,22.633,94.686,155.7,4.1,"74 km NW of Monywa, Myanmar",usp00090pd
1999-01-07 10:15:11.550,23.732,94.905,145.1,4.3,"51 km E of Mawlaik, Myanmar",usp00090r8
1999-01-20 02:13:01.560,26.682,96.473,85.9,4.5,"62 km NNW of Sarupathar, India",usp00091cj
1999-01-20 07:58:55.060,26.495,92.725,33.0,4.5,"17 km SSW of Tezpur, India",usp00091cy
1999-01-25 03:59:36.980,25.005,97.848,33.0,4.5,"61 km SE of Myitkyina, Myanmar",usp00091nw
1999-02-03 12:46:32.430,28.85,95.914,110.9,4.4,"104 km NNE of P?sigh?t, India",usp000926m
1999-02-06 03:53:41.390,14.142,93.858,43.3,4.5,"289 km SSW of Mawlamyinegyunn, Myanmar",usp00092br
1999-02-08 09:02:56.950,22.067,92.784,33.0,4.4,"51 km SSW of Saiha, India",usp00092fm
1999-02-08 09:50:36.330,22.133,92.777,33.0,4.1,"44 km SSW of Saiha, India",usp00092fr
1999-02-11 06:01:15.520,22.378,93.074,64.0,4.0,"15 km SE of Saiha, India",usp00092me
1999-02-19 02:32:50.380,29.955,96.131,33.0,4.2,"164 km SW of Qamdo, China",usp000931u
1999-02-19 09:45:53.410,25.362,94.673,105.3,4.2,"37 km SSE of Phek, India",usp0009326
1999-02-21 21:04:06.880,26.414,93.662,33.0,4.0,"23 km SSW of Num?ligarh, India",usp000936g
1999-02-22 11:37:49.440,23.307,93.722,65.0,5.0,"43 km N of Falam, Myanmar",usp000937f
1999-02-23 13:51:59.750,12.138,95.829,33.0,4.4,"Andaman Islands, India region",usp000939u
1999-02-25 09:18:22.210,11.085,93.356,118.1,4.3,"92 km SE of Port Blair, India",usp00093d6
1999-03-04 01:47:32.640,13.404,96.719,33.0,4.6,"176 km WSW of Dawei, Myanmar",usp00093tb
1999-03-04 02:24:04.860,13.39,96.649,33.0,4.5,"183 km WSW of Dawei, Myanmar",usp00093tc
1999-03-11 22:12:42.460,25.635,94.317,105.7,4.5,"18 km W of Phek, India",usp00094b0
1999-03-27 03:19:07.870,12.991,93.364,49.2,3.9,"159 km NNE of Bamboo Flat, India",usp000958f
1999-03-31 03:19:16.060,19.533,101.635,10.0,4.5,"31 km NNW of Sainyabuli, Laos",usp00095ha
1999-04-01 04:49:07.470,10.185,93.65,134.5,4.1,"191 km SSE of Port Blair, India",usp00095kb
1999-04-05 22:32:56.510,24.908,93.678,66.4,5.6,"29 km WNW of Imph?l, India",usp00095uy
1999-04-07 06:42:31.850,11.781,94.987,33.0,5.3,"244 km E of Port Blair, India",usp00095xh
1999-04-07 17:17:33.410,26.607,96.474,100.0,4.5,"55 km NW of Sarupathar, India",usp00095y2
1999-04-14 06:09:39.790,24.574,93.972,58.1,4.4,"7 km SSW of Thoub?l, India",usp0009693
1999-04-15 06:48:11.850,25.617,93.673,43.6,4.6,"33 km S of Dim?pur, India",usp00096b1
1999-04-30 03:39:33.150,25.409,94.134,33.0,4.3,"29 km S of Koh?ma, India",usp000972x
1999-04-30 23:23:24.850,25.608,100.28,42.3,4.5,"7 km ENE of Dali, China",usp000974n
1999-05-06 18:34:58.830,12.347,92.809,56.0,4.5,"72 km N of Bamboo Flat, India",usp00097f7
1999-05-11 16:39:19.050,26.307,92.788,33.0,4.4,"28 km ENE of Rah?, India",usp00097t0
1999-05-14 08:57:43.340,11.743,92.704,33.0,4.3,"4 km NNW of Bamboo Flat, India",usp00097xt
1999-05-16 12:21:37.560,22.457,94.77,119.9,4.1,"53 km NW of Monywa, Myanmar",usp000983m
1999-05-25 08:09:19.040,23.442,94.815,135.1,4.1,"47 km ESE of Mawlaik, Myanmar",usp00098qj
1999-05-28 22:52:22.760,12.643,95.09,33.0,4.8,"277 km ENE of Port Blair, India",usp00098y1
1999-05-31 19:59:26.250,29.021,98.614,51.9,4.8,"170 km NW of Shangri-La, China",usp000993f
1999-06-09 15:21:53.200,25.147,95.123,121.8,4.2,"85 km SE of Phek, India",usp00099k4
1999-06-19 12:21:23.260,24.16,94.604,120.0,4.2,"60 km NNE of Mawlaik, Myanmar",usp0009a5p
1999-06-20 01:14:55.470,26.204,92.779,33.0,4.3,"23 km NNW of Hoj?i, India",usp0009a6j
1999-06-26 21:36:31.100,26.796,91.806,51.6,4.4,"29 km W of Udalguri, India",usp0009akz
1999-06-27 15:30:58.060,12.201,93.049,33.0,4.1,"66 km NNE of Bamboo Flat, India",usp0009anu
1999-06-28 23:38:28.070,21.41,99.478,33.0,4.8,"114 km NNW of Tachilek, Myanmar",usp0009arb
1999-07-05 21:44:15.120,23.036,93.805,54.3,4.4,"18 km NE of Falam, Myanmar",usp0009b4g
1999-07-05 21:57:36.670,10.474,93.393,149.9,4.4,"149 km SSE of Port Blair, India",usp0009b4j
1999-07-15 10:35:20.520,21.422,99.345,33.0,4.8,"121 km NNW of Tachilek, Myanmar",usp0009bna
1999-07-17 15:55:53.040,24.595,100.154,33.0,3.9,"109 km S of Dali, China",usp0009brp
1999-07-22 10:42:11.730,21.544,91.895,10.0,5.2,"16 km NW of Cox’s B?z?r, Bangladesh",usp0009bys
1999-07-25 09:02:31.330,12.67,92.987,33.0,4.5,"111 km NNE of Bamboo Flat, India",usp0009c3a
1999-07-28 17:55:04.340,25.771,93.435,72.8,4.2,"8 km S of Diphu, India",usp0009c7w
1999-08-15 16:18:35.880,18.389,96.228,18.4,5.2,"24 km WSW of Pyu, Myanmar",usp0009d2v
1999-08-15 16:23:46.630,18.245,96.245,18.3,4.5,"33 km SW of Pyu, Myanmar",usp0009d2w
1999-08-24 20:10:18.020,22.34,94.642,117.3,3.9,Myanmar,usp0009dk8
1999-09-03 11:38:43.240,13.039,95.771,33.0,4.7,"286 km WSW of Dawei, Myanmar",usp0009dzf
1999-09-06 22:50:21.260,18.647,93.715,33.0,4.4,"160 km W of Pyay, Myanmar",usp0009e3m
1999-09-09 00:25:35.940,23.401,94.685,136.2,3.9,"39 km SE of Mawlaik, Myanmar",usp0009e73
1999-09-14 02:30:42.130,10.945,93.416,10.0,4.1,"108 km SE of Port Blair, India",usp0009edy
1999-09-20 05:45:55.600,10.459,92.879,33.0,4.4,"134 km S of Port Blair, India",usp0009epb
1999-09-30 08:43:34.850,27.432,101.432,50.2,3.9,"96 km WSW of Xichang, China",usp0009f7c
1999-10-01 02:30:12.130,28.635,103.862,33.0,3.4,"77 km W of Yibin, China",usp0009f8m
1999-10-05 17:04:44.890,26.26,91.926,33.0,5.2,"18 km NE of Dispur, India",usp0009fg3
1999-10-06 10:23:28.450,23.751,94.759,126.6,4.3,"38 km ENE of Mawlaik, Myanmar",usp0009fgy
1999-10-09 01:39:45.160,26.398,91.926,40.9,4.2,"11 km WSW of Mangaldai, India",usp0009fm6
1999-10-10 05:20:18.640,27.538,97.399,72.2,4.5,"103 km SE of Hayuliang, India",usp0009fnf
1999-10-15 07:33:01.060,29.608,90.061,33.0,4.7,"74 km WSW of Dêqên, China",usp0009fuq
1999-10-19 17:34:18.840,24.797,95.239,145.4,4.3,"121 km E of W?ngjing, India",usp0009g8e
1999-10-25 17:33:17.590,10.176,93.673,33.0,4.0,"193 km SSE of Port Blair, India",usp0009gkm
1999-10-28 17:06:24.420,16.517,95.988,97.6,4.6,"21 km S of Kanbe, Myanmar",usp0009grg
1999-11-05 10:51:30.780,21.93,94.602,118.7,4.5,"58 km WSW of Monywa, Myanmar",usp0009h4d
1999-11-09 16:35:35.310,13.111,92.265,33.0,5.0,"163 km NNW of Bamboo Flat, India",usp0009har
1999-11-24 03:53:39.840,21.946,93.567,33.0,4.6,"77 km S of Hakha, Myanmar",usp0009j1c
1999-11-24 16:40:21.260,24.589,102.872,33.0,4.8,"36 km SE of Haikou, China",usp0009j1q
1999-12-02 20:45:44.960,21.125,94.457,83.0,4.5,"45 km WNW of Chauk, Myanmar",usp0009jdp
1999-12-07 12:09:40.410,12.593,95.136,33.0,5.0,"279 km ENE of Port Blair, India",usp0009jk0
1999-12-20 11:46:54.290,24.517,97.774,52.1,4.6,"62 km ENE of Bhamo, Myanmar",usp0009k26
1999-12-21 20:06:41.930,27.356,102.579,33.0,4.0,"67 km SSE of Xichang, China",usp0009k42
1999-12-22 00:28:12.790,24.178,94.717,96.7,4.6,"67 km NNE of Mawlaik, Myanmar",usp0009k48
1999-12-26 02:44:38.860,24.76,94.66,90.9,3.7,"62 km E of Yairipok, India",usp0009kae
1999-12-31 00:53:44.890,21.431,91.762,33.0,4.3,"25 km W of Cox’s B?z?r, Bangladesh",usp0009khm
2000-01-01 18:49:10.610,28.533,102.648,33.0,4.6,"80 km NNE of Xichang, China",usp0009km4
2000-01-02 10:23:58.980,27.559,92.498,33.0,5.0,"33 km NNE of Bomdila, India",usp0009kn5
2000-01-03 22:34:12.640,22.132,92.771,33.0,4.6,"45 km SSW of Saiha, India",usp0009kqm
2000-01-14 22:09:04.880,25.591,101.164,33.0,5.5,"95 km E of Dali, China",usp0009m4n
2000-01-14 22:23:34.530,25.63,100.839,33.0,3.9,"63 km E of Dali, China",usp0009m4q
2000-01-14 23:37:07.870,25.607,101.063,33.0,5.9,"85 km E of Dali, China",usp0009m4u
2000-01-15 00:20:19.730,25.506,101.113,33.0,4.5,"90 km E of Dali, China",usp0009m4v
2000-01-15 01:39:12.260,25.784,101.136,33.0,3.7,"95 km ENE of Dali, China",usp0009m4x
2000-01-19 17:59:37.000,25.595,101.098,33.0,4.0,"88 km E of Dali, China",usp0009mce
2000-01-19 20:59:28.220,19.825,101.289,33.0,5.4,"73 km NE of Chiang Klang, Thailand",usp0009mcs
2000-01-23 00:21:24.890,25.636,101.066,33.0,4.2,"85 km E of Dali, China",usp0009mhs
2000-01-23 00:33:31.750,22.243,93.674,92.7,4.3,"44 km S of Hakha, Myanmar",usp0009mht
2000-01-25 16:37:33.930,27.208,92.018,33.0,4.3,"Arunachal Pradesh, India",usp0009mnb
2000-01-25 16:43:22.950,27.663,92.631,33.0,5.2,"48 km NNE of Bomdila, India",usp0009mnc
2000-01-25 17:29:56.880,27.609,92.67,33.0,4.2,"45 km NNE of Bomdila, India",usp0009mnh
2000-01-26 20:55:19.180,24.263,103.797,33.0,4.9,"28 km S of Zhongshu, China",usp0009mq6
2000-01-26 21:11:55.600,27.566,92.492,33.0,4.3,"34 km NNE of Bomdila, India",usp0009mq8
2000-01-30 06:35:04.570,29.249,91.981,33.0,4.8,"96 km ESE of Lhasa, China",usp0009mue
2000-02-02 10:41:50.650,12.832,92.992,33.0,4.7,"128 km NNE of Bamboo Flat, India",usp0009myj
2000-02-02 10:53:31.690,12.758,92.966,33.0,3.9,"120 km NNE of Bamboo Flat, India",usp0009myk
2000-02-03 08:33:44.930,26.435,96.758,122.4,4.3,"25 km NNW of Sarupathar, India",usp0009mzt
2000-02-04 15:10:41.570,12.142,93.635,134.4,4.2,"110 km ENE of Port Blair, India",usp0009n1s
2000-02-04 23:04:54.760,12.313,95.168,33.0,4.7,"273 km ENE of Port Blair, India",usp0009n23
2000-02-14 17:43:53.330,22.328,93.892,55.7,4.2,"45 km SE of Hakha, Myanmar",usp0009nfg
2000-02-16 10:41:18.320,25.237,101.644,33.0,4.1,"81 km NW of Longquan, China",usp0009nhx
2000-02-19 18:55:19.160,10.348,93.817,177.2,4.7,"186 km SE of Port Blair, India",usp0009nph
2000-02-27 17:21:28.000,23.07,94.196,74.0,5.1,"55 km ENE of Falam, Myanmar",usp0009p1d
2000-03-03 17:24:04.110,22.76,94.566,132.4,4.5,"92 km E of Falam, Myanmar",usp0009p7k
2000-03-09 21:29:28.950,12.167,95.234,33.0,4.8,"276 km ENE of Port Blair, India",usp0009pgc
2000-03-17 15:44:04.800,26.684,91.89,33.0,4.1,"22 km WSW of Udalguri, India",usp0009pu7
2000-03-18 16:38:23.180,25.18,95.139,116.1,4.7,"83 km SE of Phek, India",usp0009pvn
2000-03-19 04:37:20.470,18.195,94.897,74.9,4.4,"45 km WSW of Myanaung, Myanmar",usp0009pwc
2000-03-26 18:13:47.710,27.345,97.095,33.0,3.6,"97 km SE of Hayuliang, India",usp0009q8a
2000-03-28 16:40:54.830,23.999,94.878,118.8,4.4,"62 km NE of Mawlaik, Myanmar",usp0009qca
2000-03-28 18:59:21.110,22.634,93.915,33.0,4.4,"31 km E of Hakha, Myanmar",usp0009qcj
2000-03-30 15:12:27.010,24.7,94.712,65.9,4.2,"66 km E of W?ngjing, India",usp0009qh9
2000-04-03 15:38:40.050,25.6,101.017,33.0,4.4,"80 km E of Dali, China",usp0009qs3
2000-04-09 21:48:57.100,26.735,97.022,65.7,4.2,"62 km NNE of Sarupathar, India",usp0009r2p
2000-04-16 11:40:37.000,24.671,92.443,33.0,3.8,"12 km W of Hail?k?ndi, India",usp0009rcc
2000-04-21 06:35:56.880,26.145,93.009,33.0,4.0,"21 km NE of Hoj?i, India",usp0009rmx
2000-04-22 15:41:32.030,25.815,95.016,74.3,4.4,"52 km ESE of Zunheboto, India",usp0009rpz
2000-05-01 10:30:28.180,13.242,92.412,33.0,4.7,"173 km N of Bamboo Flat, India",usp0009s5q
2000-05-03 01:19:30.850,28.606,96.332,33.0,3.7,"62 km NNW of Hayuliang, India",usp0009s8t
2000-05-03 15:42:21.430,23.962,94.812,33.0,4.4,"54 km NE of Mawlaik, Myanmar",usp0009sa4
2000-05-04 01:44:36.610,27.889,91.543,33.0,3.7,"31 km N of Trashi Yangtse, Bhutan",usp0009sba
2000-05-07 21:53:30.230,25.524,101.119,33.0,3.8,"91 km E of Dali, China",usp0009sk8
2000-05-11 15:52:55.300,26.003,96.952,47.8,4.4,"26 km SSE of Sarupathar, India",usp0009ssw
2000-05-11 16:51:53.860,25.381,94.414,58.7,4.3,"32 km SSW of Phek, India",usp0009ssy
2000-05-14 17:18:24.050,28.135,91.682,33.0,4.7,"60 km NNE of Trashi Yangtse, Bhutan",usp0009syc
2000-05-31 17:37:09.050,22.269,94.622,108.6,4.3,"55 km WNW of Monywa, Myanmar",usp0009tqe
2000-06-02 19:15:57.170,14.47,96.12,46.8,3.8,"206 km SSE of Pyapon, Myanmar",usp0009tuk
2000-06-07 21:46:55.900,26.856,97.238,33.0,6.3,"83 km NNE of Sarupathar, India",usp0009u6j
2000-06-08 09:44:35.930,26.507,96.904,33.0,4.0,"34 km NNE of Sarupathar, India",usp0009u81
2000-06-08 12:21:09.990,26.587,97.018,33.0,5.1,"47 km NNE of Sarupathar, India",usp0009u87
2000-06-14 21:12:02.930,26.844,97.114,33.0,4.2,"76 km NNE of Sarupathar, India",usp0009uk9
2000-06-28 08:16:17.810,24.866,94.065,33.0,4.1,"13 km ENE of Imph?l, India",usp0009v9p
2000-06-29 09:45:13.410,26.823,97.251,52.0,4.1,"81 km NNE of Sarupathar, India",usp0009vdb
2000-07-02 04:27:56.990,24.51,94.686,82.5,5.2,"63 km E of W?ngjing, India",usp0009vk3
2000-07-05 03:48:23.950,13.99,93.578,33.0,4.0,"270 km NNE of Bamboo Flat, India",usp0009vt5
2000-07-17 06:52:11.620,27.071,92.304,33.0,4.3,"24 km SSW of Bomdila, India",usp0009wnh
2000-07-19 14:27:36.020,12.339,92.66,51.3,4.6,"70 km N of Bamboo Flat, India",usp0009wst
2000-07-20 05:54:04.180,25.648,95.139,92.6,4.3,"64 km E of Phek, India",usp0009wut
2000-07-28 09:32:15.070,27.017,100.254,33.0,4.1,"16 km NNE of Lijiang, China",usp0009xar
2000-07-28 22:26:14.000,19.793,95.159,33.0,4.4,"46 km SSE of Magway, Myanmar",usp0009xc0
2000-08-01 19:41:39.300,27.204,101.283,33.0,3.8,"83 km NNW of Dadukou, China",usp0009xkk
2000-08-02 17:58:28.650,22.143,93.538,33.0,4.3,"56 km S of Hakha, Myanmar",usp0009xnh
2000-08-13 14:59:34.410,24.67,94.742,65.8,4.3,"69 km E of W?ngjing, India",usp0009yd1
2000-08-16 23:06:29.210,26.535,92.416,33.0,4.4,"9 km NW of Dhing, India",usp0009ym3
2000-08-21 13:25:44.590,25.826,102.194,33.0,4.9,"93 km SSE of Dadukou, China",usp0009yvr
2000-08-21 14:52:50.730,25.618,102.438,33.0,3.8,"67 km NNW of Majie, China",usp0009yvv
2000-08-23 12:08:39.020,26.018,102.255,33.0,3.9,"80 km SE of Dadukou, China",usp0009z17
2000-08-23 16:31:54.280,19.785,95.152,86.6,4.4,"46 km SSE of Magway, Myanmar",usp0009z1y
2000-08-23 20:48:57.010,26.042,102.415,33.0,3.8,"90 km SE of Dadukou, China",usp0009z2a
2000-08-23 22:03:07.700,20.747,94.577,33.0,3.8,"30 km SW of Chauk, Myanmar",usp0009z2e
2000-08-29 14:51:33.140,24.334,94.448,33.0,3.9,"48 km SE of W?ngjing, India",usp0009zbu
2000-08-30 05:39:47.940,10.539,93.47,95.1,4.8,"147 km SSE of Port Blair, India",usp0009zct
2000-09-01 03:48:22.920,22.385,94.231,65.7,3.8,"69 km ESE of Hakha, Myanmar",usp0009zgp
2000-09-10 23:32:37.960,28.402,92.726,33.0,4.2,"120 km NE of Tawang, India",usp000a01s
2000-09-17 19:46:40.340,26.275,91.496,33.0,4.0,"4 km NW of H?jo, India",usp000a0e5
2000-09-26 13:39:45.480,11.137,92.414,33.0,4.6,"68 km SSW of Port Blair, India",usp000a0uu
2000-10-05 14:10:31.470,10.098,93.329,84.2,4.1,"184 km SSE of Port Blair, India",usp000a1aa
2000-10-06 12:05:40.650,24.38,97.81,33.0,5.4,"60 km ENE of Bhamo, Myanmar",usp000a1bk
2000-10-07 21:52:26.350,10.084,92.904,45.4,4.6,"175 km S of Port Blair, India",usp000a1e4
2000-10-09 02:30:00.570,10.002,92.952,33.0,5.9,"185 km S of Port Blair, India",usp000a1gk
2000-10-11 09:42:09.270,23.866,94.863,116.5,5.6,"52 km ENE of Mawlaik, Myanmar",usp000a1m4
2000-10-12 08:18:04.390,10.068,92.866,33.0,4.8,"177 km S of Port Blair, India",usp000a1nj
2000-10-15 15:32:30.570,26.89,96.753,107.7,4.2,"75 km N of Sarupathar, India",usp000a1tv
2000-10-25 13:22:17.920,28.78,95.894,33.0,4.4,"96 km NE of P?sigh?t, India",usp000a2cy
2000-10-26 08:54:30.770,10.516,92.782,48.4,4.8,"127 km S of Port Blair, India",usp000a2er
2000-11-02 17:08:49.100,12.688,95.282,33.0,5.0,"298 km ENE of Port Blair, India",usp000a2vw
2000-11-06 18:22:15.370,10.045,93.252,97.2,4.4,"187 km SSE of Port Blair, India",usp000a32f
2000-11-09 08:37:50.680,22.466,92.468,14.0,4.7,"39 km NE of B?ndarban, Bangladesh",usp000a39m
2000-11-09 17:31:50.040,25.376,91.426,37.5,4.2,"22 km SE of Nongstoin, India",usp000a3ac
2000-11-13 08:56:49.030,21.692,92.908,33.0,5.5,"88 km S of Saiha, India",usp000a3hq
2000-11-15 06:18:49.140,24.633,94.853,33.0,4.0,"80 km E of W?ngjing, India",usp000a3n8
2000-12-02 19:33:20.730,29.796,98.369,33.0,4.6,"186 km SE of Qamdo, China",usp000a5dm
2000-12-05 09:53:51.180,24.004,94.681,33.0,4.8,"48 km NE of Mawlaik, Myanmar",usp000a5hn
2000-12-11 07:36:27.570,25.776,99.178,33.0,4.6,"105 km WNW of Dali, China",usp000a5w8
2000-12-14 09:00:38.050,23.424,94.595,75.5,3.9,"31 km SE of Mawlaik, Myanmar",usp000a622
2000-12-22 17:54:18.400,23.224,94.429,121.6,3.7,"46 km S of Mawlaik, Myanmar",usp000a6jk
2001-01-04 04:03:04.290,21.172,98.454,64.4,4.4,"153 km ENE of Taunggyi, Myanmar",usp000a74a
2001-01-14 09:55:46.430,22.227,94.778,131.7,3.6,"39 km WNW of Monywa, Myanmar",usp000a7nf
2001-01-24 23:57:18.740,27.439,92.491,20.9,4.3,"20 km NNE of Bomdila, India",usp000a8bt
2001-01-28 11:55:56.670,23.021,94.342,80.9,3.2,"69 km S of Mawlaik, Myanmar",usp000a8jh
2001-02-11 01:20:54.340,24.742,92.143,38.7,4.2,"25 km WSW of Kar?mganj, India",usp000a9em
2001-02-14 07:27:33.050,29.536,101.121,33.0,5.0,"95 km WSW of Kangding, China",usp000a9md
2001-02-14 22:18:30.700,10.792,94.193,33.0,4.2,"185 km ESE of Port Blair, India",usp000a9ng
2001-02-19 15:51:35.970,21.396,102.715,10.0,4.9,"31 km W of Dien Bien Phu, Vietnam",usp000a9y5
2001-02-19 19:02:52.400,21.292,102.882,10.0,4.0,"17 km SW of Dien Bien Phu, Vietnam",usp000a9ya
2001-02-23 00:09:23.690,29.513,101.129,33.0,5.6,"96 km SW of Kangding, China",usp000aa5p
2001-02-23 02:11:56.340,29.434,101.147,33.0,4.7,"100 km SW of Kangding, China",usp000aa5v
2001-02-25 15:56:15.200,25.668,101.055,10.0,3.8,"85 km E of Dali, China",usp000aabt
2001-02-27 01:46:05.310,26.486,90.616,20.2,4.9,"5 km E of Bongaigaon, India",usp000aaff
2001-03-03 22:55:59.160,23.896,93.695,55.3,5.2,"48 km S of Chur?ch?ndpur, India",usp000aavb
2001-03-04 20:18:51.200,21.364,102.929,10.0,4.5,"10 km WSW of Dien Bien Phu, Vietnam",usp000aax5
2001-03-06 11:41:26.080,27.87,100.77,33.0,3.9,"104 km E of Shangri-La, China",usp000ab0a
2001-03-07 11:51:27.380,27.81,102.737,33.0,4.5,"47 km ESE of Xichang, China",usp000ab29
2001-03-10 00:20:17.350,27.878,91.826,33.0,4.7,"35 km NNW of Tawang, India",usp000ab61
2001-03-12 08:57:53.150,22.279,99.951,33.0,4.5,"86 km WNW of Jinghong, China",usp000ab96
2001-03-13 11:42:41.690,25.109,101.459,33.0,3.7,"85 km NW of Longquan, China",usp000abax
2001-03-21 13:56:42.480,12.254,92.709,33.0,4.7,"61 km N of Bamboo Flat, India",usp000abtu
2001-03-25 06:34:40.650,25.49,101.098,33.0,3.7,"89 km E of Dali, China",usp000ac03
2001-03-30 06:08:13.600,22.078,94.989,151.5,3.6,"15 km WSW of Monywa, Myanmar",usp000ac7s
2001-03-30 16:43:54.480,11.472,95.091,10.0,4.7,"256 km E of Port Blair, India",usp000ac8k
2001-04-02 20:45:50.920,22.124,103.157,33.0,4.4,"74 km WSW of Sa Pa, Vietnam",usp000acf0
2001-04-05 11:03:53.560,24.848,95.097,120.4,3.8,"107 km E of Yairipok, India",usp000acmu
2001-04-05 18:12:13.520,25.859,102.096,33.0,4.5,"85 km SSE of Dadukou, China",usp000acnc
2001-04-06 03:32:07.930,26.385,92.69,42.7,4.4,"23 km ESE of Dhing, India",usp000acp4
2001-04-07 10:19:24.480,25.694,102.448,33.0,3.9,"75 km NNW of Majie, China",usp000acr5
2001-04-08 01:51:39.280,25.685,102.482,33.0,3.6,"74 km NNW of Majie, China",usp000acs5
2001-04-10 03:13:10.660,24.822,98.812,33.0,4.6,"155 km ESE of Myitkyina, Myanmar",usp000acxj
2001-04-10 22:08:15.540,24.627,95.042,113.4,5.3,"99 km E of W?ngjing, India",usp000aczq
2001-04-12 10:47:00.380,24.768,99.061,10.0,5.6,"147 km SW of Dali, China",usp000ad3a
2001-04-13 15:18:44.270,17.836,94.156,33.0,4.5,"132 km NNW of Pathein, Myanmar",usp000ad5s
2001-04-14 00:59:25.010,24.768,98.935,10.0,4.3,"157 km SW of Dali, China",usp000ad6s
2001-04-14 05:59:43.590,22.848,91.89,33.0,4.1,"5 km E of Manikchari, Bangladesh",usp000ad7k
2001-04-15 02:11:59.980,23.991,99.424,33.0,4.4,"185 km W of Jianshui, China",usp000ad95
2001-04-18 10:20:44.050,18.694,95.299,97.5,4.2,"16 km SSE of Pyay, Myanmar",usp000adg2
2001-04-18 20:47:42.960,24.028,91.598,10.0,3.9,"5 km S of Khowai, India",usp000adh1
2001-04-19 00:38:54.120,24.723,98.89,33.0,4.8,"163 km SW of Dali, China",usp000adhe
2001-04-20 18:35:02.590,25.878,90.595,33.0,4.5,"33 km S of Go?lp?ra, India",usp000adpg
2001-04-26 21:01:31.640,24.749,94.776,23.4,4.8,"74 km E of Yairipok, India",usp000ae0b
2001-04-27 12:28:34.410,26.09,91.489,33.0,4.1,"6 km SW of Pal?sb?ri, India",usp000ae1g
2001-04-28 01:01:11.670,24.749,99.002,33.0,3.5,"153 km SW of Dali, China",usp000ae2f
2001-04-30 22:49:33.830,23.038,102.266,33.0,4.5,"97 km WSW of Gejiu, China",usp000ae8g
2001-05-02 22:34:37.480,12.277,93.525,92.8,5.2,"108 km NE of Port Blair, India",usp000aeb6
2001-05-03 16:02:59.640,27.63,90.47,33.0,4.1,"14 km NNW of Trongsa, Bhutan",usp000aecq
2001-05-13 15:55:44.350,23.708,94.983,131.5,4.0,"59 km E of Mawlaik, Myanmar",usp000aewf
2001-05-14 04:35:53.640,19.804,94.566,70.1,4.0,"52 km SW of Minbu, Myanmar",usp000aex9
2001-05-16 16:17:44.970,23.186,94.178,33.0,4.7,"55 km SSW of Mawlaik, Myanmar",usp000af15
2001-05-18 19:26:15.890,26.458,92.936,33.0,4.0,"23 km SE of Tezpur, India",usp000af54
2001-05-19 19:28:02.340,13.818,93.936,33.0,4.5,"269 km NNE of Bamboo Flat, India",usp000af71
2001-05-23 00:49:26.530,17.542,94.928,54.2,4.0,"57 km WSW of Hinthada, Myanmar",usp000afck
2001-05-23 21:10:43.960,27.689,101.003,33.0,5.5,"119 km NE of Lijiang, China",usp000afdp
2001-05-23 21:20:54.390,27.697,100.885,33.0,4.2,"112 km NE of Lijiang, China",usp000afdq
2001-05-24 02:23:39.950,24.979,103.095,10.0,4.5,"29 km NW of Shilin, China",usp000afe7
2001-05-26 14:51:45.550,25.411,95.126,84.5,4.7,"68 km ESE of Phek, India",usp000afkg
2001-06-04 21:02:16.440,21.889,102.537,10.0,3.9,"50 km ENE of Phôngsali, Laos",usp000ag21
2001-06-07 18:03:32.340,24.785,99.038,33.0,4.6,"147 km SW of Dali, China",usp000ag7x
2001-06-08 15:07:05.730,11.012,92.541,33.0,4.8,"75 km SSW of Port Blair, India",usp000ag94
2001-06-13 07:55:32.990,23.474,94.922,51.6,4.6,"56 km ESE of Mawlaik, Myanmar",usp000aghy
2001-06-14 01:00:53.940,25.836,98.659,108.1,4.7,"136 km ENE of Myitkyina, Myanmar",usp000agkk
2001-06-14 17:25:31.550,11.754,92.967,68.5,4.5,"25 km ENE of Port Blair, India",usp000agn4
2001-06-20 14:44:24.420,26.356,92.634,60.5,4.3,"17 km NE of Rah?, India",usp000agza
2001-06-24 08:35:43.030,27.763,100.996,31.8,4.4,"125 km NE of Lijiang, China",usp000ah9k
2001-06-29 12:14:00.020,23.256,93.685,52.4,4.7,"37 km N of Falam, Myanmar",usp000ahpb
2001-06-30 00:21:08.540,24.836,95.439,160.6,4.6,"131 km SE of Phek, India",usp000ahq9
2001-07-09 23:51:33.590,24.879,101.417,33.0,5.2,"69 km NNE of Jianshui, China",usp000aj9x
2001-07-14 17:58:47.170,24.565,102.788,33.0,4.1,"32 km SE of Haikou, China",usp000ajhh
2001-07-14 18:36:08.320,24.455,102.66,33.0,4.6,"16 km NE of Yuxi, China",usp000ajhn
2001-07-15 19:28:28.720,27.7,101.072,33.0,3.7,"119 km W of Xichang, China",usp000ajkq
2001-07-17 02:45:01.880,20.726,92.687,33.0,3.8,"43 km ESE of Tekn?f, Bangladesh",usp000ajp9
2001-07-25 16:35:12.810,10.561,93.007,33.0,4.9,"125 km SSE of Port Blair, India",usp000ak50
2001-07-25 18:25:16.640,27.64,101.103,57.1,4.4,"117 km WSW of Xichang, China",usp000ak53
2001-07-26 18:27:20.560,27.787,101.184,33.0,4.3,"107 km W of Xichang, China",usp000ak7w
2001-07-26 19:27:20.230,28.805,103.653,33.0,3.7,"73 km SSW of Luocheng, China",usp000ak7z
2001-08-01 03:03:22.320,24.928,96.659,33.0,4.3,"89 km SW of Myitkyina, Myanmar",usp000akn6
2001-08-04 15:25:29.030,21.361,95.116,150.8,4.4,"4 km NE of Pakokku, Myanmar",usp000aku8
2001-08-05 05:16:16.890,12.224,93.352,96.4,5.9,"90 km NE of Bamboo Flat, India",usp000akv5
2001-08-07 21:21:56.580,26.432,96.346,111.7,4.5,"52 km WNW of Sarupathar, India",usp000am07
2001-08-10 07:26:35.200,27.663,100.986,33.0,4.4,"116 km NE of Lijiang, China",usp000am57
2001-08-10 07:31:14.950,27.631,100.721,33.0,4.6,"97 km NNE of Lijiang, China",usp000am59
2001-08-10 08:16:24.770,27.624,100.824,33.0,4.3,"102 km NE of Lijiang, China",usp000am5d
2001-08-12 01:57:59.740,24.432,94.992,121.4,5.1,"95 km E of W?ngjing, India",usp000am9h
2001-08-12 13:17:41.910,24.391,92.109,33.0,4.6,"6 km WNW of Dharmanagar, India",usp000amat
2001-08-12 14:04:27.700,10.161,93.03,33.0,4.6,"169 km S of Port Blair, India",usp000amay
2001-08-17 03:43:55.640,21.289,98.537,33.0,4.3,"165 km ENE of Taunggyi, Myanmar",usp000amkq
2001-08-17 23:17:41.510,14.984,96.307,10.0,4.6,"158 km SSE of Pyapon, Myanmar",usp000ammp
2001-08-18 13:08:47.210,10.957,92.439,24.1,4.8,"85 km SSW of Port Blair, India",usp000amnm
2001-08-21 16:41:41.730,23.626,94.551,110.6,4.1,"15 km E of Mawlaik, Myanmar",usp000amtp
2001-08-21 20:17:17.510,21.639,95.235,33.0,4.0,"25 km NW of Myingyan, Myanmar",usp000amu3
2001-08-24 09:58:51.770,25.108,104.314,33.0,3.9,"67 km SE of Qujing, China",usp000amyp
2001-08-25 06:13:10.800,20.757,98.301,33.0,4.7,"131 km E of Taunggyi, Myanmar",usp000an0f
2001-08-25 06:36:21.170,20.746,98.426,33.0,4.4,"123 km NW of Fang, Thailand",usp000an0h
2001-08-29 19:26:40.450,27.083,92.201,50.1,4.3,"29 km SW of Bomdila, India",usp000an92
2001-08-31 06:30:15.250,26.641,95.936,51.2,4.5,"55 km SE of Khonsa, India",usp000anbk
2001-09-04 04:05:58.750,23.642,100.488,33.0,4.5,"102 km SW of Jianshui, China",usp000anm3
2001-09-06 12:13:33.440,26.32,100.662,10.0,4.0,"75 km SE of Lijiang, China",usp000anr9
2001-09-10 08:16:34.480,28.885,96.856,33.0,4.4,"95 km NNE of Hayuliang, India",usp000any2
2001-09-11 02:08:14.750,26.324,93.221,33.0,4.0,"50 km NE of Hoj?i, India",usp000anzg
2001-09-11 03:37:49.830,25.825,104.036,33.0,4.1,"45 km NE of Qujing, China",usp000anzk
2001-09-11 20:21:34.590,25.767,104.152,33.0,4.1,"48 km NE of Qujing, China",usp000ap0f
2001-09-16 15:56:33.560,21.587,91.605,33.0,3.5,"44 km WNW of Cox’s B?z?r, Bangladesh",usp000ap9s
2001-09-18 20:54:43.340,17.89,94.349,33.0,4.2,"111 km WSW of Myanaung, Myanmar",usp000apef
2001-09-23 11:18:25.030,12.424,95.526,33.0,4.4,"Andaman Islands, India region",usp000apnm
2001-09-23 12:25:37.750,12.399,95.229,33.0,4.3,"282 km ENE of Port Blair, India",usp000apnq
2001-09-23 12:25:45.140,12.458,95.187,33.0,4.7,"279 km ENE of Port Blair, India",usp000apnr
2001-09-23 14:47:56.300,24.384,94.736,33.0,4.1,"71 km ESE of W?ngjing, India",usp000apnv
2001-09-24 11:16:07.390,10.625,94.464,33.0,4.2,"220 km ESE of Port Blair, India",usp000apq7
2001-09-27 22:31:36.660,28.258,104.59,10.0,4.2,"24 km SSW of Xunchang, China",usp000apwr
2001-09-29 12:11:58.480,13.073,93.192,10.0,4.5,"160 km NNE of Bamboo Flat, India",usp000apzr
2001-09-29 17:44:04.830,21.301,95.233,33.0,4.5,"15 km ESE of Pakokku, Myanmar",usp000aq06
2001-10-07 10:01:30.270,20.673,94.674,86.0,4.3,"29 km SSW of Chauk, Myanmar",usp000aqcf
2001-10-07 13:56:12.050,23.58,93.356,43.0,4.8,"32 km NE of Khawhai, India",usp000aqcw
2001-10-08 11:04:42.070,12.31,92.844,33.0,4.4,"68 km NNE of Bamboo Flat, India",usp000aqfc
2001-10-10 17:45:12.170,24.748,99.335,33.0,4.7,"128 km SW of Dali, China",usp000aqnp
2001-10-13 20:54:49.340,18.896,92.375,10.0,5.2,"148 km SSW of Sittwe, Myanmar",usp000aqvh
2001-10-14 13:50:58.560,28.834,103.58,33.0,3.7,"75 km SW of Luocheng, China",usp000aqx1
2001-10-19 07:04:33.830,21.068,93.655,39.6,5.0,"122 km W of Chauk, Myanmar",usp000ar7f
2001-10-20 14:40:22.040,18.849,92.397,33.0,4.4,"152 km SSW of Sittwe, Myanmar",usp000ar9s
2001-10-25 17:05:48.850,22.785,94.69,125.8,4.3,"87 km NNW of Monywa, Myanmar",usp000armr
2001-10-26 08:22:54.660,26.273,92.985,10.0,4.5,"32 km NNE of Hoj?i, India",usp000arnt
2001-10-27 05:35:39.720,26.316,100.648,10.0,5.6,"74 km SE of Lijiang, China",usp000arq9
2001-10-27 06:06:18.500,26.274,100.912,10.0,4.4,"84 km WSW of Dadukou, China",usp000arqc
2001-10-27 18:26:21.710,19.068,92.428,10.0,4.5,"129 km SSW of Sittwe, Myanmar",usp000arrp
2001-11-06 14:09:25.390,27.268,91.919,33.0,5.2,"33 km S of Tawang, India",usp000asbg
2001-11-11 11:38:22.120,19.504,99.866,33.0,4.4,"13 km W of Pa Daet, Thailand",usp000asp7
2001-11-15 14:59:56.140,29.471,101.171,66.1,4.6,"96 km SW of Kangding, China",usp000asxv
2001-11-23 11:07:39.440,18.679,92.2,10.0,4.4,"178 km SSW of Sittwe, Myanmar",usp000atbu
2001-11-23 11:32:10.510,18.748,92.201,10.0,4.7,"171 km SSW of Sittwe, Myanmar",usp000atby
2001-11-24 05:14:14.790,18.738,92.207,10.0,4.3,"171 km SSW of Sittwe, Myanmar",usp000atd5
2001-11-27 13:47:04.340,28.35,95.276,33.0,3.7,"31 km N of P?sigh?t, India",usp000atkb
2001-11-28 04:42:21.770,22.46,103.056,33.0,4.3,"82 km W of Sa Pa, Vietnam",usp000atmb
2001-12-18 08:55:10.050,20.999,93.589,33.0,4.3,"118 km NE of Sittwe, Myanmar",usp000autw
2001-12-19 07:54:07.960,23.632,90.376,10.0,4.5,"9 km SSW of Dhaka, Bangladesh",usp000auw4
2001-12-22 22:42:01.550,28.944,104.712,58.7,4.5,"eastern Sichuan, China",usp000av31
2001-12-24 05:49:41.310,25.297,94.762,100.0,4.4,"48 km SSE of Phek, India",usp000av5u
2002-01-03 16:48:53.270,25.628,99.824,33.0,4.4,"39 km W of Dali, China",usp000avsf
2002-01-03 18:40:25.710,25.568,99.951,47.4,4.3,"26 km W of Dali, China",usp000avsk
2002-01-06 17:00:46.590,25.686,100.023,33.0,4.2,"22 km WNW of Dali, China",usp000avyc
2002-01-10 15:46:19.710,13.96,93.533,100.0,3.9,"265 km NNE of Bamboo Flat, India",usp000aw6k
2002-01-12 10:01:06.260,27.336,91.887,59.5,3.9,"26 km S of Tawang, India",usp000awa2
2002-01-15 12:32:18.150,10.09,93.688,33.0,4.0,"202 km SSE of Port Blair, India",usp000awhx
2002-01-17 06:48:46.890,29.925,99.342,35.0,4.6,"235 km N of Shangri-La, China",usp000awmy
2002-01-17 14:42:56.900,26.276,96.41,96.0,4.5,"40 km W of Sarupathar, India",usp000awnc
2002-01-19 22:14:20.830,21.323,101.486,33.0,4.4,"42 km NNE of Luang Namtha, Laos",usp000awt4
2002-02-02 19:34:58.670,21.95,99.097,33.0,4.6,"169 km W of Jinghong, China",usp000axnd
2002-02-03 04:38:35.720,18.422,93.726,33.0,4.3,"164 km WSW of Pyay, Myanmar",usp000axnz
2002-02-06 21:09:47.760,11.15,92.415,33.0,4.8,"67 km SSW of Port Blair, India",usp000axxx
2002-03-03 00:23:09.560,28.698,102.219,33.0,4.5,"88 km N of Xichang, China",usp000azg7
2002-03-11 00:09:43.270,14.041,93.109,33.0,4.6,"262 km N of Bamboo Flat, India",usp000b02v
2002-03-12 07:33:00.290,25.178,92.234,33.0,4.1,"Meghalaya - Assam region, India",usp000b05s
2002-03-12 20:51:13.940,13.853,93.198,33.0,4.8,"243 km NNE of Bamboo Flat, India",usp000b06s
2002-03-13 03:42:06.430,13.815,93.292,33.0,4.3,"242 km NNE of Bamboo Flat, India",usp000b075
2002-03-13 11:09:41.160,13.783,93.255,33.0,3.6,"237 km NNE of Bamboo Flat, India",usp000b07n
2002-03-22 06:49:42.700,13.836,93.211,33.0,4.6,"242 km NNE of Bamboo Flat, India",usp000b0ud
2002-03-22 13:16:43.950,13.833,93.294,33.0,4.4,"244 km NNE of Bamboo Flat, India",usp000b0uz
2002-03-27 16:49:03.740,26.514,93.041,43.7,4.5,"27 km ESE of Tezpur, India",usp000b16k
2002-04-10 06:30:20.050,27.641,102.473,33.0,4.5,"35 km SE of Xichang, China",usp000b233
2002-04-12 05:04:48.810,22.364,102.643,10.0,4.5,"94 km NE of Phôngsali, Laos",usp000b288
2002-04-17 20:17:51.470,24.648,94.886,33.0,4.3,"83 km E of W?ngjing, India",usp000b2m0
2002-04-17 23:00:16.270,12.919,93.212,33.0,3.6,"145 km NNE of Bamboo Flat, India",usp000b2mc
2002-05-05 04:54:27.640,22.074,91.651,33.0,4.1,"34 km SSW of Chattogram, Bangladesh",usp000b3s2
2002-05-05 04:54:41.530,22.59,91.847,33.0,4.5,Bangladesh,usp000b3s3
2002-05-07 09:39:33.140,21.613,93.863,53.9,4.5,"117 km SSE of Hakha, Myanmar",usp000b3ws
2002-05-13 01:52:09.640,25.406,103.239,33.0,4.6,"55 km W of Qujing, China",usp000b47n
2002-05-17 23:05:49.320,11.766,92.371,33.0,4.7,"38 km W of Bamboo Flat, India",usp000b4h0
2002-05-23 14:26:43.780,27.621,102.693,33.0,4.3,"52 km SE of Xichang, China",usp000b4uk
2002-05-26 06:09:27.590,23.942,96.127,33.0,4.5,"117 km WSW of Bhamo, Myanmar",usp000b4zn
2002-05-27 21:24:23.850,23.793,103.337,10.0,4.5,"11 km NNE of Kaiyuan, China",usp000b530
2002-05-30 02:50:40.960,10.822,93.657,154.5,4.3,"136 km SE of Port Blair, India",usp000b576
2002-06-05 16:06:35.000,10.91,92.659,33.0,4.5,"84 km S of Port Blair, India",usp000b5k4
2002-06-07 18:30:21.250,24.849,95.305,148.2,4.0,"121 km SE of Phek, India",usp000b5qy
2002-06-27 12:39:59.210,12.484,93.466,65.9,4.3,"119 km NE of Bamboo Flat, India",usp000b71p
2002-07-02 03:54:08.090,19.694,100.792,33.0,4.5,"44 km N of Chiang Klang, Thailand",usp000b7b8
2002-07-04 01:03:36.700,22.911,94.655,113.7,4.6,"84 km SSE of Mawlaik, Myanmar",usp000b7ep
2002-07-07 02:47:10.900,22.459,94.672,132.1,3.9,"61 km NW of Monywa, Myanmar",usp000b7n7
2002-07-10 14:31:59.290,26.338,92.105,37.4,3.8,"13 km SSE of Mangaldai, India",usp000b7vw
2002-07-14 01:15:11.280,23.92,94.225,65.4,4.7,"35 km NNW of Mawlaik, Myanmar",usp000b829
2002-07-14 02:17:54.150,23.518,93.901,79.5,4.6,"53 km WSW of Mawlaik, Myanmar",usp000b82d
2002-07-18 09:50:38.000,21.232,98.384,33.0,4.2,"148 km ENE of Taunggyi, Myanmar",usp000b8ar
2002-07-18 15:52:50.480,21.2,98.266,33.0,4.5,"135 km ENE of Taunggyi, Myanmar",usp000b8b9
2002-07-20 07:37:31.370,25.091,92.139,33.0,4.3,"32 km NW of Kar?mganj, India",usp000b8eq
2002-07-21 14:53:12.620,10.6,93.767,33.0,3.8,"162 km SE of Port Blair, India",usp000b8gx
2002-07-22 12:26:14.080,24.749,94.542,74.0,3.9,"50 km E of Yairipok, India",usp000b8jw
2002-08-03 02:14:13.140,12.458,95.419,33.0,4.4,"Andaman Islands, India region",usp000b977
2002-08-03 02:19:44.090,12.685,95.613,33.0,4.4,"Andaman Islands, India region",usp000b978
2002-08-03 04:20:22.320,12.571,95.453,33.0,4.4,"Andaman Islands, India region",usp000b97f
2002-08-03 16:28:46.050,22.194,93.388,74.3,3.8,"53 km SE of Saiha, India",usp000b98n
2002-08-12 18:49:07.170,12.845,93.249,33.0,4.3,"139 km NNE of Bamboo Flat, India",usp000b9s8
2002-08-16 16:32:33.800,24.683,94.926,139.5,3.9,"87 km E of W?ngjing, India",usp000ba11
2002-08-16 19:53:59.100,27.675,100.952,33.0,4.4,"114 km NE of Lijiang, China",usp000ba1d
2002-08-18 21:07:19.590,17.616,97.571,33.0,4.4,"68 km ENE of Kyaikto, Myanmar",usp000ba5k
2002-08-20 08:46:26.900,27.287,92.86,86.1,4.4,"43 km E of Bomdila, India",usp000ba8w
2002-08-24 18:11:54.040,26.85,96.459,33.0,3.8,Myanmar,usp000baj6
2002-09-01 03:07:56.790,12.201,93.719,153.1,4.6,"121 km ENE of Port Blair, India",usp000bb1e
2002-09-10 01:27:03.620,26.605,96.19,100.1,4.1,"76 km NW of Sarupathar, India",usp000bbvd
2002-09-13 22:27:22.970,12.977,93.281,33.0,4.2,"154 km NNE of Bamboo Flat, India",usp000bc63
2002-09-13 22:28:29.460,13.036,93.068,21.0,6.5,"152 km NNE of Bamboo Flat, India",usp000bc65
2002-09-13 22:39:13.010,13.027,93.073,33.0,4.7,"151 km NNE of Bamboo Flat, India",usp000bc66
2002-09-13 23:14:07.750,12.952,93.107,33.0,5.1,"144 km NNE of Bamboo Flat, India",usp000bc6a
2002-09-13 23:16:02.680,13.052,93.165,33.0,4.3,"157 km NNE of Bamboo Flat, India",usp000bc6b
2002-09-13 23:44:46.390,13.041,93.189,33.0,4.6,"156 km NNE of Bamboo Flat, India",usp000bc6e
2002-09-14 01:01:36.940,13.094,93.188,33.0,4.3,"162 km NNE of Bamboo Flat, India",usp000bc6j
2002-09-14 06:56:57.300,12.951,93.2,33.0,4.5,"148 km NNE of Bamboo Flat, India",usp000bc75
2002-09-14 09:11:05.290,12.964,93.257,33.0,4.5,"151 km NNE of Bamboo Flat, India",usp000bc7e
2002-09-14 09:20:00.010,13.066,93.219,33.0,4.4,"160 km NNE of Bamboo Flat, India",usp000bc7g
2002-09-14 15:10:09.960,12.868,93.211,33.0,4.6,"139 km NNE of Bamboo Flat, India",usp000bc80
2002-09-14 19:58:36.950,13.055,93.157,33.0,5.8,"157 km NNE of Bamboo Flat, India",usp000bc8h
2002-09-14 20:36:22.930,13.006,93.194,33.0,4.3,"153 km NNE of Bamboo Flat, India",usp000bc8k
2002-09-14 20:36:59.080,12.93,93.248,33.0,4.4,"147 km NNE of Bamboo Flat, India",usp000bc8m
2002-09-14 20:41:53.020,12.967,93.193,33.0,4.0,"149 km NNE of Bamboo Flat, India",usp000bc8n
2002-09-14 21:15:34.700,12.886,93.186,33.0,4.3,"140 km NNE of Bamboo Flat, India",usp000bc8r
2002-09-14 21:36:29.680,12.935,93.215,33.0,4.3,"146 km NNE of Bamboo Flat, India",usp000bc8t
2002-09-14 22:10:52.530,12.889,93.273,33.0,4.6,"144 km NNE of Bamboo Flat, India",usp000bc8u
2002-09-14 22:12:36.600,13.054,93.175,33.0,5.0,"157 km NNE of Bamboo Flat, India",usp000bc8v
2002-09-14 23:04:28.960,12.998,93.248,33.0,4.1,"154 km NNE of Bamboo Flat, India",usp000bc8z
2002-09-15 00:51:03.830,12.833,93.263,33.0,4.3,"138 km NNE of Bamboo Flat, India",usp000bc93
2002-09-15 01:29:28.830,12.955,93.221,33.0,4.3,"149 km NNE of Bamboo Flat, India",usp000bc95
2002-09-15 14:31:20.860,13.008,93.15,33.0,4.4,"152 km NNE of Bamboo Flat, India",usp000bcaa
2002-09-18 00:30:41.140,13.001,93.182,33.0,4.2,"152 km NNE of Bamboo Flat, India",usp000bcj4
2002-09-18 12:01:36.310,13.112,93.168,33.0,5.5,"163 km NNE of Bamboo Flat, India",usp000bck8
2002-09-20 03:36:58.190,13.089,93.173,33.0,4.7,"161 km NNE of Bamboo Flat, India",usp000bcp9
2002-09-21 04:51:01.750,13.042,92.934,33.0,4.3,"Andaman Islands, India region",usp000bcsq
2002-09-25 05:57:14.100,12.999,93.095,33.0,4.2,"149 km NNE of Bamboo Flat, India",usp000bd2r
2002-09-27 15:20:45.960,23.176,93.911,62.0,4.8,"37 km NE of Falam, Myanmar",usp000bd89
2002-09-27 17:41:07.440,12.911,93.202,33.0,4.6,"143 km NNE of Bamboo Flat, India",usp000bd8u
2002-09-29 11:49:24.370,12.943,93.174,33.0,4.3,"146 km NNE of Bamboo Flat, India",usp000bddz
2002-09-29 16:51:46.290,13.027,93.166,33.0,3.8,"154 km NNE of Bamboo Flat, India",usp000bden
2002-10-03 23:42:41.240,13.003,93.192,33.0,4.3,"153 km NNE of Bamboo Flat, India",usp000bdrm
2002-10-04 21:34:23.240,13.001,93.292,33.0,4.6,"156 km NNE of Bamboo Flat, India",usp000bdtk
2002-10-05 05:18:53.360,24.368,94.637,43.8,4.3,"63 km ESE of W?ngjing, India",usp000bdue
2002-10-05 12:14:40.990,24.786,95.334,184.8,4.2,"128 km SE of Phek, India",usp000bdv2
2002-10-05 22:07:13.580,12.994,93.099,33.0,4.6,"149 km NNE of Bamboo Flat, India",usp000bdvz
2002-10-11 11:02:54.700,22.996,93.84,74.0,4.8,"18 km ENE of Falam, Myanmar",usp000be93
2002-10-13 18:30:10.780,13.065,93.214,33.0,4.5,"160 km NNE of Bamboo Flat, India",usp000befp
2002-10-14 03:37:11.290,13.083,93.252,33.0,4.3,"163 km NNE of Bamboo Flat, India",usp000begq
2002-10-14 13:27:50.390,24.692,91.772,33.0,4.9,"19 km SE of Jahedpur, Bangladesh",usp000behn
2002-10-16 01:31:15.130,21.183,93.528,40.5,5.1,"132 km NNE of Sittwe, Myanmar",usp000bene
2002-10-17 05:22:02.750,13.032,93.098,33.0,4.9,"153 km NNE of Bamboo Flat, India",usp000beqx
2002-10-17 16:31:46.770,29.661,97.797,80.9,4.4,"173 km SSE of Qamdo, China",usp000berc
2002-10-19 11:11:32.660,25.852,102.141,10.0,4.6,"88 km SSE of Dadukou, China",usp000beuz
2002-10-22 09:44:02.770,22.381,93.031,33.0,4.3,"13 km SSE of Saiha, India",usp000bf0p
2002-10-23 11:49:44.980,11.192,92.979,33.0,4.8,"58 km SSE of Port Blair, India",usp000bf32
2002-10-25 20:38:55.130,13.056,93.232,33.0,4.5,"160 km NNE of Bamboo Flat, India",usp000bfc4
2002-10-30 15:09:14.650,20.663,91.258,33.0,3.9,"110 km WSW of Tekn?f, Bangladesh",usp000bfnx
2002-11-01 20:05:39.620,22.554,93.939,73.1,4.2,"35 km ESE of Hakha, Myanmar",usp000bfuc
2002-11-02 04:47:42.200,12.701,92.856,33.0,5.8,"111 km N of Bamboo Flat, India",usp000bfvv
2002-11-03 06:45:22.000,13.199,95.63,33.0,4.7,"293 km WSW of Dawei, Myanmar",usp000bfyw
2002-11-03 06:45:26.260,13.191,95.774,33.0,4.9,"279 km WSW of Dawei, Myanmar",usp000bfyx
2002-11-03 07:04:32.080,13.179,95.797,33.0,4.5,"277 km WSW of Dawei, Myanmar",usp000bfz2
2002-11-03 07:26:46.860,13.017,93.123,33.0,4.2,"152 km NNE of Bamboo Flat, India",usp000bfz5
2002-11-03 08:45:00.040,13.25,95.698,33.0,5.4,"285 km WSW of Dawei, Myanmar",usp000bfz8
2002-11-03 09:12:43.240,13.294,95.923,33.0,4.7,"260 km WSW of Dawei, Myanmar",usp000bfza
2002-11-10 21:54:01.490,17.212,93.756,32.0,5.0,"114 km WNW of Pathein, Myanmar",usp000bhbz
2002-11-12 00:32:08.570,24.511,94.718,109.7,4.2,"66 km E of W?ngjing, India",usp000bhfy
2002-11-14 02:59:22.370,27.552,92.639,61.0,4.6,"38 km NNE of Bomdila, India",usp000bhn4
2002-11-15 12:46:56.380,10.675,91.852,33.0,4.5,"146 km SW of Port Blair, India",usp000bhqm
2002-11-16 08:19:35.840,17.18,93.77,33.0,3.7,"111 km WNW of Pathein, Myanmar",usp000bhsw
2002-11-16 08:52:21.060,29.667,90.409,10.0,4.6,"44 km SW of Dêqên, China",usp000bhsz
2002-11-16 09:40:13.070,29.768,90.523,10.0,4.7,"28 km SW of Dêqên, China",usp000bht3
2002-11-16 09:44:52.720,29.768,90.48,10.0,4.6,"31 km SW of Dêqên, China",usp000bht4
2002-11-16 16:55:48.890,17.41,96.031,33.0,4.7,"37 km SE of Tharyarwady, Myanmar",usp000bhtp
2002-11-16 17:38:37.340,17.22,93.765,20.9,4.2,"113 km WNW of Pathein, Myanmar",usp000bhtr
2002-11-16 17:53:05.960,17.095,93.763,25.1,4.9,"108 km WNW of Pathein, Myanmar",usp000bhtu
2002-11-16 18:04:41.390,29.694,90.407,10.0,4.3,"42 km SW of Dêqên, China",usp000bhtv
2002-11-18 21:59:41.140,21.73,95.149,63.7,4.0,"38 km NW of Myingyan, Myanmar",usp000bhyr
2002-11-27 21:13:38.620,12.94,93.138,33.0,4.6,"144 km NNE of Bamboo Flat, India",usp000bjjd
2002-11-28 09:38:07.630,12.92,93.209,33.0,4.3,"145 km NNE of Bamboo Flat, India",usp000bjm5
2002-11-29 16:49:07.840,29.676,90.395,10.0,4.9,"44 km SW of Dêqên, China",usp000bjqm
2002-11-29 17:32:44.040,29.681,90.63,33.0,3.5,"32 km SSW of Dêqên, China",usp000bjqq
2002-11-30 02:52:03.510,28.64,95.082,38.2,5.1,"58 km NNE of Along, India",usp000bjrf
2002-12-02 10:01:12.170,27.152,96.699,80.0,3.9,"101 km SSE of Tezu, India",usp000bjxs
2002-12-03 12:27:09.700,10.429,93.687,33.0,4.7,"171 km SE of Port Blair, India",usp000bk1a
2002-12-04 11:30:53.780,19.379,94.513,53.5,5.6,"70 km W of Thayetmyo, Myanmar",usp000bk39
2002-12-04 19:24:11.470,12.961,93.1,33.0,4.5,"145 km NNE of Bamboo Flat, India",usp000bk3y
2002-12-06 05:04:41.750,19.381,95.77,33.0,4.8,"55 km SW of Nay Pyi Taw, Myanmar",usp000bk6k
2002-12-09 08:05:49.340,20.699,94.411,33.0,4.3,"47 km WSW of Chauk, Myanmar",usp000bkd1
2002-12-14 00:59:06.770,25.48,96.917,33.0,3.6,"49 km WNW of Myitkyina, Myanmar",usp000bkne
2002-12-16 00:48:09.830,29.675,90.361,33.0,3.8,"46 km SW of Dêqên, China",usp000bksm
2002-12-18 13:47:12.700,19.187,98.96,40.2,4.3,"43 km N of Chiang Mai, Thailand",usp000bkxk
2002-12-21 22:31:13.620,12.985,93.271,33.0,4.7,"154 km NNE of Bamboo Flat, India",usp000bm4p
2002-12-25 12:14:56.720,23.235,93.981,71.4,4.0,"47 km NE of Falam, Myanmar",usp000bmd0
2002-12-28 10:57:29.130,24.654,95.171,127.9,4.0,"112 km E of W?ngjing, India",usp000bmk8
2003-01-01 16:52:45.750,26.478,96.292,98.0,4.1,"59 km WNW of Sarupathar, India",usp000bmwb
2003-01-09 23:14:34.480,11.63,92.978,56.3,4.8,"25 km E of Port Blair, India",usp000bnay
2003-01-12 20:17:18.340,11.104,92.721,33.0,4.3,"62 km S of Port Blair, India",usp000bnf7
2003-01-13 16:30:59.950,12.918,95.617,33.0,4.8,"Andaman Islands, India region",usp000bngh
2003-01-13 16:35:02.910,12.922,95.552,33.0,5.3,"Andaman Islands, India region",usp000bngj
2003-01-13 17:19:33.720,12.922,95.732,33.0,3.7,"Andaman Islands, India region",usp000bngp
2003-01-17 02:53:03.930,19.888,95.238,101.8,5.0,"34 km WSW of Taungdwingyi, Myanmar",usp000bnpc
2003-01-20 20:37:30.760,24.104,94.831,33.0,4.0,"67 km NE of Mawlaik, Myanmar",usp000bnwk
2003-01-23 10:35:08.260,12.991,93.704,83.7,4.7,"178 km NE of Bamboo Flat, India",usp000bp1s
2003-01-26 01:07:24.490,12.832,95.592,21.1,3.7,"Andaman Islands, India region",usp000bp6a
2003-01-26 01:33:59.100,12.94,95.866,20.4,4.2,"281 km WSW of Dawei, Myanmar",usp000bp6b
2003-01-26 02:01:35.870,12.88,95.613,21.7,4.5,"Andaman Islands, India region",usp000bp6c
2003-01-26 04:48:50.110,12.863,95.619,19.6,4.6,"Andaman Islands, India region",usp000bp6k
2003-01-26 10:49:28.880,12.95,95.607,20.0,5.1,"Andaman Islands, India region",usp000bp78
2003-01-26 11:14:11.270,12.924,95.742,33.0,4.3,"294 km WSW of Dawei, Myanmar",usp000bp7b
2003-01-31 06:04:24.520,29.746,90.515,10.0,3.8,"30 km SW of Dêqên, China",usp000bpp7
2003-02-16 01:32:13.760,13.05,93.132,34.0,3.8,"156 km NNE of Bamboo Flat, India",usp000bqsh
2003-02-16 09:22:09.230,10.494,92.833,33.0,4.1,"130 km S of Port Blair, India",usp000bqtf
2003-03-10 03:40:30.940,23.523,94.26,100.0,4.0,"19 km SW of Mawlaik, Myanmar",usp000bsav
2003-03-15 03:59:27.400,24.25,94.388,73.2,4.0,"49 km SE of Kakching, India",usp000bsp0
2003-03-18 08:20:16.950,25.239,95.135,104.4,4.5,"79 km SE of Phek, India",usp000bsy9
2003-03-21 04:44:50.210,12.948,93.019,33.0,4.7,"141 km NNE of Bamboo Flat, India",usp000bt54
2003-03-26 04:22:30.070,12.518,92.564,33.0,5.9,"92 km N of Bamboo Flat, India",usp000bth8
2003-03-30 13:18:49.900,20.172,95.109,98.3,4.4,"18 km E of Magway, Myanmar",usp000btx2
2003-03-31 05:32:06.370,26.528,91.827,57.7,3.9,"22 km WNW of Mangaldai, India",usp000bu05
2003-04-02 20:50:39.920,23.116,94.245,67.9,4.2,"60 km SSW of Mawlaik, Myanmar",usp000bu7k
2003-04-03 23:48:24.640,20.644,103.166,10.0,4.7,"83 km S of Dien Bien Phu, Vietnam",usp000bua5
2003-04-07 14:01:28.880,12.524,92.685,40.5,4.9,"91 km N of Bamboo Flat, India",usp000bun8
2003-04-08 16:55:08.370,26.128,93.193,40.5,4.6,"36 km ENE of Hoj?i, India",usp000buqn
2003-04-14 12:37:30.840,12.874,92.993,33.0,4.7,"133 km NNE of Bamboo Flat, India",usp000bv5x
2003-04-28 20:40:32.260,16.408,95.978,33.0,3.9,"27 km E of Kyaiklat, Myanmar",usp000bw5p
2003-04-29 09:45:40.360,27.535,100.178,10.0,4.3,"56 km SE of Shangri-La, China",usp000bw6v
2003-05-20 10:41:30.580,23.325,93.619,67.3,4.0,"45 km N of Falam, Myanmar",usp000bxk1
2003-05-20 14:16:39.670,10.48,93.089,54.2,4.5,"136 km SSE of Port Blair, India",usp000bxkg
2003-05-20 17:26:36.030,12.843,93.22,33.0,3.9,"137 km NNE of Bamboo Flat, India",usp000bxkw
2003-05-25 02:32:49.190,12.826,93.123,33.0,4.3,"132 km NNE of Bamboo Flat, India",usp000by31
2003-05-27 20:28:22.560,12.383,93.308,33.0,4.1,"99 km NE of Bamboo Flat, India",usp000byb3
2003-05-29 00:33:29.090,27.272,92.772,76.1,4.1,"34 km E of Bomdila, India",usp000byed
2003-05-30 10:27:52.020,26.797,92.353,47.6,3.9,"16 km NW of Dhekiajuli, India",usp000byj0
2003-06-04 13:16:13.480,23.236,93.794,67.8,4.8,"37 km NNE of Falam, Myanmar",usp000bz20
2003-06-13 02:07:54.530,27.969,99.715,33.0,4.2,"15 km N of Shangri-La, China",usp000bzrj
2003-06-17 14:46:22.660,27.876,102.24,33.0,4.1,"3 km SW of Xichang, China",usp000c02y
2003-06-26 11:33:36.340,12.836,92.856,47.0,4.5,"126 km N of Bamboo Flat, India",usp000c101
2003-07-04 11:35:38.350,16.793,94.706,33.0,4.8,"3 km WNW of Pathein, Myanmar",usp000c1mv
2003-07-06 04:04:58.060,12.185,95.176,26.5,4.9,"270 km ENE of Port Blair, India",usp000c1s9
2003-07-10 01:34:01.810,27.811,102.544,47.2,4.7,"29 km ESE of Xichang, China",usp000c23q
2003-07-12 01:55:46.010,12.014,94.969,33.0,5.1,"245 km E of Port Blair, India",usp000c28s
2003-07-12 02:42:45.030,12.643,94.981,33.0,5.3,"266 km ENE of Port Blair, India",usp000c28u
2003-07-13 23:38:51.410,12.563,95.627,33.0,5.0,"Andaman Islands, India region",usp000c2ed
2003-07-16 11:05:33.420,27.378,100.299,33.0,4.3,"56 km N of Lijiang, China",usp000c2mt
2003-07-21 15:16:31.930,25.975,101.29,10.0,6.0,"75 km SSW of Dadukou, China",usp000c30u
2003-07-22 00:09:38.610,25.959,101.19,10.0,4.4,"83 km SW of Dadukou, China",usp000c31s
2003-07-23 04:42:30.110,26.049,101.207,10.0,4.3,"74 km SW of Dadukou, China",usp000c33y
2003-07-23 23:52:41.850,25.966,101.274,10.0,4.0,"77 km SSW of Dadukou, China",usp000c364
2003-07-26 23:18:17.960,22.854,92.306,10.0,5.7,"44 km SE of Khagrachhari, Bangladesh",usp000c3ex
2003-07-27 00:17:15.570,22.544,92.06,10.0,4.3,"14 km E of Raoj?n, Bangladesh",usp000c3f3
2003-07-27 07:32:52.480,22.743,92.168,10.0,4.3,"34 km NE of Raoj?n, Bangladesh",usp000c3fx
2003-07-27 11:00:47.000,22.601,92.035,10.0,4.2,"13 km ENE of Raoj?n, Bangladesh",usp000c3ge
2003-07-27 12:07:29.430,22.825,92.343,10.0,5.5,"41 km W of Lunglei, India",usp000c3gj
2003-07-27 14:33:10.160,22.841,92.358,10.0,4.4,"39 km W of Lunglei, India",usp000c3gw
2003-07-29 06:25:40.190,26.213,96.004,63.5,4.7,"80 km W of Sarupathar, India",usp000c3mr
2003-08-01 03:19:37.990,22.837,92.35,10.0,4.7,"40 km W of Lunglei, India",usp000c3ty
2003-08-05 12:49:05.630,25.982,101.189,10.0,4.0,"81 km SW of Dadukou, China",usp000c46d
2003-08-08 09:59:23.530,26.687,97.036,11.5,5.0,"57 km NNE of Sarupathar, India",usp000c4dx
2003-08-11 21:22:30.420,12.124,93.53,100.2,6.0,"99 km ENE of Port Blair, India",usp000c4nb
2003-08-12 15:59:44.660,25.997,101.053,33.0,4.4,"89 km SW of Dadukou, China",usp000c4px
2003-08-18 09:03:03.520,29.573,95.605,33.0,5.5,"166 km NE of Shi Yomi, India",usp000c58m
2003-08-18 09:37:25.790,29.688,95.97,33.0,4.5,"187 km NNW of Hayuliang, India",usp000c58s
2003-08-18 10:00:17.900,25.913,101.284,10.0,4.7,"81 km SSW of Dadukou, China",usp000c58v
2003-08-20 20:04:11.240,12.902,93.07,33.0,4.4,"138 km NNE of Bamboo Flat, India",usp000c5fr
2003-08-21 02:17:54.650,27.353,101.4,33.0,4.8,"94 km NNW of Dadukou, China",usp000c5ga
2003-08-21 03:56:30.630,12.848,93.074,33.0,4.6,"132 km NNE of Bamboo Flat, India",usp000c5gf
2003-08-21 10:58:14.340,27.469,101.337,33.0,4.5,"102 km WSW of Xichang, China",usp000c5h1
2003-08-21 15:20:29.530,27.377,101.267,33.0,4.3,"101 km NNW of Dadukou, China",usp000c5hw
2003-08-24 14:46:39.290,25.034,96.499,40.1,4.4,"98 km WSW of Myitkyina, Myanmar",usp000c5u1
2003-08-24 19:07:04.730,24.806,94.95,86.1,4.6,"92 km E of Yairipok, India",usp000c5up
2003-08-26 20:54:15.390,24.94,93.642,45.3,4.5,"33 km WNW of Imph?l, India",usp000c60b
2003-08-27 01:44:57.820,22.876,93.499,53.6,4.5,"18 km WSW of Falam, Myanmar",usp000c610
2003-08-30 05:57:02.700,23.683,95.724,33.0,4.7,"116 km NW of Mogok, Myanmar",usp000c68t
2003-08-31 16:48:21.050,24.821,92.92,33.0,4.2,"9 km WNW of Lakhipur, India",usp000c6d2
2003-09-16 08:00:43.810,29.48,101.012,53.0,4.9,"108 km WSW of Kangding, China",usp000c7ps
2003-09-18 17:27:46.320,11.161,93.748,175.7,4.3,"122 km ESE of Port Blair, India",usp000c7y0
2003-09-20 05:13:28.610,27.828,99.426,100.7,4.3,"27 km W of Shangri-La, China",usp000c82d
2003-09-21 18:16:13.410,19.917,95.672,10.0,6.6,"16 km SE of Taungdwingyi, Myanmar",usp000c87f
2003-09-21 18:31:16.670,19.831,95.567,10.0,4.7,"19 km S of Taungdwingyi, Myanmar",usp000c87m
2003-09-21 18:41:42.080,19.741,95.566,10.0,4.6,"29 km S of Taungdwingyi, Myanmar",usp000c87r
2003-09-21 19:14:36.590,19.879,95.445,10.0,4.7,"17 km SW of Taungdwingyi, Myanmar",usp000c87y
2003-09-21 20:43:24.760,19.731,95.559,10.0,4.7,"30 km S of Taungdwingyi, Myanmar",usp000c88c
2003-09-22 07:55:03.450,20.032,95.892,10.0,4.8,"36 km E of Taungdwingyi, Myanmar",usp000c89v
2003-09-22 10:50:56.550,19.835,95.756,10.0,4.9,"29 km SE of Taungdwingyi, Myanmar",usp000c8a8
2003-09-25 02:15:41.560,19.764,95.575,10.0,3.8,"27 km S of Taungdwingyi, Myanmar",usp000c8hw
2003-09-25 04:58:29.020,19.876,95.579,10.0,4.8,"14 km SSE of Taungdwingyi, Myanmar",usp000c8j6
2003-09-27 01:06:32.610,25.938,101.23,33.0,4.8,"82 km SW of Dadukou, China",usp000c8rg
2003-10-01 17:11:48.610,19.949,95.597,10.0,4.7,"8 km SE of Taungdwingyi, Myanmar",usp000c99m
2003-10-02 20:51:55.030,19.511,95.375,10.0,4.2,"23 km NE of Myaydo, Myanmar",usp000c9cr
2003-10-03 04:24:30.930,19.899,95.488,10.0,4.0,"13 km SSW of Taungdwingyi, Myanmar",usp000c9ed
2003-10-03 12:34:05.450,20.061,96.002,10.0,4.7,"37 km NNW of Nay Pyi Taw, Myanmar",usp000c9fg
2003-10-06 10:01:09.290,29.782,95.283,33.0,4.5,"164 km NNE of Shi Yomi, India",usp000c9rs
2003-10-10 10:09:08.180,12.978,93.219,33.0,4.4,"151 km NNE of Bamboo Flat, India",usp000ca26
2003-10-12 21:33:52.000,23.521,94.128,44.2,4.0,"31 km WSW of Mawlaik, Myanmar",usp000ca8m
2003-10-15 09:10:27.680,25.091,94.861,110.3,4.0,"73 km SSE of Phek, India",usp000caec
2003-10-16 12:28:09.070,25.954,101.254,33.0,5.6,"Yunnan, China",usp000cagn
2003-10-16 13:07:38.800,26.089,101.546,33.0,3.9,"53 km SSW of Dadukou, China",usp000cagr
2003-10-16 22:41:36.960,25.974,101.35,33.0,4.5,"72 km SSW of Dadukou, China",usp000caje
2003-10-19 21:01:17.620,25.914,101.244,33.0,3.7,"84 km SSW of Dadukou, China",usp000cau0
2003-10-21 07:32:23.300,19.694,95.412,10.0,4.1,"37 km SSW of Taungdwingyi, Myanmar",usp000caxj
2003-10-29 10:02:51.500,26.037,95.93,70.9,4.7,"89 km WSW of Sarupathar, India",usp000cbhx
2003-10-29 18:05:26.920,13.156,92.026,33.0,3.7,"177 km NNW of Bamboo Flat, India",usp000cbjp
2003-10-30 15:22:18.180,19.808,95.742,10.0,5.3,"30 km SE of Taungdwingyi, Myanmar",usp000cbn1
2003-10-31 11:06:22.770,19.794,95.402,10.0,4.5,"27 km SSW of Taungdwingyi, Myanmar",usp000cbqz
2003-10-31 18:09:25.970,25.939,101.077,33.0,4.4,"92 km SW of Dadukou, China",usp000cbrk
2003-11-02 10:49:02.220,19.88,95.66,10.0,4.4,"18 km SE of Taungdwingyi, Myanmar",usp000cbwc
2003-11-04 21:43:34.360,26.577,100.701,33.0,4.6,"57 km SE of Lijiang, China",usp000cc2r
2003-11-04 22:38:12.940,26.517,100.568,33.0,3.5,"52 km SE of Lijiang, China",usp000cc2w
2003-11-06 13:53:10.100,19.69,95.655,10.0,4.5,"36 km SSE of Taungdwingyi, Myanmar",usp000cc79
2003-11-06 13:59:33.450,21.015,96.825,10.0,4.3,"33 km NW of Taunggyi, Myanmar",usp000cc7b
2003-11-06 15:18:54.090,19.741,95.702,10.0,4.8,"33 km SSE of Taungdwingyi, Myanmar",usp000cc7g
2003-11-07 02:34:33.600,10.506,93.82,161.1,4.6,"173 km SE of Port Blair, India",usp000cc8h
2003-11-08 05:58:56.550,23.63,93.664,33.0,4.9,"61 km ENE of Khawhai, India",usp000ccbf
2003-11-09 19:36:42.810,21.897,92.955,37.9,4.4,"65 km S of Saiha, India",usp000ccfz
2003-11-11 20:11:55.730,22.966,94.248,91.1,4.4,"58 km E of Falam, Myanmar",usp000ccn4
2003-11-13 01:58:38.770,19.836,95.738,10.0,4.6,"27 km SE of Taungdwingyi, Myanmar",usp000ccrf
2003-11-14 18:49:46.500,27.372,103.971,33.0,5.6,"25 km ENE of Zhaotong, China",usp000ccvr
2003-11-15 18:50:12.090,27.311,103.472,33.0,4.1,"24 km W of Zhaotong, China",usp000ccxh
2003-11-17 21:50:06.100,27.331,103.448,33.0,3.8,"26 km W of Zhaotong, China",usp000cd75
2003-11-19 10:52:04.720,24.806,95.352,137.6,4.3,"128 km SE of Phek, India",usp000cddq
2003-11-20 14:05:01.950,13.037,93.245,33.0,5.4,"158 km NNE of Bamboo Flat, India",usp000cdgb
2003-11-20 15:43:46.440,13.06,93.237,33.0,4.2,"160 km NNE of Bamboo Flat, India",usp000cdgm
2003-11-22 21:19:10.240,27.204,103.879,33.0,3.9,"20 km SE of Zhaotong, China",usp000cdps
2003-11-22 23:13:24.300,12.943,93.159,33.0,4.3,"145 km NNE of Bamboo Flat, India",usp000cdpx
2003-11-23 15:08:13.450,20.531,101.033,37.0,4.6,"60 km SW of Luang Namtha, Laos",usp000cdrn
2003-11-26 13:38:57.830,27.283,103.753,33.0,4.7,"5 km SE of Zhaotong, China",usp000cdxz
2003-11-27 14:14:57.450,29.538,100.977,33.0,4.6,"107 km WSW of Kangding, China",usp000ce0q
2003-11-29 18:34:42.620,25.696,93.216,35.5,4.2,"7 km SE of Lumding Railway Colony, India",usp000ce5b
2003-12-02 21:14:52.490,25.787,90.392,23.1,3.8,"28 km SSE of Lakhipur, India",usp000cecn
2003-12-04 15:11:50.350,20.88,94.85,114.6,4.1,"3 km ESE of Chauk, Myanmar",usp000cegt
2003-12-06 09:53:03.960,25.596,90.25,26.7,4.4,"10 km NNE of Tura, India",usp000cenk
2003-12-07 20:20:54.730,19.886,95.952,10.0,5.1,"24 km NW of Nay Pyi Taw, Myanmar",usp000ces9
2003-12-08 20:41:30.370,29.864,95.466,33.0,3.6,eastern Xizang-India border region,usp000ceum
2003-12-13 07:29:11.350,11.231,93.769,139.7,4.6,"121 km ESE of Port Blair, India",usp000cf59
2003-12-15 19:49:48.330,11.644,92.978,33.0,3.7,"25 km E of Port Blair, India",usp000cfbh
2003-12-19 00:11:58.230,19.852,95.698,10.0,5.2,"23 km SE of Taungdwingyi, Myanmar",usp000cfh9
2003-12-20 02:18:20.350,27.686,100.826,33.0,3.8,"108 km NNE of Lijiang, China",usp000cfmg
2003-12-20 12:38:14.430,21.939,94.064,78.3,3.8,"91 km SSE of Hakha, Myanmar",usp000cfnj
2003-12-21 15:14:25.100,26.682,103.827,33.0,4.3,"44 km WSW of Weining, China",usp000cfr4
2003-12-28 18:58:29.980,21.565,94.352,145.7,3.8,"80 km WNW of Pakokku, Myanmar",usp000cgdb
2003-12-30 10:49:54.000,11.643,92.805,33.0,4.3,"6 km ESE of Port Blair, India",usp000cghz
2003-12-30 20:59:46.850,25.35,96.578,33.0,4.5,"82 km W of Myitkyina, Myanmar",usp000cgjz
2004-01-01 11:14:13.100,23.277,102.993,18.1,4.2,"18 km WSW of Gejiu, China",usp000cgrh
2004-01-03 15:44:50.230,23.11,94.211,93.0,4.3,"58 km ENE of Falam, Myanmar",usp000cgz5
2004-01-04 07:14:56.100,10.274,93.084,90.0,4.2,"158 km SSE of Port Blair, India",usp000ch2f
2004-01-11 14:56:21.300,19.805,95.896,10.0,4.5,"25 km WNW of Nay Pyi Taw, Myanmar",usp000chp1
2004-01-12 00:16:03.520,26.358,91.897,38.0,3.9,"16 km SW of Mangaldai, India",usp000chq2
2004-01-26 02:40:01.210,13.136,93.357,90.0,4.0,"173 km NNE of Bamboo Flat, India",usp000cjpp
2004-01-28 01:16:17.690,17.363,94.333,33.9,4.9,"77 km NNW of Pathein, Myanmar",usp000cju2
2004-01-30 03:05:12.770,12.083,92.614,34.5,4.4,"43 km NNW of Bamboo Flat, India",usp000cjzh
2004-01-31 12:57:40.100,28.066,104.46,44.1,4.8,"50 km SSW of Xunchang, China",usp000ck3e
2004-01-31 15:51:11.160,10.734,93.368,128.0,4.6,"Andaman Islands, India region",usp000ck3y
2004-02-02 12:42:03.600,26.504,96.564,108.7,4.4,"41 km NW of Sarupathar, India",usp000ck8b
2004-02-08 19:27:48.060,21.122,94.369,79.8,4.2,"52 km WNW of Chauk, Myanmar",usp000ckrv
2004-02-09 04:30:16.130,25.745,100.05,10.0,3.6,"24 km NW of Dali, China",usp000ckt2
2004-02-19 09:11:42.920,25.474,96.773,45.3,4.8,"63 km W of Myitkyina, Myanmar",usp000cmjs
2004-02-19 09:31:19.290,24.863,96.512,47.2,4.3,"99 km NW of Bhamo, Myanmar",usp000cmju
2004-03-05 02:33:48.420,12.438,92.685,43.5,4.1,"81 km N of Bamboo Flat, India",usp000cp48
2004-03-06 10:21:32.000,12.959,93.135,38.2,5.5,"146 km NNE of Bamboo Flat, India",usp000cp7x
2004-03-14 19:43:17.950,23.513,94.065,42.6,4.2,"37 km WSW of Mawlaik, Myanmar",usp000cpyj
2004-03-20 19:20:35.180,23.593,94.792,81.7,4.8,Myanmar,usp000cqfn
2004-03-20 19:39:33.820,20.169,95.998,40.5,4.4,"33 km SSW of Yamethin, Myanmar",usp000cqfp
2004-03-24 10:56:51.860,24.489,94.855,142.6,4.1,"80 km E of W?ngjing, India",usp000cqsc
2004-03-24 16:39:32.270,25.91,101.449,42.4,4.3,"75 km SSW of Dadukou, China",usp000cqt6
2004-03-25 12:57:25.990,23.624,94.616,102.0,4.1,"21 km E of Mawlaik, Myanmar",usp000cqv2
2004-03-25 21:15:00.760,25.966,101.344,34.4,4.6,"73 km SSW of Dadukou, China",usp000cqvy
2004-03-25 22:21:29.640,19.99,95.681,41.9,4.4,"14 km E of Taungdwingyi, Myanmar",usp000cqw5
2004-03-27 04:05:26.310,18.493,100.799,13.4,3.8,"32 km S of Nan, Thailand",usp000cqzv
2004-03-27 18:28:38.880,25.269,95.471,113.9,4.1,"107 km ESE of Phek, India",usp000cr1h
2004-04-05 11:29:00.590,11.973,95.145,24.8,4.6,"263 km E of Port Blair, India",usp000crrz
2004-04-05 23:48:18.910,12.916,93.294,54.2,4.4,"148 km NNE of Bamboo Flat, India",usp000crtc
2004-04-09 10:27:03.570,24.636,95.111,121.6,4.3,"106 km E of W?ngjing, India",usp000cs2j
2004-04-10 04:23:37.310,19.832,95.434,11.1,4.5,"22 km SSW of Taungdwingyi, Myanmar",usp000cs4g
2004-04-10 15:57:01.550,13.107,93.218,33.6,5.1,"164 km NNE of Bamboo Flat, India",usp000cs5p
2004-04-13 21:10:08.070,24.696,95.249,128.9,4.7,"120 km E of W?ngjing, India",usp000cse3
2004-04-17 15:26:12.890,12.839,93.003,10.0,4.5,"129 km NNE of Bamboo Flat, India",usp000cssk
2004-04-20 08:17:53.590,28.912,94.462,26.8,4.1,"43 km NNE of Shi Yomi, India",usp000csz9
2004-05-02 01:14:16.480,23.272,94.18,83.0,4.0,"47 km SSW of Mawlaik, Myanmar",usp000ctz1
2004-05-03 02:34:56.340,11.133,95.062,24.4,4.7,"259 km ESE of Port Blair, India",usp000cu1u
2004-05-03 02:44:21.840,10.756,94.658,25.0,4.0,"231 km ESE of Port Blair, India",usp000cu1v
2004-05-03 17:41:29.200,13.089,93.187,31.1,5.2,"161 km NNE of Bamboo Flat, India",usp000cu3f
2004-05-12 20:26:43.350,25.228,93.438,57.9,4.5,"31 km ESE of Maibong, India",usp000cuvp
2004-05-16 04:57:18.420,23.276,94.22,102.4,4.5,"44 km SSW of Mawlaik, Myanmar",usp000cv65
2004-05-24 01:39:54.110,24.685,95.19,104.0,4.6,"114 km E of W?ngjing, India",usp000cw1t
2004-05-24 02:34:12.650,22.741,93.577,163.0,4.5,"11 km NNW of Hakha, Myanmar",usp000cw1w
2004-05-24 22:01:02.400,27.099,97.219,35.0,5.0,"106 km NNE of Sarupathar, India",usp000cw44
2004-05-25 13:07:40.240,27.186,97.229,41.7,4.1,"116 km NNE of Sarupathar, India",usp000cw6f
2004-05-31 01:51:45.550,14.385,93.849,30.4,4.7,"267 km SW of Mawlamyinegyunn, Myanmar",usp000cwpk
2004-06-02 22:10:36.120,10.188,93.625,26.8,4.7,"189 km SSE of Port Blair, India",usp000cwyj
2004-06-03 13:01:21.660,25.212,95.12,103.0,4.8,"80 km SE of Phek, India",usp000cx00
2004-06-04 23:14:39.060,17.325,94.198,27.2,4.5,"82 km NW of Pathein, Myanmar",usp000cx4d
2004-06-10 02:14:28.840,25.689,102.187,10.0,4.5,"85 km NNW of Majie, China",usp000cxj4
2004-06-14 11:38:17.730,23.379,94.552,93.8,4.6,"32 km SSE of Mawlaik, Myanmar",usp000cxwj
2004-06-15 04:53:58.890,26.242,96.163,35.9,4.5,"64 km W of Sarupathar, India",usp000cxy1
2004-06-16 07:40:49.330,20.96,93.303,42.7,4.1,"99 km NNE of Sittwe, Myanmar",usp000cy0a
2004-06-16 21:25:28.020,29.06,104.704,49.8,4.5,"eastern Sichuan, China",usp000cy1q
2004-06-19 07:55:53.500,24.394,94.744,95.3,4.6,"72 km ESE of W?ngjing, India",usp000cy82
2004-06-19 10:24:55.010,25.283,95.575,47.3,4.6,"116 km ESE of Phek, India",usp000cy8b
2004-06-20 08:34:44.990,27.815,96.67,28.5,4.4,"31 km SSE of Hayuliang, India",usp000cyag
2004-06-26 23:29:53.690,11.443,94.933,10.0,4.2,"239 km E of Port Blair, India",usp000cyx8
2004-06-26 23:39:38.260,12.671,93.925,10.0,4.1,"169 km NE of Port Blair, India",usp000cyx9
2004-06-26 23:44:05.390,11.064,94.417,10.0,4.5,"194 km ESE of Port Blair, India",usp000cyxb
2004-06-26 23:44:15.670,11.275,94.296,10.0,4.8,"174 km ESE of Port Blair, India",usp000cyxc
2004-06-26 23:45:49.290,11.051,95.103,10.0,5.0,"266 km ESE of Port Blair, India",usp000cyxe
2004-06-26 23:56:48.940,10.889,94.541,10.0,4.0,"213 km ESE of Port Blair, India",usp000cyxg
2004-06-28 06:00:56.040,10.751,94.677,24.2,4.2,"233 km ESE of Port Blair, India",usp000cz1h
2004-06-28 08:18:33.330,26.54,96.457,89.4,4.7,"51 km NW of Sarupathar, India",usp000cz1u
2004-06-30 13:24:54.980,20.228,95.127,0.6,4.3,"22 km ENE of Magway, Myanmar",usp000cz8e
2004-07-06 04:22:36.040,29.331,100.863,4.9,4.3,"129 km SW of Kangding, China",usp000czn1
2004-07-11 19:43:34.820,24.942,94.414,71.7,3.9,"47 km NE of Yairipok, India",usp000czz2
2004-07-13 19:31:33.840,26.208,92.784,71.5,4.2,"23 km NNW of Hoj?i, India",usp000d03w
2004-07-15 05:46:31.020,12.94,93.075,10.0,4.5,"142 km NNE of Bamboo Flat, India",usp000d06v
2004-07-15 05:55:55.580,12.759,93.037,10.0,4.2,"122 km NNE of Bamboo Flat, India",usp000d06y
2004-07-15 22:45:47.210,25.406,96.604,48.2,4.3,"79 km W of Myitkyina, Myanmar",usp000d08b
2004-07-18 21:46:52.260,23.892,95.839,22.4,3.9,"127 km NNW of Mogok, Myanmar",usp000d0ex
2004-07-24 06:29:28.920,25.215,95.357,57.8,4.1,"99 km ESE of Phek, India",usp000d0sm
2004-07-25 19:48:57.030,12.405,95.016,23.9,5.6,"260 km ENE of Port Blair, India",usp000d0vh
2004-07-29 01:44:06.910,12.455,94.997,22.4,5.9,"260 km ENE of Port Blair, India",usp000d11k
2004-07-29 02:01:49.000,12.385,94.948,20.6,5.1,"252 km ENE of Port Blair, India",usp000d11m
2004-07-29 02:15:40.920,12.223,94.809,18.4,4.9,"232 km ENE of Port Blair, India",usp000d11p
2004-07-29 02:18:37.680,12.388,94.973,19.8,4.8,"255 km ENE of Port Blair, India",usp000d11q
2004-07-29 11:38:07.050,12.72,94.569,20.9,4.2,"230 km ENE of Port Blair, India",usp000d12m
2004-07-29 13:23:03.280,12.445,95.003,24.1,5.6,"260 km ENE of Port Blair, India",usp000d12s
2004-07-29 13:33:15.640,12.353,94.982,18.7,4.5,"255 km ENE of Port Blair, India",usp000d12t
2004-07-29 16:15:32.320,12.348,94.846,18.3,4.8,"240 km ENE of Port Blair, India",usp000d132
2004-07-29 17:19:09.340,12.305,94.804,17.8,4.6,"234 km ENE of Port Blair, India",usp000d133
2004-07-29 17:49:54.020,11.927,94.341,10.0,4.0,"176 km E of Port Blair, India",usp000d134
2004-07-29 18:11:12.180,12.273,94.55,10.0,4.0,"207 km ENE of Port Blair, India",usp000d137
2004-07-30 01:00:51.000,12.114,94.748,20.2,4.0,"223 km ENE of Port Blair, India",usp000d13r
2004-07-30 03:15:01.020,13.088,95.636,30.0,4.3,"297 km WSW of Dawei, Myanmar",usp000d13w
2004-07-31 02:23:16.950,12.34,94.826,20.1,4.4,"238 km ENE of Port Blair, India",usp000d15s
2004-07-31 04:05:58.940,12.349,94.824,22.5,4.6,"238 km ENE of Port Blair, India",usp000d15x
2004-07-31 04:15:44.980,12.27,94.942,21.7,5.0,"248 km ENE of Port Blair, India",usp000d160
2004-07-31 16:22:05.930,12.383,94.987,20.5,4.7,"256 km ENE of Port Blair, India",usp000d171
2004-08-02 22:02:44.940,12.207,94.939,25.6,3.9,"246 km ENE of Port Blair, India",usp000d1bj
2004-08-03 08:59:12.770,19.962,95.517,100.7,4.2,"5 km SSW of Taungdwingyi, Myanmar",usp000d1c9
2004-08-04 02:09:21.280,25.923,90.262,61.7,4.2,"12 km SSW of Lakhipur, India",usp000d1e1
2004-08-05 22:22:59.520,11.967,94.425,10.0,4.2,"185 km E of Port Blair, India",usp000d1k5
2004-08-06 14:34:50.940,12.365,94.972,25.0,4.9,"254 km ENE of Port Blair, India",usp000d1mm
2004-08-06 14:35:27.030,12.43,94.998,23.5,5.6,"259 km ENE of Port Blair, India",usp000d1mn
2004-08-06 20:31:52.770,12.311,94.912,25.0,4.4,"246 km ENE of Port Blair, India",usp000d1n4
2004-08-07 10:27:00.110,22.691,94.363,94.5,4.2,"74 km ESE of Falam, Myanmar",usp000d1pc
2004-08-08 12:45:49.100,19.952,95.697,37.7,4.8,"16 km ESE of Taungdwingyi, Myanmar",usp000d1rs
2004-08-08 13:22:17.280,19.995,95.728,10.0,4.4,"19 km E of Taungdwingyi, Myanmar",usp000d1rw
2004-08-09 08:18:18.490,27.58,91.797,16.1,4.1,"12 km W of Tawang, India",usp000d1th
2004-08-09 13:31:32.420,12.259,94.876,21.1,4.3,"241 km ENE of Port Blair, India",usp000d1tw
2004-08-10 10:26:14.730,27.266,103.873,6.3,5.4,"16 km ESE of Zhaotong, China",usp000d1w5
2004-08-10 10:31:03.730,27.184,103.942,10.0,4.7,"26 km ESE of Zhaotong, China",usp000d1w6
2004-08-10 11:49:20.210,27.256,103.621,10.0,4.4,"11 km SW of Zhaotong, China",usp000d1w9
2004-08-10 12:48:13.390,27.313,103.567,10.0,4.6,"14 km W of Zhaotong, China",usp000d1wd
2004-08-10 13:27:34.200,27.343,103.644,10.0,4.4,"7 km WNW of Zhaotong, China",usp000d1wf
2004-08-10 21:10:10.550,21.06,95.097,100.5,4.1,"30 km S of Pakokku, Myanmar",usp000d1x0
2004-08-11 18:56:41.140,27.048,103.606,10.0,3.7,"31 km SSW of Zhaotong, China",usp000d1yr
2004-08-11 20:40:40.640,23.925,94.455,97.5,4.0,"31 km N of Mawlaik, Myanmar",usp000d1yv
2004-08-11 20:54:03.060,27.405,101.512,50.6,3.6,"91 km SW of Xichang, China",usp000d1yw
2004-08-12 18:58:33.690,23.269,93.923,71.0,4.0,"46 km NNE of Falam, Myanmar",usp000d20y
2004-08-13 15:17:25.330,23.619,95.624,27.6,4.2,"116 km N of Shwebo, Myanmar",usp000d22s
2004-08-18 06:18:28.700,29.842,93.125,36.9,3.5,"189 km NW of Shi Yomi, India",usp000d2c8
2004-08-20 06:54:26.110,12.536,92.766,41.4,4.4,"92 km N of Bamboo Flat, India",usp000d2gr
2004-08-22 09:28:08.970,24.233,104.295,11.3,4.3,"62 km ESE of Zhongshu, China",usp000d2nb
2004-08-23 02:41:45.690,24.218,104.281,10.0,4.0,"61 km ESE of Zhongshu, China",usp000d2pp
2004-08-23 09:27:13.060,10.231,92.991,10.0,4.2,"160 km S of Port Blair, India",usp000d2q6
2004-08-23 13:07:51.820,23.422,94.646,89.5,4.2,"34 km SE of Mawlaik, Myanmar",usp000d2qh
2004-08-24 00:16:54.080,23.383,94.235,79.9,4.6,"33 km SSW of Mawlaik, Myanmar",usp000d2rn
2004-08-31 18:19:11.020,27.283,103.583,39.1,4.2,"13 km WSW of Zhaotong, China",usp000d3a2
2004-09-10 18:00:46.830,23.888,93.352,59.4,4.3,"45 km ESE of Darlawn, India",usp000d41y
2004-09-13 01:08:22.930,20.107,94.657,80.0,3.9,"24 km WSW of Minbu, Myanmar",usp000d45w
2004-09-17 00:16:43.270,23.779,93.154,47.4,4.3,"34 km SE of Darlawn, India",usp000d4e5
2004-09-17 11:11:22.510,14.302,93.558,44.4,4.3,"293 km SW of Mawlamyinegyunn, Myanmar",usp000d4fg
2004-09-17 11:25:48.200,15.814,95.879,15.0,5.7,"56 km SSE of Pyapon, Myanmar",usp000d4fj
2004-09-17 17:51:00.170,15.787,95.776,15.0,4.1,"56 km S of Pyapon, Myanmar",usp000d4g6
2004-09-18 12:37:36.270,23.866,93.313,40.8,4.6,"42 km ESE of Darlawn, India",usp000d4j8
2004-09-19 00:50:35.580,14.346,94.152,93.8,4.0,"253 km SSW of Bogale, Myanmar",usp000d4m4
2004-09-20 00:59:54.300,21.53,93.621,91.7,4.5,"123 km S of Hakha, Myanmar",usp000d4pn
2004-09-20 08:02:35.820,12.498,92.492,40.0,4.1,"91 km NNW of Bamboo Flat, India",usp000d4py
2004-09-22 23:59:34.150,26.432,96.128,70.5,3.8,"72 km WNW of Sarupathar, India",usp000d4vy
2004-09-24 04:19:32.450,27.463,96.34,70.8,4.4,"53 km SSE of Tezu, India",usp000d4yp
2004-09-24 05:35:22.700,11.47,95.014,5.2,4.1,"248 km E of Port Blair, India",usp000d4yu
2004-09-24 14:33:32.460,23.763,93.59,90.3,3.6,"63 km NE of Khawhai, India",usp000d4zk
2004-09-27 02:23:02.960,26.134,92.149,37.4,4.2,"23 km WSW of Morigaon, India",usp000d54n
2004-09-27 17:05:37.970,29.773,95.515,13.9,5.0,"176 km NE of Shi Yomi, India",usp000d55p
2004-09-27 19:27:40.530,24.813,98.982,12.4,4.5,"150 km SW of Dali, China",usp000d55x
2004-10-01 20:24:29.110,24.986,95.143,99.6,4.1,"99 km SE of Phek, India",usp000d5j3
2004-10-03 09:56:11.670,25.561,102.113,28.2,4.5,"78 km NW of Majie, China",usp000d5p5
2004-10-08 06:28:28.290,25.314,95.775,56.5,4.7,"134 km ESE of Phek, India",usp000d5zu
2004-10-08 21:48:05.450,24.304,94.298,69.3,4.9,"38 km SE of Kakching, India",usp000d619
2004-10-12 02:17:20.470,24.869,96.203,48.3,4.2,"124 km WNW of Bhamo, Myanmar",usp000d67u
2004-10-12 07:18:24.650,29.527,97.268,49.7,4.5,"176 km NNE of Hayuliang, India",usp000d686
2004-10-17 12:40:49.550,24.799,102.946,43.4,4.3,"35 km SE of Kunming, China",usp000d6je
2004-10-18 22:11:44.930,25.073,99.169,30.2,4.8,"119 km WSW of Dali, China",usp000d6mj
2004-10-19 10:40:28.790,24.972,99.57,25.0,4.6,"93 km SW of Dali, China",usp000d6ns
2004-10-20 06:11:01.470,26.513,96.991,69.4,4.0,"38 km NNE of Sarupathar, India",usp000d6qc
2004-10-27 19:43:15.230,22.349,93.167,10.0,3.9,"24 km SE of Saiha, India",usp000d776
2004-10-27 23:50:09.060,24.919,95.177,135.5,3.8,Myanmar,usp000d77f
2004-10-28 10:30:29.340,12.701,95.458,55.5,4.5,"Andaman Islands, India region",usp000d784
2004-10-29 02:49:41.540,22.178,94.644,119.4,4.2,"51 km W of Monywa, Myanmar",usp000d79c
2004-10-29 07:15:45.510,10.054,93.711,20.0,4.0,"207 km SSE of Port Blair, India",usp000d79s
2004-10-31 12:26:20.240,24.318,94.19,81.8,4.2,"29 km SE of Kakching, India",usp000d7dj
2004-10-31 22:42:40.830,23.909,94.786,129.2,3.8,"48 km NE of Mawlaik, Myanmar",usp000d7e6
2004-11-02 00:48:52.330,23.509,93.148,51.5,4.2,"14 km N of Khawhai, India",usp000d7gb
2004-11-02 08:23:24.050,26.442,92.584,48.3,4.2,"11 km ESE of Dhing, India",usp000d7gt
2004-11-04 10:02:12.510,23.387,94.484,110.0,4.4,"29 km SSE of Mawlaik, Myanmar",usp000d7p0
2004-11-05 21:15:41.330,24.092,93.714,56.2,4.7,"27 km S of Chur?ch?ndpur, India",usp000d7ry
2004-11-12 01:59:10.850,27.274,92.076,45.0,4.0,"34 km W of Bomdila, India",usp000d872
2004-11-23 11:16:00.640,21.079,94.349,83.1,4.0,"52 km WNW of Chauk, Myanmar",usp000d916
2004-11-24 22:35:42.820,27.329,90.944,10.0,4.0,"29 km WNW of Mongar, Bhutan",usp000d94h
2004-11-25 01:11:13.150,20.878,92.254,10.0,4.3,"5 km WNW of Tekn?f, Bangladesh",usp000d94u
2004-11-27 05:25:51.880,25.149,98.179,37.4,4.7,"82 km ESE of Myitkyina, Myanmar",usp000d9cg
2004-11-28 19:44:17.700,27.153,103.219,47.6,4.0,"52 km WSW of Zhaotong, China",usp000d9h8
2004-11-29 10:24:59.930,16.9,96.46,85.0,4.3,"10 km W of Kayan, Myanmar",usp000d9jv
2004-11-29 10:25:39.970,29.465,103.185,15.7,3.9,"57 km W of Leshan, China",usp000d9jw
2004-12-01 20:45:45.820,29.911,98.312,10.0,4.0,"173 km SE of Qamdo, China",usp000d9rj
2004-12-04 10:57:20.120,13.687,95.615,10.0,4.0,"281 km W of Dawei, Myanmar",usp000d9z0
2004-12-04 11:55:50.240,13.827,96.558,10.0,3.9,"178 km W of Dawei, Myanmar",usp000d9zc
2004-12-07 01:57:50.960,24.41,92.429,72.2,4.3,"24 km SW of L?la, India",usp000da7v
2004-12-09 08:49:00.240,24.757,92.539,34.7,5.4,"8 km NNW of Hail?k?ndi, India",usp000dabz
2004-12-26 01:29:52.940,20.908,97.71,38.5,5.8,"71 km E of Taunggyi, Myanmar",usp000dbek
2004-12-26 01:52:43.000,10.382,92.119,12.1,5.2,"157 km SSW of Port Blair, India",usp000dber
2004-12-26 02:15:49.500,12.258,92.275,20.3,5.3,"78 km NW of Bamboo Flat, India",usp000dbev
2004-12-26 02:15:59.780,12.321,92.499,26.8,5.7,"72 km NNW of Bamboo Flat, India",usp000dbew
2004-12-26 02:36:10.090,12.183,92.936,38.5,5.8,"58 km NNE of Bamboo Flat, India",usp000dbf0
2004-12-26 02:52:01.830,12.504,92.604,30.0,5.8,"89 km N of Bamboo Flat, India",usp000dbf6
2004-12-26 03:08:44.210,13.745,93.009,30.0,5.9,"228 km N of Bamboo Flat, India",usp000dbfc
2004-12-26 03:44:08.340,13.465,92.736,22.2,5.2,"195 km N of Bamboo Flat, India",usp000dbfq
2004-12-26 04:58:04.020,11.068,92.0,29.2,5.3,"104 km SW of Bamboo Flat, India",usp000dbge
2004-12-26 05:20:27.920,12.159,92.397,31.7,5.3,"61 km NW of Bamboo Flat, India",usp000dbgq
2004-12-26 06:22:00.420,10.677,92.325,26.4,5.4,"118 km SSW of Port Blair, India",usp000dbh3
2004-12-26 06:56:47.400,10.984,92.282,23.5,5.5,"90 km SW of Port Blair, India",usp000dbha
2004-12-26 07:07:10.270,10.363,93.747,19.5,5.6,"180 km SE of Port Blair, India",usp000dbhc
2004-12-26 07:30:16.920,24.851,101.691,66.2,4.7,"51 km WNW of Longquan, China",usp000dbhh
2004-12-26 07:38:27.000,13.13,93.035,30.0,5.7,"161 km NNE of Bamboo Flat, India",usp000dbhj
2004-12-26 10:12:10.150,10.253,94.305,30.0,5.1,"231 km SE of Port Blair, India",usp000dbje
2004-12-26 10:19:31.730,13.462,92.738,26.4,6.3,"194 km N of Bamboo Flat, India",usp000dbjg
2004-12-26 10:53:58.420,10.19,93.677,30.0,5.3,"192 km SSE of Port Blair, India",usp000dbjq
2004-12-26 10:56:02.590,10.07,93.834,30.0,5.5,"212 km SE of Port Blair, India",usp000dbjs
2004-12-26 10:57:38.360,12.448,92.439,5.0,5.4,"88 km NNW of Bamboo Flat, India",usp000dbju
2004-12-26 11:03:53.290,11.097,93.949,30.0,4.8,"145 km ESE of Port Blair, India",usp000dbjv
2004-12-26 11:05:00.720,13.533,92.84,13.3,6.2,"203 km N of Bamboo Flat, India",usp000dbjw
2004-12-26 12:09:42.460,12.188,92.6,20.6,5.4,"55 km NNW of Bamboo Flat, India",usp000dbk1
2004-12-26 12:11:57.660,11.57,92.41,25.5,5.4,"36 km WSW of Bamboo Flat, India",usp000dbk2
2004-12-26 12:52:45.760,10.428,93.909,30.0,5.1,"186 km SE of Port Blair, India",usp000dbka
2004-12-26 13:16:45.980,12.887,92.97,30.0,4.7,"134 km NNE of Bamboo Flat, India",usp000dbkd
2004-12-26 14:14:18.030,13.496,92.923,17.6,5.0,"199 km N of Bamboo Flat, India",usp000dbkm
2004-12-26 14:40:30.410,11.465,92.184,30.0,5.3,"63 km WSW of Bamboo Flat, India",usp000dbkp
2004-12-26 14:48:44.260,13.59,92.91,30.0,5.7,"210 km N of Bamboo Flat, India",usp000dbkr
2004-12-26 15:23:08.000,10.568,92.718,30.4,4.6,"121 km S of Port Blair, India",usp000dbkz
2004-12-26 15:41:57.080,11.957,92.167,30.0,4.4,"66 km WNW of Bamboo Flat, India",usp000dbm9
2004-12-26 15:54:20.190,10.892,91.789,30.0,4.1,"135 km SW of Bamboo Flat, India",usp000dbmc
2004-12-26 15:56:47.760,13.957,93.216,10.3,4.4,"255 km NNE of Bamboo Flat, India",usp000dbmd
2004-12-26 16:12:53.010,13.937,93.31,4.8,4.8,"Andaman Islands, India region",usp000dbmh
2004-12-26 16:44:19.830,13.632,92.748,22.9,4.4,"213 km N of Bamboo Flat, India",usp000dbmq
2004-12-26 17:50:12.590,13.599,92.852,26.8,5.0,"210 km N of Bamboo Flat, India",usp000dbn3
2004-12-26 17:56:35.840,12.861,92.484,45.4,5.1,"130 km N of Bamboo Flat, India",usp000dbn5
2004-12-26 18:42:43.890,13.71,92.953,26.2,5.5,"223 km N of Bamboo Flat, India",usp000dbnf
2004-12-26 18:55:46.100,11.98,91.974,30.0,4.9,"86 km WNW of Bamboo Flat, India",usp000dbnh
2004-12-26 19:29:47.390,12.475,92.602,25.9,4.4,"86 km N of Bamboo Flat, India",usp000dbnr
2004-12-26 19:55:14.930,11.623,92.32,25.9,4.7,"44 km W of Bamboo Flat, India",usp000dbnv
2004-12-26 20:01:14.250,10.299,93.74,30.0,4.6,"186 km SE of Port Blair, India",usp000dbnx
2004-12-26 20:11:58.110,10.869,92.617,30.0,4.2,"89 km S of Port Blair, India",usp000dbp1
2004-12-26 20:24:16.750,10.245,93.616,30.0,4.7,"183 km SSE of Port Blair, India",usp000dbp5
2004-12-26 20:37:09.700,12.961,92.361,22.7,4.2,"144 km NNW of Bamboo Flat, India",usp000dbp8
2004-12-26 21:26:08.320,13.81,93.196,30.0,4.6,"239 km NNE of Bamboo Flat, India",usp000dbpu
2004-12-26 21:39:35.310,12.757,92.538,30.0,4.2,"118 km N of Bamboo Flat, India",usp000dbpz
2004-12-26 21:55:10.900,10.731,91.543,30.0,4.5,"167 km SW of Bamboo Flat, India",usp000dbq4
2004-12-26 22:45:04.480,12.223,92.697,30.0,4.3,"57 km N of Bamboo Flat, India",usp000dbqq
2004-12-26 22:57:26.640,10.161,91.514,29.3,3.9,"214 km SW of Port Blair, India",usp000dbqu
2004-12-26 23:23:33.140,11.789,92.868,21.9,4.4,"18 km NE of Port Blair, India",usp000dbr4
2004-12-27 00:07:05.850,15.75,93.185,30.0,4.4,"200 km SW of Pathein, Myanmar",usp000dbrj
2004-12-27 00:49:28.590,12.982,92.395,23.7,5.8,"146 km NNW of Bamboo Flat, India",usp000dbs0
2004-12-27 01:23:11.530,13.174,93.126,35.8,4.8,"169 km NNE of Bamboo Flat, India",usp000dbs5
2004-12-27 01:29:16.290,13.248,92.587,30.0,4.3,"171 km N of Bamboo Flat, India",usp000dbs6
2004-12-27 01:34:04.580,13.374,93.453,30.0,4.5,"201 km NNE of Bamboo Flat, India",usp000dbs8
2004-12-27 01:43:06.780,13.63,93.661,62.0,4.3,"236 km NNE of Bamboo Flat, India",usp000dbsa
2004-12-27 01:46:02.100,13.852,93.3,41.9,4.6,"246 km NNE of Bamboo Flat, India",usp000dbsc
2004-12-27 01:53:40.840,12.902,92.434,30.0,4.5,"136 km NNW of Bamboo Flat, India",usp000dbse
2004-12-27 02:10:07.770,13.717,93.119,25.7,4.4,"227 km N of Bamboo Flat, India",usp000dbsh
2004-12-27 02:37:51.450,13.71,93.353,30.0,4.2,"232 km NNE of Bamboo Flat, India",usp000dbss
2004-12-27 02:46:12.400,15.244,94.185,30.0,3.8,"170 km SW of Mawlamyinegyunn, Myanmar",usp000dbst
2004-12-27 03:50:31.000,11.485,92.729,30.0,4.4,"20 km S of Port Blair, India",usp000dbt5
2004-12-27 04:29:36.760,12.36,92.486,30.0,4.6,"77 km NNW of Bamboo Flat, India",usp000dbte
2004-12-27 04:50:57.250,13.043,92.699,25.6,4.8,"148 km N of Bamboo Flat, India",usp000dbth
2004-12-27 05:16:34.680,14.024,93.074,30.0,4.6,"260 km N of Bamboo Flat, India",usp000dbtn
2004-12-27 05:44:18.760,10.192,93.617,27.7,4.4,"188 km SSE of Port Blair, India",usp000dbtr
2004-12-27 06:54:10.220,12.94,93.068,30.0,4.4,"142 km NNE of Bamboo Flat, India",usp000dbu5
2004-12-27 06:55:06.950,12.206,92.65,30.0,4.4,"56 km N of Bamboo Flat, India",usp000dbu6
2004-12-27 07:15:05.050,11.354,92.114,34.1,4.7,"76 km WSW of Bamboo Flat, India",usp000dbua
2004-12-27 07:32:38.840,12.352,92.503,21.6,4.5,"75 km NNW of Bamboo Flat, India",usp000dbub
2004-12-27 08:20:11.260,11.694,92.313,22.7,4.6,"44 km W of Bamboo Flat, India",usp000dbug
2004-12-27 09:24:07.750,13.252,93.166,30.0,4.4,"178 km NNE of Bamboo Flat, India",usp000dbuv
2004-12-27 10:46:38.970,13.681,93.039,32.1,5.4,"221 km N of Bamboo Flat, India",usp000dbv9
2004-12-27 10:46:47.700,13.657,93.05,25.0,5.3,"219 km N of Bamboo Flat, India",usp000dbva
2004-12-27 11:06:47.430,10.794,92.645,30.0,4.4,"97 km S of Port Blair, India",usp000dbvg
2004-12-27 11:38:52.780,10.938,91.473,30.0,4.4,"159 km WSW of Bamboo Flat, India",usp000dbvq
2004-12-27 12:13:59.570,12.805,92.684,27.6,5.0,"122 km N of Bamboo Flat, India",usp000dbvx
2004-12-27 12:28:26.230,10.948,92.351,30.0,3.9,"90 km SSW of Port Blair, India",usp000dbvz
2004-12-27 12:33:44.300,13.59,93.053,30.0,4.2,"212 km N of Bamboo Flat, India",usp000dbw0
2004-12-27 13:38:54.560,12.822,92.485,36.7,4.5,"126 km NNW of Bamboo Flat, India",usp000dbwd
2004-12-27 14:29:10.580,12.232,92.46,23.4,4.5,"65 km NNW of Bamboo Flat, India",usp000dbwt
2004-12-27 14:37:23.150,13.066,93.219,30.0,4.3,"160 km NNE of Bamboo Flat, India",usp000dbww
2004-12-27 14:43:48.510,13.11,92.724,30.0,4.5,"155 km N of Bamboo Flat, India",usp000dbwx
2004-12-27 14:46:46.490,12.35,92.469,19.0,5.6,"76 km NNW of Bamboo Flat, India",usp000dbwy
2004-12-27 15:20:33.640,10.592,93.588,23.9,5.2,"150 km SE of Port Blair, India",usp000dbx2
2004-12-27 15:41:01.600,10.465,92.829,24.1,4.8,"133 km S of Port Blair, India",usp000dbx5
2004-12-27 17:08:59.800,10.337,93.143,30.0,4.3,"153 km SSE of Port Blair, India",usp000dbxv
2004-12-27 17:13:11.620,13.234,92.391,30.0,4.2,"173 km NNW of Bamboo Flat, India",usp000dbxw
2004-12-27 17:23:40.310,13.598,92.789,30.0,4.1,"210 km N of Bamboo Flat, India",usp000dbxz
2004-12-27 17:27:24.790,11.279,92.546,30.0,4.0,"48 km SSW of Port Blair, India",usp000dby0
2004-12-27 17:42:33.470,11.838,91.798,22.8,4.9,"101 km W of Bamboo Flat, India",usp000dby5
2004-12-27 19:13:18.850,11.586,92.499,25.8,5.5,"26 km WSW of Bamboo Flat, India",usp000dbyv
2004-12-27 19:16:06.960,11.489,92.494,28.3,5.1,"33 km SW of Bamboo Flat, India",usp000dbyw
2004-12-27 20:08:14.820,13.491,92.8,30.0,4.3,"198 km N of Bamboo Flat, India",usp000dbz7
2004-12-27 21:23:58.850,17.02,93.654,25.0,4.1,"117 km WNW of Pathein, Myanmar",usp000dbzu
2004-12-27 21:24:42.750,13.55,92.943,35.8,4.8,"206 km N of Bamboo Flat, India",usp000dbzv
2004-12-27 22:19:41.610,12.027,92.423,30.0,4.7,"48 km NW of Bamboo Flat, India",usp000dc0c
2004-12-27 22:49:13.410,13.583,92.889,30.0,4.5,"209 km N of Bamboo Flat, India",usp000dc0f
2004-12-27 22:58:10.500,12.746,93.19,30.0,4.6,"126 km NNE of Bamboo Flat, India",usp000dc0g
2004-12-27 23:40:31.290,14.473,93.668,30.0,4.2,"271 km SW of Mawlamyinegyunn, Myanmar",usp000dc0v
2004-12-28 02:05:14.850,13.867,93.361,30.0,4.8,"249 km NNE of Bamboo Flat, India",usp000dc15
2004-12-28 04:36:28.610,13.863,93.412,30.0,4.8,"250 km NNE of Bamboo Flat, India",usp000dc1d
2004-12-28 07:20:59.330,11.39,92.883,30.0,4.8,"33 km SSE of Port Blair, India",usp000dc1m
2004-12-28 10:51:47.310,10.546,92.353,30.0,5.3,"131 km SSW of Port Blair, India",usp000dc1t
2004-12-28 14:08:43.630,10.419,93.023,30.0,5.2,"141 km SSE of Port Blair, India",usp000dc23
2004-12-28 20:41:55.900,10.064,93.159,30.0,5.0,"182 km SSE of Port Blair, India",usp000dc2n
2004-12-28 22:16:54.640,13.847,92.846,23.7,5.1,"237 km N of Bamboo Flat, India",usp000dc2x
2004-12-28 23:39:59.420,11.076,92.122,24.7,5.0,"94 km SW of Port Blair, India",usp000dc30
2004-12-29 00:25:06.060,13.528,93.092,30.0,4.1,"206 km NNE of Bamboo Flat, India",usp000dc34
2004-12-29 00:41:35.720,13.33,93.167,30.0,4.4,"186 km NNE of Bamboo Flat, India",usp000dc36
2004-12-29 01:36:27.550,10.063,93.28,30.0,4.7,"186 km SSE of Port Blair, India",usp000dc39
2004-12-29 02:13:28.350,13.3,92.66,30.0,5.4,"177 km N of Bamboo Flat, India",usp000dc3c
2004-12-29 03:44:01.990,12.773,92.651,30.0,4.5,"118 km N of Bamboo Flat, India",usp000dc3e
2004-12-29 06:28:49.180,12.935,92.622,29.0,4.6,"137 km N of Bamboo Flat, India",usp000dc3t
2004-12-29 06:30:43.260,13.236,92.691,30.0,5.4,"169 km N of Bamboo Flat, India",usp000dc3u
2004-12-29 11:58:42.630,13.745,93.13,20.7,5.2,"230 km NNE of Bamboo Flat, India",usp000dc47
2004-12-29 14:34:02.290,13.247,92.581,18.2,4.8,"171 km N of Bamboo Flat, India",usp000dc4g
2004-12-29 15:36:28.770,11.33,92.209,26.6,4.8,"68 km SW of Bamboo Flat, India",usp000dc4n
2004-12-29 17:12:36.910,10.327,93.693,29.2,5.3,"180 km SE of Port Blair, India",usp000dc4w
2004-12-29 17:51:58.440,13.405,92.984,30.0,4.3,"190 km N of Bamboo Flat, India",usp000dc4z
2004-12-29 18:35:51.630,11.296,92.201,30.0,4.5,"71 km SW of Bamboo Flat, India",usp000dc53
2004-12-30 01:09:36.580,19.82,95.872,16.3,4.6,"28 km WNW of Nay Pyi Taw, Myanmar",usp000dc5t
2004-12-30 01:13:48.560,19.922,95.955,51.6,5.0,"26 km NW of Nay Pyi Taw, Myanmar",usp000dc5u
2004-12-30 09:53:53.350,11.35,91.858,3.0,4.8,"101 km WSW of Bamboo Flat, India",usp000dc70
2004-12-30 10:59:36.180,13.249,92.031,30.0,4.7,"186 km NNW of Bamboo Flat, India",usp000dc74
2004-12-30 17:58:11.190,12.237,92.515,30.0,5.7,"63 km NNW of Bamboo Flat, India",usp000dc7k
2004-12-30 23:54:42.640,20.951,97.758,20.1,5.1,"77 km ENE of Taunggyi, Myanmar",usp000dc8b
2004-12-31 01:20:25.540,10.603,91.492,25.5,4.8,"180 km SW of Port Blair, India",usp000dc8g
2004-12-31 03:52:59.150,10.736,91.863,30.0,4.6,"141 km SW of Port Blair, India",usp000dc8s
2004-12-31 05:53:55.940,11.083,91.988,27.3,5.1,"104 km SW of Bamboo Flat, India",usp000dc90
2004-12-31 14:16:05.120,13.646,93.62,30.0,4.3,"236 km NNE of Bamboo Flat, India",usp000dc9y
2004-12-31 15:02:04.810,14.521,93.473,26.7,4.8,"281 km SW of Mawlamyinegyunn, Myanmar",usp000dca4
2004-12-31 16:01:06.620,13.615,93.623,30.0,4.4,"233 km NNE of Bamboo Flat, India",usp000dca7
2004-12-31 22:05:49.410,12.436,92.746,30.0,4.5,"81 km N of Bamboo Flat, India",usp000dcar
2004-12-31 23:05:23.030,13.208,92.474,30.0,4.3,"168 km N of Bamboo Flat, India",usp000dcav
2005-01-01 11:53:12.710,10.843,91.782,22.6,5.0,"139 km SW of Port Blair, India",usp000dcbz
2005-01-01 17:06:32.930,11.279,91.43,30.0,4.6,"147 km WSW of Bamboo Flat, India",usp000dccg
2005-01-01 18:24:08.690,12.307,92.519,41.4,4.8,"70 km NNW of Bamboo Flat, India",usp000dcck
2005-01-02 07:21:28.570,11.897,92.249,30.0,4.5,"55 km WNW of Bamboo Flat, India",usp000dcdt
2005-01-02 20:41:30.940,11.257,92.176,21.9,4.6,"76 km SW of Bamboo Flat, India",usp000dceu
2005-01-03 09:14:03.470,10.576,92.22,25.1,5.1,"133 km SSW of Port Blair, India",usp000dcfp
2005-01-03 12:03:50.870,10.053,93.497,30.0,4.3,"196 km SSE of Port Blair, India",usp000dcfv
2005-01-03 17:53:34.070,11.259,91.967,30.0,4.8,"95 km WSW of Bamboo Flat, India",usp000dcg7
2005-01-04 09:13:12.250,10.672,92.362,23.2,6.1,"Andaman Islands, India region",usp000dchh
2005-01-04 09:17:53.660,10.609,92.385,44.1,5.2,"123 km SSW of Port Blair, India",usp000dchj
2005-01-04 19:14:49.130,10.556,91.727,10.0,5.7,"165 km SW of Port Blair, India",usp000dcja
2005-01-05 08:32:56.540,13.002,92.557,4.5,4.9,"145 km N of Bamboo Flat, India",usp000dcke
2005-01-05 14:01:31.010,12.77,93.093,30.0,4.6,"125 km NNE of Bamboo Flat, India",usp000dckv
2005-01-06 01:50:20.850,12.164,92.958,42.3,4.6,"57 km NNE of Bamboo Flat, India",usp000dcmu
2005-01-06 07:54:25.250,10.804,93.606,107.0,5.3,"133 km SE of Port Blair, India",usp000dcn9
2005-01-06 10:38:44.340,14.105,93.123,30.0,5.0,"269 km N of Bamboo Flat, India",usp000dcnj
2005-01-06 11:55:43.710,10.906,91.795,10.5,5.5,"133 km SW of Bamboo Flat, India",usp000dcnk
2005-01-06 14:19:48.410,25.434,96.603,44.2,4.7,"80 km W of Myitkyina, Myanmar",usp000dcns
2005-01-07 01:43:45.360,13.599,93.029,30.0,4.1,"212 km N of Bamboo Flat, India",usp000dcpe
2005-01-07 03:53:25.470,23.583,94.8,129.0,4.4,"40 km E of Mawlaik, Myanmar",usp000dcpp
2005-01-07 12:30:32.430,14.467,93.461,30.0,4.4,"286 km SW of Mawlamyinegyunn, Myanmar",usp000dcqb
2005-01-07 12:31:24.740,13.526,92.9,30.0,4.5,"202 km N of Bamboo Flat, India",usp000dcqc
2005-01-07 13:10:08.840,10.5,92.268,21.2,4.4,"139 km SSW of Port Blair, India",usp000dcqe
2005-01-07 15:50:12.650,25.122,98.859,36.5,4.7,"145 km WSW of Dali, China",usp000dcqu
2005-01-07 18:00:52.090,27.627,101.199,42.5,4.3,"Western Sichuan, China",usp000dcr0
2005-01-07 21:18:41.480,10.195,93.679,56.1,4.5,"192 km SSE of Port Blair, India",usp000dcrb
2005-01-08 00:16:07.620,13.546,93.268,30.0,4.2,"Andaman Islands, India region",usp000dcrp
2005-01-08 02:48:15.610,11.894,93.189,30.0,4.7,"Andaman Islands, India region",usp000dcrz
2005-01-08 05:20:19.620,14.4,92.001,30.0,4.3,"Andaman Islands, India region",usp000dcs8
2005-01-08 05:30:46.600,10.628,91.913,30.0,4.9,"146 km SW of Port Blair, India",usp000dcs9
2005-01-08 05:31:31.400,10.641,91.925,30.0,5.1,"144 km SW of Port Blair, India",usp000dcsa
2005-01-08 08:37:09.210,11.798,94.342,40.6,4.6,"174 km E of Port Blair, India",usp000dcss
2005-01-08 12:31:35.630,11.51,92.948,29.7,4.7,"27 km SE of Port Blair, India",usp000dct4
2005-01-08 20:02:13.100,11.399,92.226,30.0,4.8,"63 km WSW of Bamboo Flat, India",usp000dcu1
2005-01-09 00:45:31.760,13.628,92.989,7.0,4.5,"215 km N of Bamboo Flat, India",usp000dcum
2005-01-09 03:17:24.110,16.369,95.591,36.5,4.1,"13 km NW of Pyapon, Myanmar",usp000dcv3
2005-01-09 03:57:59.190,11.183,92.557,30.0,4.1,"57 km SSW of Port Blair, India",usp000dcv5
2005-01-09 16:17:07.090,10.241,92.598,22.4,4.3,"158 km S of Port Blair, India",usp000dcwn
2005-01-09 16:23:51.400,10.805,91.147,30.0,4.2,"197 km WSW of Bamboo Flat, India",usp000dcwq
2005-01-09 17:35:03.220,12.228,92.064,19.5,4.1,"92 km NW of Bamboo Flat, India",usp000dcwz
2005-01-09 17:42:17.770,20.774,97.47,10.0,3.6,"45 km E of Taunggyi, Myanmar",usp000dcx1
2005-01-09 19:06:56.560,11.638,94.353,30.0,4.2,"175 km E of Port Blair, India",usp000dcxa
2005-01-09 20:19:05.250,13.566,93.019,30.0,4.0,"209 km N of Bamboo Flat, India",usp000dcxh
2005-01-09 20:46:07.130,10.465,91.647,30.0,4.1,"179 km SW of Port Blair, India",usp000dcxj
2005-01-09 20:57:19.750,11.621,94.224,30.0,4.4,"161 km E of Port Blair, India",usp000dcxn
2005-01-09 23:20:37.050,10.528,92.282,22.5,5.5,"135 km SSW of Port Blair, India",usp000dcy1
2005-01-10 15:20:17.730,13.674,93.289,18.7,4.7,"227 km NNE of Bamboo Flat, India",usp000dczh
2005-01-10 23:45:07.430,10.675,93.056,41.9,4.6,"114 km SSE of Port Blair, India",usp000dd0g
2005-01-11 04:00:17.860,16.366,92.65,30.0,4.4,"226 km WSW of Pathein, Myanmar",usp000dd17
2005-01-11 10:41:32.690,12.839,92.357,30.0,4.6,"131 km NNW of Bamboo Flat, India",usp000dd2d
2005-01-11 11:03:32.390,10.893,92.144,30.0,4.5,"107 km SW of Port Blair, India",usp000dd2g
2005-01-11 11:29:55.350,10.793,91.904,30.0,4.7,"133 km SW of Port Blair, India",usp000dd2k
2005-01-11 13:27:59.270,13.731,93.567,30.0,4.5,"242 km NNE of Bamboo Flat, India",usp000dd2u
2005-01-11 14:31:45.860,11.028,92.039,30.0,4.7,"104 km SW of Port Blair, India",usp000dd35
2005-01-11 16:22:10.830,10.977,92.924,30.0,4.1,"78 km SSE of Port Blair, India",usp000dd3d
2005-01-11 17:56:49.300,12.685,92.944,30.0,4.2,"111 km NNE of Bamboo Flat, India",usp000dd3j
2005-01-11 18:12:30.560,10.288,91.482,30.0,4.2,"205 km SW of Port Blair, India",usp000dd3n
2005-01-11 19:03:19.580,10.494,91.877,16.1,4.5,"160 km SW of Port Blair, India",usp000dd3q
2005-01-11 20:39:05.410,16.126,92.349,30.0,4.2,"264 km WSW of Pathein, Myanmar",usp000dd3x
2005-01-11 22:55:49.140,11.872,92.265,26.7,4.9,"52 km WNW of Bamboo Flat, India",usp000dd47
2005-01-11 23:03:50.800,13.949,91.728,30.0,4.0,"270 km NNW of Bamboo Flat, India",usp000dd48
2005-01-12 00:59:22.420,13.482,92.649,30.0,3.9,"197 km N of Bamboo Flat, India",usp000dd4j
2005-01-12 04:21:49.310,12.306,92.624,30.0,4.3,"67 km N of Bamboo Flat, India",usp000dd4y
2005-01-12 04:55:40.410,13.694,93.56,30.0,4.5,"238 km NNE of Bamboo Flat, India",usp000dd50
2005-01-12 19:50:02.130,13.557,92.935,31.6,4.5,"206 km N of Bamboo Flat, India",usp000dd6f
2005-01-12 20:44:53.410,20.904,98.034,20.0,3.8,"104 km E of Taunggyi, Myanmar",usp000dd6n
2005-01-13 05:30:21.980,11.853,92.205,30.0,4.8,"58 km WNW of Bamboo Flat, India",usp000dd7g
2005-01-13 05:51:47.900,10.126,91.849,29.6,4.6,"196 km SSW of Port Blair, India",usp000dd7k
2005-01-13 12:56:40.340,14.512,92.259,25.0,4.8,"Andaman Islands, India region",usp000dd8g
2005-01-13 13:22:43.990,14.519,92.393,30.0,4.7,"Andaman Islands, India region",usp000dd8h
2005-01-13 13:25:28.470,14.543,92.394,30.0,4.8,"Andaman Islands, India region",usp000dd8j
2005-01-13 15:42:00.280,13.998,93.2,30.0,4.7,"259 km NNE of Bamboo Flat, India",usp000dd8q
2005-01-13 19:35:08.320,14.591,92.456,30.0,4.7,"Andaman Islands, India region",usp000dd94
2005-01-13 19:47:02.170,14.56,92.597,30.0,4.6,"Andaman Islands, India region",usp000dd96
2005-01-13 19:56:23.570,14.628,92.441,30.0,4.7,"Andaman Islands, India region",usp000dd97
2005-01-14 05:06:52.620,14.167,91.826,30.0,4.1,"289 km NNW of Bamboo Flat, India",usp000dd9y
2005-01-14 05:11:58.290,14.498,92.297,25.0,4.4,"Andaman Islands, India region",usp000dd9z
2005-01-14 05:40:08.200,14.481,92.923,30.0,4.0,"Andaman Islands, India region",usp000dda1
2005-01-14 06:11:51.470,12.918,92.127,28.9,4.4,"149 km NNW of Bamboo Flat, India",usp000dda2
2005-01-14 09:59:03.650,10.038,91.579,5.4,4.7,"220 km SW of Port Blair, India",usp000ddaf
2005-01-14 11:38:43.910,11.877,92.198,30.0,4.4,"59 km WNW of Bamboo Flat, India",usp000ddas
2005-01-14 17:48:46.540,11.885,92.522,28.2,4.4,"29 km NW of Bamboo Flat, India",usp000ddbb
2005-01-14 18:17:38.440,21.983,94.576,110.2,4.3,"59 km WSW of Monywa, Myanmar",usp000ddbc
2005-01-14 22:46:21.960,14.408,92.242,21.6,4.5,"Andaman Islands, India region",usp000ddbn
2005-01-15 00:14:13.840,14.437,92.475,30.0,4.0,"Andaman Islands, India region",usp000ddbs
2005-01-15 07:46:53.260,14.57,92.387,25.7,5.5,"Andaman Islands, India region",usp000ddck
2005-01-15 11:54:30.460,10.805,91.144,26.5,4.3,"198 km WSW of Bamboo Flat, India",usp000ddcq
2005-01-15 12:22:44.960,14.54,92.543,23.8,4.4,"Andaman Islands, India region",usp000ddcr
2005-01-15 12:23:40.530,14.432,92.282,26.6,4.8,"Andaman Islands, India region",usp000ddcs
2005-01-15 13:45:36.880,14.509,92.546,24.2,4.6,"Andaman Islands, India region",usp000ddcy
2005-01-15 15:36:06.050,14.469,92.222,26.8,4.4,"Andaman Islands, India region",usp000ddd3
2005-01-15 21:25:58.280,14.603,92.372,30.0,4.8,"Andaman Islands, India region",usp000dddh
2005-01-16 01:36:41.680,12.918,92.105,23.2,4.3,"150 km NNW of Bamboo Flat, India",usp000dde5
2005-01-16 02:56:23.950,13.019,92.155,30.0,4.3,"158 km NNW of Bamboo Flat, India",usp000dde9
2005-01-16 05:03:23.520,15.231,93.852,30.0,3.8,"195 km SSW of Pathein, Myanmar",usp000ddem
2005-01-16 07:28:03.980,10.741,92.076,15.8,4.3,"125 km SW of Port Blair, India",usp000ddew
2005-01-16 11:07:26.140,14.565,92.588,20.8,4.6,"Andaman Islands, India region",usp000ddfg
2005-01-16 11:32:30.210,14.788,92.789,30.0,4.3,"Andaman Islands, India region",usp000ddfj
2005-01-16 13:24:19.440,12.933,93.16,30.0,4.2,"144 km NNE of Bamboo Flat, India",usp000ddfq
2005-01-16 14:56:52.530,10.797,92.221,30.0,4.4,"111 km SSW of Port Blair, India",usp000ddg1
2005-01-17 02:45:14.840,14.57,92.594,18.6,5.0,"Andaman Islands, India region",usp000ddhv
2005-01-17 02:54:46.160,14.336,92.09,23.1,4.9,"299 km NNW of Bamboo Flat, India",usp000ddhz
2005-01-17 03:52:03.380,14.442,93.171,30.0,4.2,"Andaman Islands, India region",usp000ddj4
2005-01-17 03:55:43.900,14.476,93.203,33.1,4.8,"Andaman Islands, India region",usp000ddj5
2005-01-17 06:13:25.790,14.524,92.265,22.8,4.5,"Andaman Islands, India region",usp000ddjk
2005-01-17 08:35:37.260,11.046,91.745,30.0,4.4,"128 km SW of Bamboo Flat, India",usp000ddju
2005-01-17 12:03:26.980,13.673,93.032,8.6,4.4,"220 km N of Bamboo Flat, India",usp000ddkc
2005-01-17 13:32:50.610,12.944,93.975,30.0,4.2,"194 km NE of Bamboo Flat, India",usp000ddkf
2005-01-17 17:19:23.110,10.818,92.145,29.0,4.5,"114 km SW of Port Blair, India",usp000ddkx
2005-01-17 18:28:22.670,14.407,93.009,30.0,4.2,"Andaman Islands, India region",usp000ddm5
2005-01-18 01:08:09.570,13.002,92.203,30.0,4.4,"154 km NNW of Bamboo Flat, India",usp000ddmv
2005-01-18 02:36:45.530,10.622,92.019,27.9,5.0,"140 km SW of Port Blair, India",usp000ddmz
2005-01-18 03:02:55.130,22.969,94.699,104.7,4.9,"80 km SSE of Mawlaik, Myanmar",usp000ddn3
2005-01-18 03:36:19.740,13.488,92.738,29.4,4.4,"197 km N of Bamboo Flat, India",usp000ddn5
2005-01-18 09:23:53.540,13.49,92.777,26.9,4.5,"198 km N of Bamboo Flat, India",usp000ddp0
2005-01-18 13:14:30.480,13.556,92.653,35.5,4.1,"205 km N of Bamboo Flat, India",usp000ddpq
2005-01-18 13:17:51.680,13.465,94.254,30.0,4.1,"256 km NE of Bamboo Flat, India",usp000ddpr
2005-01-18 13:24:50.060,10.67,91.47,24.8,4.7,"177 km SW of Bamboo Flat, India",usp000ddps
2005-01-18 17:46:24.500,13.942,93.374,30.0,4.3,"258 km NNE of Bamboo Flat, India",usp000ddq8
2005-01-18 20:57:46.530,12.916,91.923,30.0,4.3,"159 km NNW of Bamboo Flat, India",usp000ddqh
2005-01-18 21:05:06.430,14.59,92.539,30.0,4.0,"Andaman Islands, India region",usp000ddqj
2005-01-18 23:47:26.770,12.728,91.956,21.9,4.8,"140 km NW of Bamboo Flat, India",usp000ddqy
2005-01-19 01:43:57.200,13.517,92.798,30.0,4.3,"201 km N of Bamboo Flat, India",usp000ddr5
2005-01-19 10:42:50.300,12.739,93.117,30.0,4.2,"122 km NNE of Bamboo Flat, India",usp000ddsd
2005-01-19 14:02:53.310,13.583,94.367,43.3,4.3,"274 km NE of Bamboo Flat, India",usp000ddsw
2005-01-19 19:03:16.860,12.022,92.925,30.0,4.6,"42 km NNE of Bamboo Flat, India",usp000ddtj
2005-01-19 21:34:08.290,13.017,94.01,30.0,4.2,"202 km NE of Bamboo Flat, India",usp000ddtv
2005-01-19 22:46:58.940,13.206,92.189,30.0,4.8,"176 km NNW of Bamboo Flat, India",usp000ddtz
2005-01-20 14:15:18.620,14.462,92.396,30.0,4.9,"Andaman Islands, India region",usp000ddve
2005-01-20 15:17:38.090,13.097,92.556,30.0,4.8,"155 km N of Bamboo Flat, India",usp000ddvq
2005-01-21 13:25:52.740,27.415,92.661,52.2,3.5,"28 km NE of Bomdila, India",usp000ddxv
2005-01-21 13:50:21.610,27.443,92.724,55.9,3.7,"35 km ENE of Bomdila, India",usp000ddxy
2005-01-21 20:06:33.650,13.169,92.61,26.9,3.9,"162 km N of Bamboo Flat, India",usp000ddys
2005-01-21 22:21:31.590,10.751,92.127,25.1,4.7,"121 km SSW of Port Blair, India",usp000ddyy
2005-01-21 22:54:22.670,11.161,91.972,30.0,4.0,"100 km SW of Bamboo Flat, India",usp000ddz1
2005-01-21 23:34:22.650,14.726,93.005,22.0,4.3,"293 km SW of Pathein, Myanmar",usp000ddz3
2005-01-22 05:05:11.600,13.429,92.791,30.0,4.5,"191 km N of Bamboo Flat, India",usp000ddzn
2005-01-22 12:08:17.280,14.438,92.346,23.1,4.3,"Andaman Islands, India region",usp000de0g
2005-01-22 12:11:56.760,14.383,92.222,21.1,4.5,"Andaman Islands, India region",usp000de0h
2005-01-22 18:38:14.000,14.554,92.938,30.0,5.5,"Andaman Islands, India region",usp000de14
2005-01-23 05:47:19.880,14.338,92.903,30.0,4.3,"292 km N of Bamboo Flat, India",usp000de2c
2005-01-23 08:22:15.220,13.558,92.86,29.7,4.8,"206 km N of Bamboo Flat, India",usp000de2n
2005-01-23 08:36:55.880,14.535,92.151,30.0,4.3,"Andaman Islands, India region",usp000de2q
2005-01-23 10:42:25.900,11.136,92.222,30.0,4.2,"81 km SW of Port Blair, India",usp000de35
2005-01-23 15:59:36.900,13.368,92.758,30.0,3.5,"184 km N of Bamboo Flat, India",usp000de3w
2005-01-23 16:04:23.890,12.596,92.456,25.5,4.0,"Andaman Islands, India region",usp000de3z
2005-01-23 16:55:49.340,13.635,93.011,28.4,5.1,"216 km N of Bamboo Flat, India",usp000de42
2005-01-23 17:44:42.320,13.443,92.888,30.0,3.6,"Andaman Islands, India region",usp000de45
2005-01-23 19:42:37.260,13.471,92.672,30.0,4.3,"195 km N of Bamboo Flat, India",usp000de4g
2005-01-24 07:14:01.600,10.409,92.813,30.0,4.5,"139 km S of Port Blair, India",usp000de68
2005-01-24 11:31:28.800,17.586,95.808,10.0,4.4,"7 km SSE of Tharyarwady, Myanmar",usp000de6x
2005-01-24 20:35:02.370,12.158,92.147,30.0,3.7,"80 km NW of Bamboo Flat, India",usp000de86
2005-01-24 22:02:46.070,14.385,91.866,30.0,4.3,"Andaman Islands, India region",usp000de8d
2005-01-25 01:34:20.810,10.453,93.188,30.0,4.3,"142 km SSE of Port Blair, India",usp000de92
2005-01-25 01:38:44.240,12.977,92.519,30.9,4.3,"142 km N of Bamboo Flat, India",usp000de93
2005-01-25 06:44:08.830,14.623,92.518,26.8,4.7,"Andaman Islands, India region",usp000de9q
2005-01-25 15:09:05.840,10.28,91.411,30.0,4.4,"211 km SW of Port Blair, India",usp000deb1
2005-01-25 15:30:29.460,12.105,91.367,30.0,4.0,"153 km WNW of Bamboo Flat, India",usp000deb3
2005-01-25 16:07:31.670,11.718,92.325,30.0,4.3,"42 km W of Bamboo Flat, India",usp000deb7
2005-01-25 16:30:38.910,22.526,100.709,12.0,4.8,"59 km N of Jinghong, China",usp000deb8
2005-01-25 17:25:09.020,11.588,92.088,30.0,3.9,"69 km W of Bamboo Flat, India",usp000debk
2005-01-26 00:29:43.600,10.513,92.191,10.4,4.5,"141 km SSW of Port Blair, India",usp000deca
2005-01-26 03:58:49.160,10.973,91.94,25.6,4.5,"Andaman Islands, India region",usp000decq
2005-01-26 05:14:35.670,13.461,92.465,30.0,4.3,"196 km N of Bamboo Flat, India",usp000dect
2005-01-26 16:32:54.000,13.702,92.947,30.0,4.4,"222 km N of Bamboo Flat, India",usp000deea
2005-01-27 05:35:23.160,13.285,92.84,30.0,5.0,"175 km N of Bamboo Flat, India",usp000dehd
2005-01-27 05:51:00.290,10.783,91.777,30.0,5.2,"144 km SW of Port Blair, India",usp000dehg
2005-01-27 12:23:56.630,13.252,93.188,30.0,4.6,"179 km NNE of Bamboo Flat, India",usp000dekx
2005-01-28 02:38:51.600,12.573,92.501,30.0,4.2,"99 km NNW of Bamboo Flat, India",usp000deth
2005-01-28 06:25:04.340,13.221,92.506,30.0,4.6,"169 km N of Bamboo Flat, India",usp000dev9
2005-01-28 08:07:15.630,13.782,93.125,30.0,4.5,"234 km N of Bamboo Flat, India",usp000devv
2005-01-28 08:37:09.270,13.968,93.367,30.0,4.4,"260 km NNE of Bamboo Flat, India",usp000dew4
2005-01-28 21:20:14.710,10.304,92.659,30.0,4.5,"150 km S of Port Blair, India",usp000df09
2005-01-29 04:08:17.810,12.036,92.295,30.0,4.5,"59 km NW of Bamboo Flat, India",usp000df2c
2005-01-29 05:44:13.890,13.104,92.996,30.0,5.2,"158 km N of Bamboo Flat, India",usp000df2k
2005-01-29 22:59:54.630,12.377,92.358,30.0,5.0,"84 km NNW of Bamboo Flat, India",usp000df62
2005-01-30 03:37:34.720,13.108,93.042,30.0,4.6,"159 km NNE of Bamboo Flat, India",usp000df6s
2005-01-30 06:26:15.380,13.784,93.147,21.8,5.1,"235 km NNE of Bamboo Flat, India",usp000df70
2005-01-30 07:02:26.670,13.154,92.932,43.4,5.1,"162 km N of Bamboo Flat, India",usp000df74
2005-01-31 03:02:50.010,13.228,92.942,30.0,4.7,"170 km N of Bamboo Flat, India",usp000df8t
2005-01-31 09:19:27.740,13.621,92.815,30.0,4.3,"212 km N of Bamboo Flat, India",usp000df9j
2005-01-31 20:42:50.330,14.413,92.198,30.0,4.9,"Andaman Islands, India region",usp000dfa9
2005-02-01 04:41:35.470,12.884,92.54,30.0,4.9,"132 km N of Bamboo Flat, India",usp000dfau
2005-02-03 20:13:29.840,26.125,95.563,75.5,4.9,"75 km ESE of Tuensang, India",usp000dffd
2005-02-05 01:58:11.510,13.581,92.788,30.0,4.6,"208 km N of Bamboo Flat, India",usp000dfh7
2005-02-05 03:07:07.630,10.102,93.12,30.0,4.6,"177 km SSE of Port Blair, India",usp000dfh9
2005-02-05 04:18:54.970,10.011,92.982,30.0,5.0,"184 km S of Port Blair, India",usp000dfhg
2005-02-05 08:14:02.490,13.683,92.786,30.0,4.5,"219 km N of Bamboo Flat, India",usp000dfhr
2005-02-06 04:24:18.630,13.855,93.58,35.6,5.4,"256 km NNE of Bamboo Flat, India",usp000dfkd
2005-02-06 04:51:08.380,13.784,93.286,30.0,4.2,"238 km NNE of Bamboo Flat, India",usp000dfkf
2005-02-06 07:16:46.790,11.009,92.266,30.0,4.2,"89 km SW of Port Blair, India",usp000dfkq
2005-02-06 23:01:41.030,13.343,91.917,30.0,4.5,"201 km NNW of Bamboo Flat, India",usp000dfmz
2005-02-07 01:26:56.390,13.424,92.835,54.5,4.2,"191 km N of Bamboo Flat, India",usp000dfn6
2005-02-07 14:28:21.820,13.755,92.974,30.0,4.3,"229 km N of Bamboo Flat, India",usp000dfnt
2005-02-07 15:57:52.180,10.586,92.628,30.0,4.4,"120 km S of Port Blair, India",usp000dfnv
2005-02-08 01:36:49.330,22.97,94.329,97.3,4.4,"67 km E of Falam, Myanmar",usp000dfpg
2005-02-08 07:20:58.940,19.819,95.803,16.0,4.8,"34 km SE of Taungdwingyi, Myanmar",usp000dfq3
2005-02-09 01:39:10.140,13.552,92.83,30.0,4.5,"205 km N of Bamboo Flat, India",usp000dfre
2005-02-09 10:37:28.190,16.185,93.057,10.0,4.4,"190 km WSW of Pathein, Myanmar",usp000dfsa
2005-02-09 12:49:26.670,10.822,93.165,30.0,4.6,"103 km SSE of Port Blair, India",usp000dfsj
2005-02-09 18:37:13.270,14.626,92.67,30.0,4.5,"Andaman Islands, India region",usp000dft3
2005-02-09 21:45:44.950,10.768,93.368,45.5,4.2,"120 km SE of Port Blair, India",usp000dftc
2005-02-09 23:12:31.790,14.565,92.422,25.0,4.5,"Andaman Islands, India region",usp000dftf
2005-02-10 17:33:49.130,14.896,93.576,30.0,4.6,"242 km SSW of Pathein, Myanmar",usp000dfvn
2005-02-11 05:14:19.910,10.653,93.281,30.0,4.3,"126 km SSE of Port Blair, India",usp000dfwm
2005-02-11 18:33:27.320,13.929,93.048,30.0,4.4,"249 km N of Bamboo Flat, India",usp000dfxr
2005-02-13 06:34:08.120,12.016,93.454,30.0,3.9,"86 km ENE of Port Blair, India",usp000dg16
2005-02-13 10:23:51.170,13.01,93.222,50.1,4.6,"154 km NNE of Bamboo Flat, India",usp000dg1k
2005-02-14 02:50:23.930,13.818,92.972,30.0,4.6,"235 km N of Bamboo Flat, India",usp000dg3b
2005-02-14 05:02:56.010,13.123,92.49,30.0,4.4,"159 km N of Bamboo Flat, India",usp000dg3g
2005-02-14 07:19:53.140,14.528,92.074,28.1,4.3,"Andaman Islands, India region",usp000dg3s
2005-02-14 13:21:56.370,14.847,93.629,35.0,4.9,"243 km SW of Mawlamyinegyunn, Myanmar",usp000dg49
2005-02-14 16:04:52.610,12.934,91.519,24.3,4.2,"188 km NW of Bamboo Flat, India",usp000dg4q
2005-02-14 17:19:56.340,12.911,91.697,23.4,4.6,"173 km NW of Bamboo Flat, India",usp000dg4v
2005-02-14 22:06:30.680,13.487,92.855,30.0,3.8,"198 km N of Bamboo Flat, India",usp000dg58
2005-02-15 01:13:01.920,14.81,93.859,43.4,4.1,"229 km SW of Mawlamyinegyunn, Myanmar",usp000dg5p
2005-02-15 02:32:03.850,13.47,92.946,28.8,4.6,"197 km N of Bamboo Flat, India",usp000dg5v
2005-02-15 11:15:11.700,24.55,92.524,35.2,5.0,"9 km W of L?la, India",usp000dg6k
2005-02-15 13:05:49.840,24.428,94.537,69.7,5.2,"51 km ESE of W?ngjing, India",usp000dg6x
2005-02-15 16:25:10.560,27.709,101.253,53.4,4.3,"101 km WSW of Xichang, China",usp000dg77
2005-02-16 00:16:04.180,13.595,92.958,30.0,4.4,"211 km N of Bamboo Flat, India",usp000dg89
2005-02-16 06:36:41.670,13.658,92.756,30.0,4.4,"216 km N of Bamboo Flat, India",usp000dg8v
2005-02-16 15:56:11.560,13.125,92.284,30.0,4.0,"164 km NNW of Bamboo Flat, India",usp000dg9v
2005-02-17 11:10:43.690,13.725,92.816,30.0,4.3,"224 km N of Bamboo Flat, India",usp000dgby
2005-02-17 20:13:21.930,13.086,92.245,30.0,4.3,"161 km NNW of Bamboo Flat, India",usp000dgcv
2005-02-17 22:41:42.070,12.823,91.517,30.0,4.0,"180 km NW of Bamboo Flat, India",usp000dgd3
2005-02-18 05:53:52.040,13.324,91.569,24.0,4.6,"218 km NW of Bamboo Flat, India",usp000dgdt
2005-02-19 02:46:09.870,27.254,103.932,2.8,4.3,"22 km ESE of Zhaotong, China",usp000dgg4
2005-02-19 13:32:33.070,10.985,90.777,30.0,3.9,"226 km WSW of Bamboo Flat, India",usp000dgh4
2005-02-19 18:32:12.980,12.762,92.371,30.0,3.9,"123 km NNW of Bamboo Flat, India",usp000dghf
2005-02-20 11:43:42.350,11.405,92.214,32.7,4.8,"63 km WSW of Bamboo Flat, India",usp000dgk5
2005-02-20 23:08:03.960,10.219,93.608,25.5,5.4,"185 km SSE of Port Blair, India",usp000dgmd
2005-02-20 23:20:30.820,13.576,92.844,30.0,4.3,"207 km N of Bamboo Flat, India",usp000dgme
2005-02-21 00:39:35.990,13.267,92.541,30.0,3.7,"174 km N of Bamboo Flat, India",usp000dgmk
2005-02-21 18:26:15.370,25.204,96.439,53.4,3.8,"98 km WSW of Myitkyina, Myanmar",usp000dgp2
2005-02-21 18:36:01.290,10.097,93.429,30.0,4.2,"188 km SSE of Port Blair, India",usp000dgp3
2005-02-21 22:41:27.930,21.193,93.525,54.4,4.3,"132 km ENE of Tekn?f, Bangladesh",usp000dgpf
2005-02-21 23:07:05.720,25.473,95.019,76.3,4.2,"56 km ESE of Phek, India",usp000dgpj
2005-02-22 07:46:28.550,23.614,94.552,94.8,4.4,"15 km ESE of Mawlaik, Myanmar",usp000dgqp
2005-02-22 08:34:16.160,13.38,91.809,30.0,4.2,"210 km NNW of Bamboo Flat, India",usp000dgqt
2005-02-22 17:12:00.640,10.829,91.772,30.0,5.5,"141 km SW of Port Blair, India",usp000dgrk
2005-02-24 06:16:32.780,13.802,93.094,30.0,4.8,"236 km N of Bamboo Flat, India",usp000dgv6
2005-02-24 11:03:35.600,13.784,93.143,30.0,4.8,"235 km NNE of Bamboo Flat, India",usp000dgvc
2005-02-25 02:46:08.760,10.056,93.402,30.0,4.0,"191 km SSE of Port Blair, India",usp000dgwx
2005-02-25 04:49:20.100,14.054,93.302,30.0,4.1,"268 km NNE of Bamboo Flat, India",usp000dgx2
2005-02-26 03:02:34.840,13.741,92.908,30.0,4.0,"226 km N of Bamboo Flat, India",usp000dgzb
2005-02-26 09:59:00.020,11.954,92.183,3.7,4.5,"64 km WNW of Bamboo Flat, India",usp000dh07
2005-02-26 14:19:55.160,11.917,93.602,41.9,4.3,"97 km ENE of Port Blair, India",usp000dh0r
2005-02-26 16:21:57.840,10.805,91.633,30.0,4.2,"154 km SW of Bamboo Flat, India",usp000dh14
2005-02-26 20:04:20.610,10.804,91.813,30.0,4.3,"139 km SW of Port Blair, India",usp000dh1g
2005-02-27 07:13:13.490,13.302,92.527,32.4,4.1,"178 km N of Bamboo Flat, India",usp000dh2t
2005-02-27 08:37:55.520,14.458,93.162,36.5,3.7,"Andaman Islands, India region",usp000dh30
2005-02-27 15:31:59.150,10.038,91.567,30.0,4.7,"221 km SW of Port Blair, India",usp000dh3k
2005-02-27 16:14:46.360,12.846,93.167,30.0,4.3,"135 km NNE of Bamboo Flat, India",usp000dh3n
2005-02-27 16:38:29.020,13.946,92.981,30.0,4.4,"250 km N of Bamboo Flat, India",usp000dh3p
2005-02-27 18:32:14.240,25.371,91.553,24.9,4.2,"16 km WNW of Cherrapunji, India",usp000dh3u
2005-02-28 13:54:19.530,22.938,94.528,116.8,4.0,"79 km S of Mawlaik, Myanmar",usp000dh6g
2005-03-01 12:02:20.390,11.783,92.201,31.5,4.3,"56 km W of Bamboo Flat, India",usp000dh9f
2005-03-01 14:20:50.940,13.701,92.691,30.0,4.0,"221 km N of Bamboo Flat, India",usp000dh9u
2005-03-01 15:16:42.840,23.553,94.716,123.1,4.0,"33 km ESE of Mawlaik, Myanmar",usp000dh9y
2005-03-03 06:25:44.580,14.507,92.362,30.0,4.7,"Andaman Islands, India region",usp000dhdq
2005-03-03 09:41:25.140,20.941,94.277,68.9,4.3,"56 km W of Chauk, Myanmar",usp000dhe2
2005-03-03 18:11:32.100,14.595,92.237,30.0,4.3,"Andaman Islands, India region",usp000dhez
2005-03-03 18:28:15.780,12.97,93.137,30.0,4.0,"147 km NNE of Bamboo Flat, India",usp000dhf1
2005-03-04 01:30:18.780,10.917,92.335,30.0,4.3,"94 km SSW of Port Blair, India",usp000dhfe
2005-03-04 10:33:04.620,10.827,91.732,27.1,4.6,"144 km SW of Port Blair, India",usp000dhgn
2005-03-05 13:17:29.060,10.225,93.659,30.0,4.8,"188 km SSE of Port Blair, India",usp000dhk5
2005-03-06 20:20:40.460,12.796,92.839,30.0,3.7,"Andaman Islands, India region",usp000dhpn
2005-03-07 10:04:27.330,10.646,93.491,30.0,4.6,"139 km SE of Port Blair, India",usp000dhqy
2005-03-07 17:32:54.930,11.581,92.737,30.0,3.9,"9 km S of Port Blair, India",usp000dhrq
2005-03-11 05:08:39.160,27.336,90.486,52.6,4.4,"18 km S of Trongsa, Bhutan",usp000dhyy
2005-03-11 16:39:33.370,24.552,94.609,80.1,3.7,"55 km E of W?ngjing, India",usp000dj03
2005-03-12 04:59:26.040,14.246,92.152,30.0,4.0,"288 km NNW of Bamboo Flat, India",usp000dj1c
2005-03-12 05:33:49.710,10.604,91.528,30.0,4.6,"177 km SW of Port Blair, India",usp000dj1h
2005-03-12 12:42:25.100,10.771,92.233,30.0,4.0,"113 km SSW of Port Blair, India",usp000dj25
2005-03-12 16:09:05.010,10.707,92.057,30.0,4.5,"130 km SW of Port Blair, India",usp000dj2g
2005-03-13 02:18:43.780,11.582,93.019,71.9,4.8,"31 km ESE of Port Blair, India",usp000dj34
2005-03-13 09:36:36.470,12.335,92.392,30.0,4.2,"78 km NNW of Bamboo Flat, India",usp000dj3k
2005-03-13 11:00:02.800,10.628,92.13,21.1,4.5,"133 km SSW of Port Blair, India",usp000dj3r
2005-03-13 13:18:43.100,10.143,91.768,49.2,4.3,"199 km SSW of Port Blair, India",usp000dj40
2005-03-13 20:23:12.940,11.834,94.38,32.3,4.2,"179 km E of Port Blair, India",usp000dj4m
2005-03-13 20:33:41.390,11.626,94.032,30.0,4.2,"140 km E of Port Blair, India",usp000dj4p
2005-03-14 03:50:12.000,11.852,94.681,48.9,4.6,"211 km E of Port Blair, India",usp000dj5p
2005-03-14 04:04:09.320,11.066,92.086,31.8,4.6,"97 km SW of Port Blair, India",usp000dj5q
2005-03-14 05:39:59.030,11.782,94.387,48.3,4.4,"179 km E of Port Blair, India",usp000dj5z
2005-03-14 17:44:56.750,25.031,99.114,34.5,4.3,"126 km WSW of Dali, China",usp000dj7a
2005-03-14 21:49:04.280,12.178,92.399,30.0,4.7,"63 km NNW of Bamboo Flat, India",usp000dj7k
2005-03-16 09:26:04.970,11.043,92.192,23.5,4.8,"91 km SW of Port Blair, India",usp000djak
2005-03-17 05:28:48.230,10.27,93.796,30.0,4.5,"192 km SE of Port Blair, India",usp000djcf
2005-03-19 00:00:10.790,13.365,92.289,30.0,4.0,"189 km NNW of Bamboo Flat, India",usp000djgg
2005-03-19 18:41:51.520,10.975,92.257,30.0,4.1,"93 km SW of Port Blair, India",usp000djk1
2005-03-20 03:33:36.330,11.555,92.37,30.7,4.4,"41 km WSW of Bamboo Flat, India",usp000djky
2005-03-21 14:14:09.430,12.339,92.533,20.4,5.0,"73 km NNW of Bamboo Flat, India",usp000djqp
2005-03-21 23:36:40.060,10.182,93.721,30.0,4.6,"195 km SSE of Port Blair, India",usp000djru
2005-03-22 09:38:28.260,13.061,92.476,38.0,5.0,"152 km N of Bamboo Flat, India",usp000djt2
2005-03-23 05:59:07.920,26.08,95.285,68.9,4.9,"50 km ESE of Tuensang, India",usp000djvc
2005-03-23 09:17:06.020,12.312,92.568,30.0,5.2,"69 km NNW of Bamboo Flat, India",usp000djvn
2005-03-23 20:30:07.920,10.295,92.887,30.0,4.2,"152 km S of Port Blair, India",usp000djwx
2005-03-25 04:01:29.800,13.384,92.659,33.4,4.0,"186 km N of Bamboo Flat, India",usp000dk09
2005-03-25 13:34:40.020,25.477,94.842,67.2,5.2,"40 km ESE of Phek, India",usp000dk17
2005-03-26 00:03:27.680,12.914,93.295,50.3,4.3,"148 km NNE of Bamboo Flat, India",usp000dk2b
2005-03-26 01:13:52.600,12.724,93.139,30.0,4.5,"122 km NNE of Bamboo Flat, India",usp000dk2j
2005-03-26 04:43:44.830,14.34,92.068,30.0,4.2,"Andaman Islands, India region",usp000dk36
2005-03-26 11:33:15.580,18.358,95.126,50.3,4.3,"21 km WNW of Myanaung, Myanmar",usp000dk3j
2005-03-27 13:04:08.020,10.622,91.276,26.7,4.5,"197 km SW of Bamboo Flat, India",usp000dk5s
2005-03-27 15:09:47.320,10.852,92.143,30.0,4.1,"111 km SW of Port Blair, India",usp000dk5z
2005-03-27 21:27:00.930,13.029,91.749,26.0,4.3,"180 km NW of Bamboo Flat, India",usp000dk6f
2005-03-28 06:19:51.530,16.005,92.958,30.0,4.2,"207 km WSW of Pathein, Myanmar",usp000dk7a
2005-03-28 18:36:56.010,13.441,92.838,30.0,4.4,"193 km N of Bamboo Flat, India",usp000dk9p
2005-03-29 15:31:03.120,17.222,95.974,146.5,4.2,"40 km ENE of Nyaungdon, Myanmar",usp000dkh7
2005-03-30 08:34:09.330,11.81,94.926,23.9,4.3,"238 km E of Port Blair, India",usp000dkmx
2005-03-30 20:05:07.640,15.998,92.839,10.0,4.1,"219 km WSW of Pathein, Myanmar",usp000dkpx
2005-03-31 00:20:34.420,10.896,92.798,30.0,4.6,"85 km S of Port Blair, India",usp000dkqp
2005-04-01 14:11:45.500,13.123,92.704,29.7,4.6,"157 km N of Bamboo Flat, India",usp000dkx1
2005-04-01 19:21:51.830,13.108,92.72,29.5,4.8,"155 km N of Bamboo Flat, India",usp000dky1
2005-04-02 01:55:40.640,24.345,94.549,90.8,3.5,"56 km ESE of W?ngjing, India",usp000dkyw
2005-04-02 19:36:39.870,10.924,92.214,30.0,3.9,"100 km SW of Port Blair, India",usp000dm18
2005-04-04 15:12:24.730,14.704,93.47,25.3,4.5,"Andaman Islands, India region",usp000dm7u
2005-04-04 18:12:31.720,13.939,93.174,30.0,3.9,"252 km NNE of Bamboo Flat, India",usp000dm89
2005-04-05 03:23:01.890,22.491,92.389,10.0,4.4,"37 km NNE of B?ndarban, Bangladesh",usp000dm9p
2005-04-06 07:17:52.890,10.235,91.58,34.7,4.8,"203 km SW of Port Blair, India",usp000dmd8
2005-04-07 02:07:11.380,15.996,92.822,30.0,4.5,"221 km WSW of Pathein, Myanmar",usp000dmfb
2005-04-07 03:35:05.420,16.003,92.84,30.0,4.5,"219 km WSW of Pathein, Myanmar",usp000dmfr
2005-04-08 00:59:24.110,10.693,91.498,30.0,4.2,"173 km SW of Bamboo Flat, India",usp000dmjj
2005-04-08 13:27:28.570,13.475,93.049,30.0,4.1,"199 km N of Bamboo Flat, India",usp000dmmn
2005-04-09 01:10:17.860,13.162,92.463,30.0,4.1,"164 km N of Bamboo Flat, India",usp000dmp4
2005-04-09 01:36:15.280,10.69,91.296,30.0,4.2,"191 km SW of Bamboo Flat, India",usp000dmpa
2005-04-10 02:23:50.290,10.567,92.232,31.5,5.0,"133 km SSW of Port Blair, India",usp000dmsp
2005-04-11 09:25:14.650,11.301,90.992,30.0,4.2,"193 km WSW of Bamboo Flat, India",usp000dn18
2005-04-11 18:38:38.600,13.695,92.91,30.0,4.3,"221 km N of Bamboo Flat, India",usp000dn2t
2005-04-11 20:32:18.160,11.582,92.644,30.0,4.1,"14 km SW of Port Blair, India",usp000dn39
2005-04-12 13:05:58.860,10.473,92.753,30.0,4.1,"131 km S of Port Blair, India",usp000dn5p
2005-04-12 14:12:08.540,22.428,94.446,111.6,4.6,"79 km WNW of Monywa, Myanmar",usp000dn5w
2005-04-13 01:43:13.860,13.405,92.737,30.0,4.3,"188 km N of Bamboo Flat, India",usp000dn7a
2005-04-15 03:30:56.260,10.297,92.336,30.1,4.3,"157 km SSW of Port Blair, India",usp000dncv
2005-04-15 14:40:28.360,10.01,93.525,30.0,4.3,"202 km SSE of Port Blair, India",usp000dndv
2005-04-15 20:30:25.090,13.663,92.699,30.0,3.9,"217 km N of Bamboo Flat, India",usp000dnep
2005-04-15 23:28:24.360,10.319,92.573,30.0,4.4,"150 km S of Port Blair, India",usp000dnf3
2005-04-16 10:13:15.960,12.887,91.92,30.0,4.6,"157 km NNW of Bamboo Flat, India",usp000dngm
2005-04-16 16:50:29.130,14.658,92.493,30.0,4.7,"Andaman Islands, India region",usp000dnha
2005-04-16 20:51:52.000,12.244,92.743,30.0,4.5,"60 km N of Bamboo Flat, India",usp000dnhp
2005-04-17 17:09:47.720,13.845,93.156,29.4,4.7,"242 km NNE of Bamboo Flat, India",usp000dnkv
2005-04-17 21:37:53.230,10.178,93.634,25.9,5.3,"191 km SSE of Port Blair, India",usp000dnmm
2005-04-17 23:21:25.510,10.783,92.041,30.0,4.7,"124 km SW of Port Blair, India",usp000dnmt
2005-04-18 09:50:10.130,10.692,91.719,28.1,4.4,"155 km SW of Port Blair, India",usp000dnny
2005-04-18 14:16:40.930,10.738,91.611,24.9,4.6,"160 km SW of Bamboo Flat, India",usp000dnpn
2005-04-18 18:33:56.450,10.726,91.547,22.3,4.0,"167 km SW of Bamboo Flat, India",usp000dnq1
2005-04-19 12:47:05.890,15.907,92.94,30.0,4.7,"214 km WSW of Pathein, Myanmar",usp000dnry
2005-04-19 14:04:20.590,23.707,94.478,90.1,4.5,"10 km NE of Mawlaik, Myanmar",usp000dns2
2005-04-19 14:51:07.330,25.575,102.17,51.1,4.0,"76 km NW of Majie, China",usp000dns6
2005-04-19 16:30:03.890,16.013,93.065,26.0,4.3,"197 km WSW of Pathein, Myanmar",usp000dnsd
2005-04-20 07:47:49.500,10.922,92.586,30.0,4.5,"84 km SSW of Port Blair, India",usp000dntn
2005-04-23 18:49:36.980,12.923,92.403,30.0,4.5,"139 km NNW of Bamboo Flat, India",usp000dp2k
2005-04-24 19:57:07.650,12.897,93.064,30.0,4.3,"137 km NNE of Bamboo Flat, India",usp000dp55
2005-04-25 14:57:57.650,10.699,91.689,30.0,4.5,"157 km SW of Port Blair, India",usp000dp6y
2005-04-26 20:50:10.110,13.721,93.014,30.0,4.2,"225 km N of Bamboo Flat, India",usp000dpan
2005-04-28 18:02:16.140,11.385,92.169,30.0,4.3,"69 km WSW of Bamboo Flat, India",usp000dpey
2005-04-30 02:41:10.050,26.741,96.246,87.7,3.9,"74 km ESE of Khonsa, India",usp000dpjf
2005-04-30 04:06:13.680,15.822,96.194,10.0,4.7,"75 km SE of Pyapon, Myanmar",usp000dpjq
2005-05-01 07:39:30.510,12.155,92.46,30.0,4.5,"57 km NNW of Bamboo Flat, India",usp000dpp1
2005-05-01 10:40:28.480,16.023,93.006,30.0,3.9,"202 km WSW of Pathein, Myanmar",usp000dppa
2005-05-01 17:39:55.030,11.379,92.07,26.7,4.5,"78 km WSW of Bamboo Flat, India",usp000dpq3
2005-05-01 21:36:38.160,13.575,92.849,30.0,4.7,"207 km N of Bamboo Flat, India",usp000dpqm
2005-05-02 05:55:54.950,16.002,93.006,30.0,4.5,"203 km WSW of Pathein, Myanmar",usp000dpra
2005-05-03 00:38:57.730,25.764,91.059,33.6,4.3,"34 km NW of Nongstoin, India",usp000dptb
2005-05-07 08:24:19.420,12.504,91.62,30.0,4.2,"148 km NW of Bamboo Flat, India",usp000dq4a
2005-05-09 04:19:06.190,16.024,93.005,30.0,4.5,"202 km WSW of Pathein, Myanmar",usp000dq8k
2005-05-09 05:47:51.440,16.007,93.129,30.0,3.7,"191 km WSW of Pathein, Myanmar",usp000dq8v
2005-05-09 07:56:49.560,12.845,93.206,30.0,4.5,"137 km NNE of Bamboo Flat, India",usp000dq91
2005-05-09 14:04:02.890,15.999,93.022,30.0,4.7,"202 km WSW of Pathein, Myanmar",usp000dqa0
2005-05-09 14:11:39.610,15.997,92.971,33.4,4.6,"207 km WSW of Pathein, Myanmar",usp000dqa1
2005-05-09 17:38:01.280,10.72,92.055,27.4,4.0,"129 km SW of Port Blair, India",usp000dqad
2005-05-09 18:23:51.460,10.535,91.737,27.5,3.9,"166 km SW of Port Blair, India",usp000dqak
2005-05-09 18:42:03.820,16.053,92.945,25.0,4.4,"207 km WSW of Pathein, Myanmar",usp000dqan
2005-05-11 22:52:20.680,11.049,92.062,30.0,4.4,"101 km SW of Port Blair, India",usp000dqjb
2005-05-13 03:05:14.260,12.842,92.311,30.0,4.2,"133 km NNW of Bamboo Flat, India",usp000dqp1
2005-05-13 07:24:47.930,13.839,93.283,24.2,4.3,"244 km NNE of Bamboo Flat, India",usp000dqpm
2005-05-16 10:33:55.960,10.084,92.482,30.0,4.4,"177 km S of Port Blair, India",usp000dqym
2005-05-17 13:04:09.020,13.055,91.847,25.0,4.2,"177 km NNW of Bamboo Flat, India",usp000dr18
2005-05-17 17:27:28.540,17.436,95.01,60.5,4.1,"53 km WSW of Hinthada, Myanmar",usp000dr1v
2005-05-17 20:19:08.000,14.38,93.796,30.0,4.1,"271 km SW of Mawlamyinegyunn, Myanmar",usp000dr26
2005-05-21 06:22:20.220,12.056,95.042,30.0,4.2,"253 km E of Port Blair, India",usp000dr96
2005-05-22 07:46:54.980,16.08,92.917,30.0,4.4,"208 km WSW of Pathein, Myanmar",usp000drbn
2005-05-24 21:06:33.600,22.845,92.331,24.6,4.2,"42 km W of Lunglei, India",usp000drh7
2005-05-25 01:40:21.600,13.653,92.889,32.7,4.2,"216 km N of Bamboo Flat, India",usp000drhj
2005-05-25 07:51:20.860,12.912,93.212,30.0,4.3,"144 km NNE of Bamboo Flat, India",usp000drhz
2005-05-27 14:58:50.690,23.133,95.736,10.0,4.4,"62 km N of Shwebo, Myanmar",usp000drp8
2005-05-27 18:31:13.360,13.011,92.519,30.0,4.2,"146 km N of Bamboo Flat, India",usp000drpn
2005-05-28 04:36:34.050,12.291,94.709,30.0,4.1,"Andaman Islands, India region",usp000drqf
2005-05-29 01:59:28.860,11.982,92.155,30.0,4.1,"68 km WNW of Bamboo Flat, India",usp000drs7
2005-05-29 10:46:16.440,26.934,92.423,56.0,4.3,"26 km NNW of Dhekiajuli, India",usp000drtf
2005-05-29 13:45:44.350,12.739,92.688,29.6,4.2,"114 km N of Bamboo Flat, India",usp000drtt
2005-05-31 00:33:30.510,10.007,91.462,30.0,4.8,"231 km SW of Port Blair, India",usp000drxh
2005-06-01 20:06:41.450,28.881,94.626,25.8,5.8,"46 km NNE of Shi Yomi, India",usp000ds10
2005-06-04 05:57:54.520,16.029,94.022,10.0,4.2,"112 km SW of Pathein, Myanmar",usp000ds6a
2005-06-04 13:55:15.610,11.683,92.319,30.0,4.4,"43 km W of Bamboo Flat, India",usp000ds6v
2005-06-05 19:55:54.220,14.52,93.22,30.0,3.8,"297 km SSW of Pathein, Myanmar",usp000dsa5
2005-06-07 03:27:07.530,12.318,94.861,30.0,4.8,"241 km ENE of Port Blair, India",usp000dsd7
2005-06-07 05:03:19.150,12.697,93.155,30.0,4.5,"120 km NNE of Bamboo Flat, India",usp000dsdh
2005-06-07 05:49:15.940,12.007,92.262,30.0,4.1,"60 km NW of Bamboo Flat, India",usp000dsdp
2005-06-07 16:52:15.430,12.982,93.276,30.0,3.8,"154 km NNE of Bamboo Flat, India",usp000dsey
2005-06-09 12:40:26.000,10.987,91.798,43.9,4.3,"127 km SW of Bamboo Flat, India",usp000dsk8
2005-06-11 04:39:04.730,12.145,94.701,15.5,4.6,"219 km ENE of Port Blair, India",usp000dsq4
2005-06-11 04:46:47.210,12.217,94.696,18.1,4.7,"220 km ENE of Port Blair, India",usp000dsq5
2005-06-12 03:42:33.350,26.454,96.249,91.3,4.1,"62 km WNW of Sarupathar, India",usp000dss2
2005-06-12 16:56:43.640,12.882,92.543,30.0,3.9,"132 km N of Bamboo Flat, India",usp000dstf
2005-06-12 20:22:59.770,10.428,91.699,25.1,4.0,"178 km SW of Port Blair, India",usp000dstw
2005-06-13 16:13:56.870,11.275,95.098,30.0,4.1,"260 km E of Port Blair, India",usp000dsvb
2005-06-13 17:14:17.670,13.584,92.746,30.0,4.6,"208 km N of Bamboo Flat, India",usp000dsvd
2005-06-14 11:37:19.420,26.072,95.691,83.7,4.9,"89 km ESE of Tuensang, India",usp000dsye
2005-06-15 06:15:22.370,12.21,92.348,30.0,4.5,"69 km NW of Bamboo Flat, India",usp000dt32
2005-06-15 10:07:47.840,13.508,92.87,30.0,4.5,"200 km N of Bamboo Flat, India",usp000dt3t
2005-06-17 00:11:18.920,11.043,94.805,30.0,4.3,"235 km ESE of Port Blair, India",usp000dt7r
2005-06-19 02:44:57.500,13.456,92.72,26.2,4.6,"194 km N of Bamboo Flat, India",usp000dtdj
2005-06-20 18:22:16.830,22.546,94.543,88.6,4.4,"77 km NW of Monywa, Myanmar",usp000dtj7
2005-06-22 15:00:55.820,11.755,92.811,55.2,4.2,"11 km ENE of Bamboo Flat, India",usp000dtp7
2005-06-23 17:53:51.260,10.116,93.021,30.0,4.5,"174 km S of Port Blair, India",usp000dtrv
2005-06-24 01:46:20.200,26.478,93.139,54.2,4.3,"37 km ESE of Tezpur, India",usp000dtsv
2005-06-26 05:03:43.050,11.988,95.008,30.0,4.3,"249 km E of Port Blair, India",usp000dtxm
2005-06-28 05:22:07.930,10.643,92.03,30.0,4.5,"137 km SW of Port Blair, India",usp000du2g
2005-06-28 06:41:08.040,12.147,92.456,30.0,4.3,"57 km NNW of Bamboo Flat, India",usp000du2m
2005-07-01 19:43:55.230,11.794,94.285,30.0,3.9,"168 km E of Port Blair, India",usp000duav
2005-07-02 10:01:12.820,28.794,96.089,46.1,4.6,"91 km NNW of Hayuliang, India",usp000duc5
2005-07-02 18:12:21.880,13.849,93.607,39.7,5.1,"256 km NNE of Bamboo Flat, India",usp000ducs
2005-07-03 12:27:16.750,11.665,93.046,30.0,4.2,"32 km E of Port Blair, India",usp000due9
2005-07-04 16:07:36.040,10.251,93.582,36.8,5.3,"181 km SSE of Port Blair, India",usp000duhe
2005-07-04 20:29:42.360,10.257,93.481,30.0,4.4,"175 km SSE of Port Blair, India",usp000duht
2005-07-05 05:03:07.240,10.465,92.239,30.0,4.6,"143 km SSW of Port Blair, India",usp000dujm
2005-07-07 17:41:10.890,26.938,97.254,36.0,4.4,"92 km NNE of Sarupathar, India",usp000duqm
2005-07-09 12:25:38.110,13.658,92.892,10.0,4.4,"217 km N of Bamboo Flat, India",usp000duuy
2005-07-09 12:58:14.910,13.658,92.833,5.2,4.4,"216 km N of Bamboo Flat, India",usp000duv2
2005-07-11 20:58:41.640,22.163,94.242,46.0,4.1,"84 km SE of Hakha, Myanmar",usp000dv0w
2005-07-13 00:29:29.810,10.351,92.903,49.6,5.5,"146 km S of Port Blair, India",usp000dv38
2005-07-14 11:09:14.820,10.958,91.6,27.4,4.3,"146 km SW of Bamboo Flat, India",usp000dv68
2005-07-15 11:58:18.300,11.014,91.816,30.0,4.2,"124 km SW of Bamboo Flat, India",usp000dv8g
2005-07-15 21:26:22.610,19.787,94.201,65.0,3.9,"82 km WSW of Minbu, Myanmar",usp000dv9b
2005-07-16 00:11:18.080,12.76,93.442,30.0,4.2,"141 km NE of Bamboo Flat, India",usp000dv9n
2005-07-17 01:04:44.150,21.015,94.986,120.3,5.0,"21 km NE of Chauk, Myanmar",usp000dvc2
2005-07-17 06:12:40.710,26.413,93.388,26.1,4.8,"32 km SW of Bok?kh?t, India",usp000dvcc
2005-07-18 06:30:34.490,14.813,93.697,38.7,4.6,"241 km SW of Mawlamyinegyunn, Myanmar",usp000dvem
2005-07-19 16:26:45.230,23.547,104.132,10.0,4.2,"23 km NNW of Wenshan City, China",usp000dvh3
2005-07-21 11:40:43.410,22.936,92.157,10.0,4.6,"27 km SE of Khagrachhari, Bangladesh",usp000dvmh
2005-07-21 12:45:19.420,23.061,92.235,10.0,4.2,"27 km E of Khagrachhari, Bangladesh",usp000dvmr
2005-07-22 22:45:38.460,13.027,93.307,33.9,4.6,"Andaman Islands, India region",usp000dvq3
2005-07-23 10:16:30.720,12.744,93.292,44.5,4.5,"131 km NNE of Bamboo Flat, India",usp000dvr7
2005-07-26 18:27:05.300,23.273,91.406,38.1,4.0,"5 km WNW of Belonia, India",usp000dw06
2005-07-26 20:59:04.580,11.427,92.229,23.8,4.8,"61 km WSW of Bamboo Flat, India",usp000dw0d
2005-07-27 00:49:55.970,26.869,100.659,10.0,4.2,"43 km E of Lijiang, China",usp000dw0r
2005-07-27 06:52:30.080,12.04,94.986,26.1,4.5,"247 km E of Port Blair, India",usp000dw1f
2005-07-29 21:46:20.740,10.84,93.091,30.0,4.6,"98 km SSE of Port Blair, India",usp000dw86
2005-07-30 09:26:05.140,10.864,91.602,30.0,4.6,"152 km SW of Bamboo Flat, India",usp000dw9t
2005-07-30 23:46:01.860,13.031,93.351,51.9,4.4,"162 km NNE of Bamboo Flat, India",usp000dwax
2005-07-31 19:29:57.550,13.875,93.216,30.0,4.8,"246 km NNE of Bamboo Flat, India",usp000dwda
2005-08-03 07:33:10.630,11.429,92.775,30.0,4.7,"26 km S of Port Blair, India",usp000dwjf
2005-08-04 03:09:01.460,12.857,91.799,30.0,4.5,"Andaman Islands, India region",usp000dwmk
2005-08-05 06:12:25.220,10.762,91.448,28.9,4.7,"173 km SW of Bamboo Flat, India",usp000dwqg
2005-08-05 09:47:35.350,20.021,95.751,100.0,4.3,"21 km E of Taungdwingyi, Myanmar",usp000dwqv
2005-08-05 10:46:26.200,19.952,96.432,100.0,4.1,"33 km NE of Pyinmana, Myanmar",usp000dwqz
2005-08-05 13:45:15.770,26.458,102.597,48.8,4.8,"89 km E of Dadukou, China",usp000dwra
2005-08-05 14:14:48.030,26.569,103.036,42.4,5.2,"106 km SW of Zhaotong, China",usp000dwrc
2005-08-05 23:40:57.120,26.478,102.875,13.5,4.5,"116 km E of Dadukou, China",usp000dws9
2005-08-08 02:25:45.020,17.456,92.526,10.0,4.6,"246 km WNW of Pathein, Myanmar",usp000dwxj
2005-08-09 05:05:44.770,13.19,92.183,30.0,4.1,"174 km NNW of Bamboo Flat, India",usp000dwzv
2005-08-09 15:16:10.880,13.787,93.457,30.0,4.7,"244 km NNE of Bamboo Flat, India",usp000dx0p
2005-08-13 04:58:44.850,23.627,104.103,10.0,4.8,"32 km NNW of Wenshan City, China",usp000dx7x
2005-08-14 20:18:07.070,13.244,92.544,30.0,4.8,"171 km N of Bamboo Flat, India",usp000dxba
2005-08-17 06:25:18.260,22.779,93.809,47.4,4.3,"20 km SE of Falam, Myanmar",usp000dxh1
2005-08-17 18:37:07.040,21.114,99.738,20.0,4.3,"75 km NNW of Tachilek, Myanmar",usp000dxj5
2005-08-18 13:57:29.620,12.943,93.269,30.0,4.4,"150 km NNE of Bamboo Flat, India",usp000dxkj
2005-08-19 07:13:24.660,21.793,93.811,65.0,4.5,"96 km SSE of Hakha, Myanmar",usp000dxn4
2005-08-20 15:35:05.160,25.984,102.717,38.1,4.1,"104 km N of Kunming, China",usp000dxqx
2005-08-21 08:27:19.970,12.981,92.405,33.2,4.5,"145 km NNW of Bamboo Flat, India",usp000dxs9
2005-08-22 23:05:19.840,17.753,96.122,10.0,4.4,"37 km ENE of Tharyarwady, Myanmar",usp000dxvc
2005-08-23 10:37:43.290,14.44,93.368,19.6,4.4,"295 km SW of Mawlamyinegyunn, Myanmar",usp000dxwf
2005-08-24 20:32:36.300,23.191,94.547,98.8,3.9,"52 km SSE of Mawlaik, Myanmar",usp000dxzj
2005-08-26 02:53:13.310,16.198,93.498,10.0,4.5,"146 km WSW of Pathein, Myanmar",usp000dy2c
2005-08-26 13:29:16.090,10.416,91.521,30.8,4.3,"192 km SW of Port Blair, India",usp000dy3d
2005-08-29 14:44:47.780,11.044,92.251,36.0,5.1,"87 km SW of Port Blair, India",usp000dy9e
2005-08-29 20:32:52.890,17.268,95.258,35.0,4.7,"47 km SSW of Hinthada, Myanmar",usp000dy9x
2005-08-30 00:27:17.240,16.236,92.516,10.0,4.0,"244 km WSW of Pathein, Myanmar",usp000dyag
2005-09-01 13:02:35.820,10.985,91.815,30.0,4.1,"Andaman Islands, India region",usp000dygn
2005-09-02 15:36:31.690,23.764,94.24,59.8,3.8,"21 km NW of Mawlaik, Myanmar",usp000dykw
2005-09-03 15:44:46.690,12.247,94.749,30.0,4.1,"227 km ENE of Port Blair, India",usp000dypk
2005-09-04 00:00:30.740,10.302,91.778,30.0,4.4,"184 km SW of Port Blair, India",usp000dyqd
2005-09-04 19:06:14.670,13.013,92.525,43.4,4.2,"146 km N of Bamboo Flat, India",usp000dys7
2005-09-05 13:14:44.830,27.282,103.699,35.0,4.5,"4 km SSW of Zhaotong, China",usp000dyts
2005-09-07 21:42:46.430,11.914,93.206,30.0,4.9,"57 km ENE of Port Blair, India",usp000dyyq
2005-09-08 01:24:41.370,13.526,92.797,30.0,4.2,"202 km N of Bamboo Flat, India",usp000dyyv
2005-09-10 19:35:52.010,10.5,91.732,30.0,4.2,"170 km SW of Port Blair, India",usp000dz72
2005-09-12 16:59:52.130,25.881,90.529,35.0,4.2,"27 km SE of Lakhipur, India",usp000dzay
2005-09-13 05:12:44.120,11.267,91.926,30.0,4.0,"98 km WSW of Bamboo Flat, India",usp000dzc6
2005-09-18 07:25:59.460,24.561,94.781,84.0,5.7,"72 km E of W?ngjing, India",usp000dznh
2005-09-18 12:04:53.890,20.328,91.452,10.8,4.0,"105 km SW of Tekn?f, Bangladesh",usp000dznz
2005-09-19 19:24:01.900,10.072,93.095,30.0,4.3,"180 km SSE of Port Blair, India",usp000dzrh
2005-09-22 05:51:12.070,13.605,92.732,30.0,4.7,"210 km N of Bamboo Flat, India",usp000dzx6
2005-09-25 16:55:16.630,10.177,93.518,30.0,4.0,"185 km SSE of Port Blair, India",usp000e083
2005-09-26 13:48:36.820,22.499,102.178,10.0,4.0,"90 km N of Phôngsali, Laos",usp000e0af
2005-10-02 19:20:34.530,13.021,92.329,30.0,4.4,"152 km NNW of Bamboo Flat, India",usp000e0rp
2005-10-03 16:29:08.060,12.909,92.5,30.0,4.3,"135 km N of Bamboo Flat, India",usp000e0u2
2005-10-03 20:26:58.890,13.453,92.719,30.0,4.2,"193 km N of Bamboo Flat, India",usp000e0u9
2005-10-04 03:59:39.180,12.273,93.114,30.0,4.5,"76 km NE of Bamboo Flat, India",usp000e0uw
2005-10-04 12:56:11.210,14.095,95.816,21.5,4.4,"242 km S of Pyapon, Myanmar",usp000e0vx
2005-10-05 05:14:49.700,13.549,93.06,38.0,4.6,"207 km N of Bamboo Flat, India",usp000e0ww
2005-10-05 21:47:18.450,24.625,98.401,20.0,3.9,"125 km ENE of Bhamo, Myanmar",usp000e0xv
2005-10-07 15:57:27.100,12.989,93.211,30.0,4.2,"152 km NNE of Bamboo Flat, India",usp000e11g
2005-10-07 22:07:39.870,16.005,95.76,110.9,4.3,"32 km SSE of Pyapon, Myanmar",usp000e124
2005-10-09 18:41:00.390,25.374,95.692,82.7,4.0,"124 km ESE of Phek, India",usp000e1ee
2005-10-09 18:42:21.700,10.856,92.536,30.0,3.9,"92 km SSW of Port Blair, India",usp000e1ef
2005-10-09 19:14:17.450,25.878,95.557,97.4,3.6,"85 km ESE of Tuensang, India",usp000e1ej
2005-10-10 01:07:08.820,12.159,94.7,30.0,4.2,"219 km ENE of Port Blair, India",usp000e1fh
2005-10-10 17:51:27.360,11.626,92.847,30.0,4.1,"11 km ESE of Port Blair, India",usp000e1hw
2005-10-11 03:37:56.850,10.894,92.296,22.8,5.4,"98 km SSW of Port Blair, India",usp000e1jz
2005-10-11 14:21:03.140,12.144,92.39,20.5,4.8,"60 km NW of Bamboo Flat, India",usp000e1ky
2005-10-14 00:13:19.880,24.239,95.346,148.0,3.9,"116 km NE of Mawlaik, Myanmar",usp000e1sf
2005-10-15 23:16:32.930,12.889,93.177,12.2,4.0,"140 km NNE of Bamboo Flat, India",usp000e1x8
2005-10-16 09:59:29.710,10.562,92.297,26.4,4.7,"131 km SSW of Port Blair, India",usp000e1y6
2005-10-18 21:36:46.360,13.668,92.958,30.0,4.2,"219 km N of Bamboo Flat, India",usp000e26d
2005-10-20 23:37:56.910,18.913,95.761,10.0,4.7,"53 km NNE of Paungde, Myanmar",usp000e2c5
2005-10-21 20:29:22.530,13.053,93.28,30.0,3.9,"161 km NNE of Bamboo Flat, India",usp000e2fj
2005-10-22 11:09:12.620,12.355,94.98,77.7,4.7,"254 km ENE of Port Blair, India",usp000e2hc
2005-10-22 13:45:20.400,25.568,96.05,102.8,5.0,"103 km SW of Sarupathar, India",usp000e2hs
2005-10-22 15:43:25.480,12.343,95.031,15.7,4.5,"259 km ENE of Port Blair, India",usp000e2j3
2005-10-23 01:45:56.780,11.433,91.977,30.0,4.2,"85 km WSW of Bamboo Flat, India",usp000e2kd
2005-10-25 09:22:16.300,13.135,93.411,41.5,4.5,"175 km NNE of Bamboo Flat, India",usp000e2tq
2005-10-25 22:29:51.670,14.549,95.731,26.6,4.1,"192 km S of Pyapon, Myanmar",usp000e2v7
2005-10-26 01:59:10.950,13.538,93.011,11.3,4.4,"205 km N of Bamboo Flat, India",usp000e2vj
2005-10-28 15:33:33.040,24.796,95.325,138.9,3.8,"127 km SE of Phek, India",usp000e30v
2005-10-28 21:24:04.590,29.539,98.663,10.0,4.0,"215 km NNW of Shangri-La, China",usp000e31c
2005-10-31 10:34:02.140,17.561,92.525,10.0,4.7,"250 km WNW of Pathein, Myanmar",usp000e376
2005-11-03 06:09:55.020,13.702,92.958,30.0,4.5,"223 km N of Bamboo Flat, India",usp000e3db
2005-11-09 08:17:40.090,11.787,92.438,30.0,4.6,"31 km WNW of Bamboo Flat, India",usp000e3u0
2005-11-09 13:22:12.680,10.056,91.491,30.0,4.5,"224 km SW of Port Blair, India",usp000e3ub
2005-11-10 22:09:34.530,24.785,98.698,1.1,4.5,"147 km ESE of Myitkyina, Myanmar",usp000e3x3
2005-11-11 23:18:05.820,25.46,93.038,51.8,3.7,"20 km NNW of Maibong, India",usp000e3zt
2005-11-13 18:14:23.130,13.498,92.773,30.0,4.2,"199 km N of Bamboo Flat, India",usp000e43s
2005-11-15 00:23:21.640,12.352,90.639,30.0,4.6,"237 km WNW of Bamboo Flat, India",usp000e46c
2005-11-16 05:06:01.460,17.18,92.466,26.1,4.2,"245 km W of Pathein, Myanmar",usp000e49u
2005-11-18 18:56:55.530,26.466,96.379,90.7,4.8,"51 km WNW of Sarupathar, India",usp000e4f1
2005-11-19 04:05:55.520,12.843,92.473,30.0,4.5,"129 km NNW of Bamboo Flat, India",usp000e4fv
2005-11-22 12:20:00.150,14.022,93.417,30.0,4.7,"267 km NNE of Bamboo Flat, India",usp000e4q5
2005-11-22 15:28:31.640,25.43,94.289,10.0,4.5,"32 km SSE of Koh?ma, India",usp000e4qf
2005-11-24 00:06:58.710,21.981,94.241,64.5,3.9,"93 km W of Monywa, Myanmar",usp000e4sw
2005-11-24 09:49:18.560,26.031,102.076,10.0,4.1,"68 km SSE of Dadukou, China",usp000e4tg
2005-11-26 01:07:24.200,10.547,91.66,30.0,4.7,"171 km SW of Port Blair, India",usp000e4wv
2005-11-29 13:24:31.740,27.267,100.993,10.0,4.5,"88 km ENE of Lijiang, China",usp000e557
2005-12-02 19:12:05.090,12.867,93.3,30.0,4.2,"143 km NNE of Bamboo Flat, India",usp000e5cj
2005-12-12 07:12:44.940,25.961,92.313,35.0,4.3,"32 km S of Morigaon, India",usp000e60t
2005-12-12 08:58:24.460,10.335,93.934,30.0,4.6,"196 km SE of Port Blair, India",usp000e610
2005-12-12 15:42:30.990,11.967,94.929,30.0,4.2,"240 km E of Port Blair, India",usp000e61c
2005-12-14 18:26:38.610,13.446,92.734,30.0,4.1,"193 km N of Bamboo Flat, India",usp000e650
2005-12-16 12:12:57.960,10.683,93.975,30.0,4.0,"172 km SE of Port Blair, India",usp000e68g
2005-12-16 20:31:31.580,20.858,94.537,75.0,3.9,"29 km W of Chauk, Myanmar",usp000e69j
2005-12-17 09:45:43.540,13.452,92.595,28.9,4.4,"194 km N of Bamboo Flat, India",usp000e6am
2005-12-18 21:23:09.220,11.035,93.896,30.0,4.2,"143 km ESE of Port Blair, India",usp000e6d1
2005-12-22 21:30:34.000,17.6,95.971,10.0,4.4,"20 km ESE of Tharyarwady, Myanmar",usp000e6n6
2005-12-24 14:42:49.840,12.929,92.265,30.0,4.0,"144 km NNW of Bamboo Flat, India",usp000e6sp
2005-12-26 00:54:50.930,13.893,92.672,27.2,4.5,"242 km N of Bamboo Flat, India",usp000e6wh
2005-12-26 10:35:40.740,29.544,102.115,55.0,4.0,"53 km SSE of Kangding, China",usp000e6y6
2005-12-26 11:40:41.570,11.545,92.299,35.2,4.3,"48 km WSW of Bamboo Flat, India",usp000e6yc
2005-12-26 14:31:59.460,11.783,92.271,30.0,4.4,"49 km W of Bamboo Flat, India",usp000e6yu
2005-12-27 12:06:05.630,12.161,92.913,30.0,4.1,"55 km NNE of Bamboo Flat, India",usp000e714
2005-12-27 16:19:15.760,24.783,93.991,86.5,4.7,"5 km ESE of Imph?l, India",usp000e71f
2005-12-29 07:20:55.730,25.01,96.197,12.0,5.1,"127 km WSW of Myitkyina, Myanmar",usp000e751
2005-12-30 19:47:31.340,11.524,93.553,30.0,3.8,"89 km E of Port Blair, India",usp000e789
2005-12-31 06:31:43.980,25.732,90.384,35.0,4.2,"30 km NE of Tura, India",usp000e792
2006-01-02 14:00:30.160,12.44,92.63,30.0,4.6,"82 km N of Bamboo Flat, India",usp000e7e0
2006-01-04 11:09:29.990,17.468,95.722,38.5,4.2,"21 km SSW of Tharyarwady, Myanmar",usp000e7jz
2006-01-06 04:25:05.750,12.235,95.2,25.1,5.4,"274 km ENE of Port Blair, India",usp000e7pm
2006-01-09 01:28:05.720,24.688,95.284,149.2,3.7,"124 km E of W?ngjing, India",usp000e7wb
2006-01-10 09:16:01.350,12.743,93.071,38.4,4.1,"121 km NNE of Bamboo Flat, India",usp000e7z3
2006-01-11 18:29:34.230,12.187,92.773,30.0,4.1,"54 km N of Bamboo Flat, India",usp000e81y
2006-01-12 01:05:33.240,23.282,101.693,32.8,4.6,"120 km SSE of Jianshui, China",usp000e82j
2006-01-15 06:35:25.800,13.599,92.732,32.9,4.2,"210 km N of Bamboo Flat, India",usp000e88t
2006-01-16 21:10:57.540,10.394,92.314,30.0,4.1,"148 km SSW of Port Blair, India",usp000e8b5
2006-01-19 23:25:55.860,13.563,92.744,30.0,3.9,"206 km N of Bamboo Flat, India",usp000e8gt
2006-01-21 04:07:03.710,13.002,93.245,44.0,5.6,"155 km NNE of Bamboo Flat, India",usp000e8jv
2006-01-21 22:35:02.770,23.848,94.908,35.0,3.7,"56 km ENE of Mawlaik, Myanmar",usp000e8mq
2006-01-24 13:42:07.650,20.551,98.175,10.0,4.4,"121 km ESE of Taunggyi, Myanmar",usp000e8sx
2006-01-25 09:22:01.150,19.406,94.994,79.5,4.1,"21 km WNW of Thayetmyo, Myanmar",usp000e8u6
2006-01-26 04:14:24.740,10.624,91.681,24.5,4.2,"163 km SW of Port Blair, India",usp000e8vv
2006-01-26 11:00:43.450,27.569,100.765,25.0,4.5,"94 km NE of Lijiang, China",usp000e8w7
2006-01-27 23:58:29.560,23.056,94.474,54.5,4.2,"65 km S of Mawlaik, Myanmar",usp000e8zj
2006-01-28 07:02:02.390,26.152,100.854,10.0,4.5,"89 km NE of Dali, China",usp000e904
2006-02-03 20:34:10.980,11.86,92.372,19.0,6.1,"41 km WNW of Bamboo Flat, India",usp000e9dn
2006-02-03 22:12:19.540,11.678,91.968,30.0,3.8,"81 km W of Bamboo Flat, India",usp000e9dw
2006-02-03 22:56:32.990,11.695,92.388,30.0,4.3,"35 km W of Bamboo Flat, India",usp000e9dz
2006-02-05 00:49:54.730,14.22,91.476,35.0,3.8,"Andaman Islands, India region",usp000e9gg
2006-02-05 13:27:26.590,10.365,94.319,30.0,4.4,"224 km SE of Port Blair, India",usp000e9hw
2006-02-05 13:40:33.100,10.902,91.83,28.8,4.8,"130 km SW of Port Blair, India",usp000e9hy
2006-02-11 05:04:21.270,27.233,92.145,49.3,4.7,"27 km W of Bomdila, India",usp000e9x4
2006-02-12 04:54:40.780,23.889,91.634,50.1,4.2,"21 km S of Khowai, India",usp000e9yh
2006-02-16 07:01:59.560,24.361,94.204,84.2,4.5,"27 km SE of Kakching, India",usp000ea52
2006-02-23 20:04:53.550,26.912,91.705,10.0,5.8,"23 km ENE of Samdrup Jongkhar, Bhutan",usp000eaq0
2006-02-23 20:07:26.170,26.863,91.632,10.0,5.2,"14 km ENE of Samdrup Jongkhar, Bhutan",usp000eaq1
2006-02-23 20:22:46.550,26.83,91.809,10.0,3.9,"30 km WNW of Udalguri, India",usp000eaq4
2006-02-23 20:36:59.800,26.78,91.494,10.0,4.2,"2 km SSW of Samdrup Jongkhar, Bhutan",usp000eaq6
2006-02-23 20:44:33.340,26.911,91.681,10.0,4.2,"21 km NE of Samdrup Jongkhar, Bhutan",usp000eaq7
2006-02-23 23:49:06.610,26.773,91.518,10.0,3.6,"3 km SSE of Samdrup Jongkhar, Bhutan",usp000eaqf
2006-02-24 01:37:08.130,14.847,93.35,35.0,4.2,"260 km SW of Pathein, Myanmar",usp000eaqs
2006-02-24 02:36:28.370,26.385,92.415,10.0,3.8,"10 km SSW of Dhing, India",usp000eaqx
2006-02-24 04:45:26.050,26.859,91.458,10.0,3.8,"7 km NW of Samdrup Jongkhar, Bhutan",usp000ear6
2006-02-27 12:49:55.600,27.438,96.791,68.6,4.1,"74 km SSE of Hayuliang, India",usp000eazp
2006-03-01 17:16:37.390,11.049,92.051,37.4,4.1,"102 km SW of Port Blair, India",usp000eb46
2006-03-01 22:06:06.880,11.102,92.123,26.8,4.9,"92 km SW of Port Blair, India",usp000eb4r
2006-03-02 17:16:59.970,24.268,94.526,77.9,4.9,"58 km SE of W?ngjing, India",usp000eb6g
2006-03-03 01:36:06.530,21.116,94.469,112.8,5.2,"43 km WNW of Chauk, Myanmar",usp000eb7p
2006-03-03 07:22:56.210,29.099,95.275,10.0,4.1,"108 km NE of Shi Yomi, India",usp000eb93
2006-03-03 07:44:08.610,19.626,95.43,35.0,4.1,"36 km NE of Myaydo, Myanmar",usp000eb95
2006-03-04 05:21:32.650,27.349,99.41,35.4,3.8,"60 km SSW of Shangri-La, China",usp000ebby
2006-03-06 15:22:42.700,19.973,95.838,65.2,4.2,"30 km E of Taungdwingyi, Myanmar",usp000ebj7
2006-03-08 14:49:44.740,13.627,92.723,30.2,4.5,"213 km N of Bamboo Flat, India",usp000ebp7
2006-03-09 14:45:37.570,11.036,94.888,10.0,4.2,"243 km ESE of Port Blair, India",usp000ebr3
2006-03-09 14:47:56.000,10.818,94.578,19.9,4.7,"220 km ESE of Port Blair, India",usp000ebr4
2006-03-09 14:48:54.910,10.75,94.404,21.2,4.9,"207 km ESE of Port Blair, India",usp000ebr5
2006-03-09 14:51:25.830,10.929,94.78,24.9,4.5,"236 km ESE of Port Blair, India",usp000ebr8
2006-03-09 14:54:10.830,10.716,94.467,20.4,4.7,"215 km ESE of Port Blair, India",usp000ebr9
2006-03-09 14:57:09.390,10.698,93.901,15.1,5.1,"165 km SE of Port Blair, India",usp000ebra
2006-03-09 15:03:12.610,10.736,94.275,15.7,5.1,"196 km ESE of Port Blair, India",usp000ebrc
2006-03-09 15:04:28.830,10.672,94.321,23.6,4.7,"204 km ESE of Port Blair, India",usp000ebrd
2006-03-09 15:12:02.630,10.789,94.45,20.8,5.2,"209 km ESE of Port Blair, India",usp000ebrf
2006-03-09 15:16:42.340,10.736,94.498,10.0,4.6,"217 km ESE of Port Blair, India",usp000ebrg
2006-03-09 15:19:15.530,10.801,94.51,21.4,5.2,"215 km ESE of Port Blair, India",usp000ebrh
2006-03-09 15:24:35.080,10.9,94.677,19.7,4.6,"227 km ESE of Port Blair, India",usp000ebrj
2006-03-09 15:26:39.920,10.926,95.107,10.0,4.4,"270 km ESE of Port Blair, India",usp000ebrk
2006-03-09 15:27:11.260,10.472,94.241,10.0,4.8,"210 km SE of Port Blair, India",usp000ebrm
2006-03-09 15:30:10.180,10.994,94.834,10.0,4.4,"239 km ESE of Port Blair, India",usp000ebrn
2006-03-09 15:36:35.230,10.739,94.613,10.0,4.2,"228 km ESE of Port Blair, India",usp000ebrp
2006-03-09 15:37:48.130,10.622,94.214,15.5,4.5,"197 km SE of Port Blair, India",usp000ebrq
2006-03-09 15:40:10.640,10.843,94.475,10.0,4.4,"209 km ESE of Port Blair, India",usp000ebrr
2006-03-09 15:46:51.630,10.725,94.359,22.0,5.0,"204 km ESE of Port Blair, India",usp000ebrs
2006-03-09 15:59:05.370,10.539,94.295,17.2,4.3,"210 km SE of Port Blair, India",usp000ebrt
2006-03-09 16:07:56.480,10.795,94.609,23.2,4.6,"225 km ESE of Port Blair, India",usp000ebrv
2006-03-09 16:10:32.580,10.692,94.361,10.0,4.3,"206 km ESE of Port Blair, India",usp000ebrw
2006-03-09 16:14:30.870,10.637,94.385,20.1,4.6,"212 km ESE of Port Blair, India",usp000ebry
2006-03-09 16:17:36.970,10.762,94.682,10.0,4.5,"233 km ESE of Port Blair, India",usp000ebrz
2006-03-09 16:24:28.970,10.852,94.754,10.0,4.5,"236 km ESE of Port Blair, India",usp000ebs1
2006-03-09 16:28:49.330,10.79,94.508,20.4,4.7,"215 km ESE of Port Blair, India",usp000ebs2
2006-03-09 16:34:04.990,10.765,94.636,23.7,4.0,"229 km ESE of Port Blair, India",usp000ebs3
2006-03-09 16:42:31.770,10.726,94.531,21.0,4.9,"220 km ESE of Port Blair, India",usp000ebs4
2006-03-09 16:51:23.960,10.86,94.745,21.8,4.5,"235 km ESE of Port Blair, India",usp000ebs6
2006-03-09 17:03:30.480,10.534,94.678,10.0,4.2,"245 km ESE of Port Blair, India",usp000ebs7
2006-03-09 17:08:51.940,10.728,94.507,21.8,4.8,"218 km ESE of Port Blair, India",usp000ebs8
2006-03-09 17:09:11.440,10.559,94.154,10.0,4.9,"196 km SE of Port Blair, India",usp000ebs9
2006-03-09 17:14:34.380,10.744,94.449,10.0,4.2,"212 km ESE of Port Blair, India",usp000ebsa
2006-03-09 17:20:43.120,10.69,94.495,26.7,4.6,"219 km ESE of Port Blair, India",usp000ebsb
2006-03-09 17:24:36.060,10.622,94.325,18.8,4.3,"207 km SE of Port Blair, India",usp000ebsc
2006-03-09 17:25:39.640,10.72,94.402,10.0,4.6,"208 km ESE of Port Blair, India",usp000ebsd
2006-03-09 17:38:23.620,10.826,94.722,10.0,4.5,"234 km ESE of Port Blair, India",usp000ebsf
2006-03-09 17:41:28.180,10.85,94.631,24.8,4.5,"224 km ESE of Port Blair, India",usp000ebsg
2006-03-09 17:43:18.240,10.816,94.482,19.6,4.5,"211 km ESE of Port Blair, India",usp000ebsh
2006-03-09 17:46:50.650,10.57,94.671,10.0,4.1,"242 km ESE of Port Blair, India",usp000ebsj
2006-03-09 17:48:41.210,10.721,94.44,21.1,4.5,"212 km ESE of Port Blair, India",usp000ebsm
2006-03-09 17:52:11.620,10.827,94.788,20.6,4.6,"241 km ESE of Port Blair, India",usp000ebsn
2006-03-09 17:55:40.420,10.738,94.408,19.1,4.5,"208 km ESE of Port Blair, India",usp000ebsq
2006-03-09 18:02:21.310,10.763,94.553,10.0,4.2,"221 km ESE of Port Blair, India",usp000ebss
2006-03-09 18:02:58.870,10.55,94.024,10.0,4.5,"186 km SE of Port Blair, India",usp000ebst
2006-03-09 18:10:00.040,10.822,94.649,10.0,4.4,"227 km ESE of Port Blair, India",usp000ebsv
2006-03-09 18:20:23.620,10.773,94.557,10.0,4.5,"221 km ESE of Port Blair, India",usp000ebsw
2006-03-09 18:21:51.560,10.84,94.58,10.0,5.4,"220 km ESE of Port Blair, India",usp000ebsx
2006-03-09 18:26:27.320,10.659,94.239,10.0,5.3,"197 km SE of Port Blair, India",usp000ebsy
2006-03-09 18:36:30.520,10.796,94.693,10.0,4.4,"233 km ESE of Port Blair, India",usp000ebsz
2006-03-09 18:40:41.990,10.743,94.452,10.0,4.5,"212 km ESE of Port Blair, India",usp000ebt0
2006-03-09 18:51:51.220,10.968,94.856,10.0,4.6,"242 km ESE of Port Blair, India",usp000ebt2
2006-03-09 19:03:21.190,10.849,94.545,10.0,4.3,"216 km ESE of Port Blair, India",usp000ebt3
2006-03-09 19:03:33.900,10.62,94.311,10.0,4.3,"206 km SE of Port Blair, India",usp000ebt4
2006-03-09 19:15:26.660,10.707,94.536,10.0,5.0,"222 km ESE of Port Blair, India",usp000ebt5
2006-03-09 19:15:43.700,10.719,94.335,22.4,5.2,"202 km ESE of Port Blair, India",usp000ebt6
2006-03-09 19:25:01.850,10.866,94.699,10.0,4.8,"230 km ESE of Port Blair, India",usp000ebt7
2006-03-09 19:39:23.570,10.765,94.585,10.0,4.6,"224 km ESE of Port Blair, India",usp000ebt8
2006-03-09 19:53:23.810,11.92,94.123,10.0,4.2,"152 km E of Port Blair, India",usp000ebta
2006-03-09 20:00:18.050,10.684,94.424,10.0,4.3,"213 km ESE of Port Blair, India",usp000ebtc
2006-03-09 20:23:04.960,10.88,94.601,10.0,4.0,"220 km ESE of Port Blair, India",usp000ebtf
2006-03-09 20:25:46.140,10.712,94.429,20.8,5.2,"211 km ESE of Port Blair, India",usp000ebtg
2006-03-09 20:47:58.940,10.802,94.668,10.0,4.4,"230 km ESE of Port Blair, India",usp000ebth
2006-03-09 21:11:14.600,10.8,94.58,20.8,4.7,"221 km ESE of Port Blair, India",usp000ebtj
2006-03-09 21:18:55.470,10.773,94.57,24.1,4.9,"222 km ESE of Port Blair, India",usp000ebtk
2006-03-09 21:36:04.260,10.862,94.479,10.0,3.8,"209 km ESE of Port Blair, India",usp000ebtm
2006-03-09 21:37:00.950,10.708,94.359,18.0,5.3,"205 km ESE of Port Blair, India",usp000ebtn
2006-03-09 22:30:46.630,10.73,94.358,10.0,5.2,"204 km ESE of Port Blair, India",usp000ebtr
2006-03-09 22:32:27.960,10.654,94.134,10.0,4.9,"188 km SE of Port Blair, India",usp000ebts
2006-03-09 22:39:09.510,10.727,94.18,10.0,4.2,"187 km ESE of Port Blair, India",usp000ebtt
2006-03-09 22:59:54.130,10.672,94.213,10.0,4.2,"194 km SE of Port Blair, India",usp000ebtv
2006-03-09 23:00:22.130,10.721,94.172,10.0,4.8,"187 km SE of Port Blair, India",usp000ebtw
2006-03-10 00:14:36.160,10.734,94.37,22.4,4.5,"205 km ESE of Port Blair, India",usp000ebu1
2006-03-10 00:26:27.200,10.506,94.117,10.0,4.3,"197 km SE of Port Blair, India",usp000ebu3
2006-03-10 00:48:38.560,11.06,93.894,10.0,4.3,"142 km ESE of Port Blair, India",usp000ebu6
2006-03-10 01:13:41.390,10.788,94.372,22.5,4.9,"202 km ESE of Port Blair, India",usp000ebub
2006-03-10 03:05:18.240,10.573,94.036,10.0,4.1,"185 km SE of Port Blair, India",usp000ebuh
2006-03-10 03:36:25.690,10.971,95.099,27.7,4.3,"268 km ESE of Port Blair, India",usp000ebum
2006-03-10 04:05:42.660,10.716,94.256,23.7,5.4,"195 km ESE of Port Blair, India",usp000ebup
2006-03-10 04:23:57.440,10.562,94.331,20.4,4.5,"211 km SE of Port Blair, India",usp000ebur
2006-03-10 04:34:05.900,10.527,94.257,22.4,4.8,"207 km SE of Port Blair, India",usp000ebus
2006-03-10 04:43:33.640,10.632,94.284,22.7,5.2,"203 km SE of Port Blair, India",usp000ebuu
2006-03-10 05:06:09.400,10.55,94.258,22.6,5.1,"206 km SE of Port Blair, India",usp000ebuw
2006-03-10 05:09:41.080,10.529,94.214,10.0,4.1,"203 km SE of Port Blair, India",usp000ebux
2006-03-10 05:27:46.520,10.518,94.213,21.9,4.7,"204 km SE of Port Blair, India",usp000ebuy
2006-03-10 07:04:37.850,10.53,94.224,10.0,4.4,"204 km SE of Port Blair, India",usp000ebv3
2006-03-10 07:19:24.970,10.615,94.213,10.0,4.6,"197 km SE of Port Blair, India",usp000ebv4
2006-03-10 07:33:28.460,10.527,94.145,10.0,4.3,"198 km SE of Port Blair, India",usp000ebv5
2006-03-10 08:20:29.700,10.888,94.84,10.0,4.3,"244 km ESE of Port Blair, India",usp000ebvb
2006-03-10 09:13:09.350,10.532,94.167,10.0,4.7,"199 km SE of Port Blair, India",usp000ebvf
2006-03-10 09:31:40.070,10.73,94.365,10.0,4.8,"204 km ESE of Port Blair, India",usp000ebvj
2006-03-10 10:52:46.030,10.704,94.515,10.0,4.6,"220 km ESE of Port Blair, India",usp000ebvq
2006-03-10 11:26:09.460,10.606,94.303,10.0,4.2,"206 km SE of Port Blair, India",usp000ebvt
2006-03-10 11:30:23.910,10.353,94.034,10.0,4.3,"202 km SE of Port Blair, India",usp000ebvu
2006-03-10 11:40:45.910,10.579,94.075,10.0,4.3,"188 km SE of Port Blair, India",usp000ebvv
2006-03-10 12:03:58.220,10.689,94.4,21.8,5.2,"210 km ESE of Port Blair, India",usp000ebw0
2006-03-10 12:31:12.910,10.645,94.374,21.7,4.4,"210 km ESE of Port Blair, India",usp000ebw4
2006-03-10 13:51:06.190,10.598,94.354,10.0,4.7,"211 km SE of Port Blair, India",usp000ebwa
2006-03-10 14:21:11.020,10.579,94.334,10.0,4.5,"211 km SE of Port Blair, India",usp000ebwe
2006-03-10 15:08:22.690,10.668,94.257,20.1,4.8,"198 km SE of Port Blair, India",usp000ebwg
2006-03-10 15:29:24.720,10.652,94.329,21.7,4.5,"206 km ESE of Port Blair, India",usp000ebwj
2006-03-10 16:30:47.160,10.703,94.324,23.3,4.8,"202 km ESE of Port Blair, India",usp000ebwn
2006-03-10 17:59:14.830,10.722,94.349,24.4,4.6,"203 km ESE of Port Blair, India",usp000ebws
2006-03-10 18:46:31.970,10.569,94.273,10.0,4.2,"206 km SE of Port Blair, India",usp000ebwu
2006-03-10 20:04:08.620,10.638,94.195,21.9,4.6,"194 km SE of Port Blair, India",usp000ebx1
2006-03-10 20:45:42.640,10.633,94.238,21.2,4.6,"199 km SE of Port Blair, India",usp000ebx2
2006-03-10 22:00:31.830,10.429,94.273,10.0,4.1,"215 km SE of Port Blair, India",usp000ebx4
2006-03-10 22:13:53.740,10.597,94.246,23.0,4.7,"202 km SE of Port Blair, India",usp000ebx6
2006-03-10 23:12:12.200,10.631,94.285,22.7,4.6,"203 km SE of Port Blair, India",usp000ebxb
2006-03-10 23:37:31.840,10.476,94.128,19.8,4.5,"200 km SE of Port Blair, India",usp000ebxc
2006-03-11 02:06:09.870,10.435,93.965,24.7,4.2,"190 km SE of Port Blair, India",usp000ebxf
2006-03-11 03:08:37.940,10.688,94.384,10.0,4.3,"209 km ESE of Port Blair, India",usp000ebxk
2006-03-11 04:47:30.600,10.672,94.276,22.3,4.8,"200 km ESE of Port Blair, India",usp000ebxr
2006-03-11 10:38:22.870,10.825,94.438,10.0,3.9,"206 km ESE of Port Blair, India",usp000eby0
2006-03-11 10:39:04.290,10.62,94.214,25.2,5.0,"197 km SE of Port Blair, India",usp000eby1
2006-03-11 10:39:34.540,10.964,94.402,26.9,4.8,"196 km ESE of Port Blair, India",usp000eby2
2006-03-11 11:48:51.750,10.641,94.23,24.9,5.0,"197 km SE of Port Blair, India",usp000eby9
2006-03-11 13:05:40.920,10.735,94.261,25.4,4.5,"194 km ESE of Port Blair, India",usp000ebyb
2006-03-11 13:32:19.040,10.626,94.269,10.0,4.7,"202 km SE of Port Blair, India",usp000ebyc
2006-03-11 19:44:52.040,10.731,94.474,10.0,4.2,"215 km ESE of Port Blair, India",usp000ebyy
2006-03-11 20:12:44.730,10.184,93.519,10.0,3.9,"Andaman Islands, India region",usp000ebyz
2006-03-11 23:57:12.620,10.939,94.717,10.0,3.9,"Andaman Islands, India region",usp000ebzb
2006-03-12 02:13:23.570,10.645,94.349,10.0,4.2,"208 km ESE of Port Blair, India",usp000ebzp
2006-03-12 02:15:20.640,10.51,94.104,10.0,4.2,"195 km SE of Port Blair, India",usp000ebzq
2006-03-12 12:58:27.930,10.792,94.592,10.0,4.3,"223 km ESE of Port Blair, India",usp000ec0j
2006-03-12 13:22:11.250,10.06,91.515,10.0,4.5,"222 km SW of Port Blair, India",usp000ec0m
2006-03-12 16:52:47.460,10.147,91.589,28.0,4.4,"210 km SW of Port Blair, India",usp000ec0v
2006-03-12 20:00:58.600,10.404,93.988,10.0,4.1,"194 km SE of Port Blair, India",usp000ec17
2006-03-12 22:59:20.940,13.879,93.638,44.1,5.2,"260 km NNE of Bamboo Flat, India",usp000ec1g
2006-03-13 12:44:57.930,21.098,94.266,118.8,4.2,"61 km WNW of Chauk, Myanmar",usp000ec2p
2006-03-14 01:29:40.380,10.665,94.423,10.0,4.5,"214 km ESE of Port Blair, India",usp000ec3v
2006-03-15 05:49:25.790,10.669,94.328,10.0,4.4,"204 km ESE of Port Blair, India",usp000ec6g
2006-03-15 07:30:40.910,10.647,94.447,10.0,4.8,"217 km ESE of Port Blair, India",usp000ec6r
2006-03-15 08:41:00.520,10.609,94.286,10.0,4.5,"204 km SE of Port Blair, India",usp000ec6z
2006-03-16 13:59:22.000,10.798,94.426,23.4,5.4,"207 km ESE of Port Blair, India",usp000ec9h
2006-03-17 00:03:19.930,13.516,92.808,30.0,4.6,"201 km N of Bamboo Flat, India",usp000ecae
2006-03-19 16:19:41.660,19.264,95.685,21.3,3.9,"50 km ESE of Myaydo, Myanmar",usp000ecg4
2006-03-19 18:12:03.170,10.844,94.744,10.0,4.4,"236 km ESE of Port Blair, India",usp000ecgc
2006-03-19 18:12:16.900,10.804,94.652,10.0,4.3,"228 km ESE of Port Blair, India",usp000ecgd
2006-03-19 19:11:06.400,10.68,94.34,20.1,4.7,"205 km ESE of Port Blair, India",usp000ecgh
2006-03-19 19:12:13.640,10.676,94.298,10.0,4.9,"201 km ESE of Port Blair, India",usp000ecgj
2006-03-19 21:57:09.110,10.718,94.35,10.0,5.0,"204 km ESE of Port Blair, India",usp000ecgu
2006-03-21 07:29:34.990,24.685,94.073,46.4,4.4,"2 km ENE of Yairipok, India",usp000ecme
2006-03-21 09:15:31.290,10.752,94.497,29.8,4.3,"216 km ESE of Port Blair, India",usp000ecmn
2006-03-21 09:30:04.150,10.699,94.537,35.2,4.7,"222 km ESE of Port Blair, India",usp000ecmp
2006-03-21 12:45:07.440,10.798,94.47,22.2,4.7,"211 km ESE of Port Blair, India",usp000ecn0
2006-03-22 10:01:10.320,11.529,93.163,133.3,3.9,"47 km ESE of Port Blair, India",usp000ecpu
2006-03-24 04:07:47.880,23.975,94.565,35.0,3.9,"40 km NNE of Mawlaik, Myanmar",usp000ectn
2006-03-25 05:51:51.410,26.788,92.242,10.0,4.8,"14 km ENE of Udalguri, India",usp000ecw1
2006-03-25 16:23:13.720,22.452,92.805,10.0,3.9,"18 km WSW of Saiha, India",usp000ecxu
2006-03-25 20:13:30.720,23.184,93.851,61.0,5.1,"34 km NNE of Falam, Myanmar",usp000ecy7
2006-03-26 07:23:47.610,10.537,94.71,10.0,4.7,"248 km ESE of Port Blair, India",usp000eczh
2006-03-28 05:37:12.170,10.804,94.564,10.0,4.5,"220 km ESE of Port Blair, India",usp000ed3y
2006-03-31 07:30:56.510,10.5,94.0,10.0,4.1,"188 km SE of Port Blair, India",usp000edb1
2006-04-03 05:55:16.220,11.693,93.784,30.0,4.2,"113 km E of Port Blair, India",usp000edkd
2006-04-04 12:04:31.060,16.652,92.888,25.2,4.6,"197 km W of Pathein, Myanmar",usp000edp4
2006-04-04 13:06:47.050,13.612,92.829,25.8,4.4,"211 km N of Bamboo Flat, India",usp000edpa
2006-04-06 14:56:37.210,26.209,96.668,29.5,4.4,"14 km W of Sarupathar, India",usp000edug
2006-04-06 15:14:25.290,10.218,93.397,30.0,4.0,"175 km SSE of Port Blair, India",usp000eduj
2006-04-07 23:41:03.610,10.845,92.074,30.0,4.4,"116 km SW of Port Blair, India",usp000edxh
2006-04-11 01:07:05.040,24.419,91.369,21.3,3.6,"6 km NW of Habiganj, Bangladesh",usp000ee55
2006-04-11 03:54:06.590,27.271,92.237,48.7,4.1,"18 km W of Bomdila, India",usp000ee5p
2006-04-12 07:55:44.070,11.87,93.339,30.0,4.3,"68 km ENE of Port Blair, India",usp000ee9a
2006-04-14 16:24:56.620,24.241,94.628,106.4,4.8,"69 km SE of W?ngjing, India",usp000eeh8
2006-04-14 18:49:29.960,19.222,94.936,76.9,4.6,"28 km WSW of Thayetmyo, Myanmar",usp000eehg
2006-04-15 18:46:13.940,12.893,92.515,30.0,3.6,"133 km N of Bamboo Flat, India",usp000eem5
2006-04-20 19:18:05.110,28.992,102.245,10.0,4.2,"115 km SSE of Kangding, China",usp000ef0w
2006-04-24 06:49:12.300,13.297,92.617,28.2,4.5,"177 km N of Bamboo Flat, India",usp000efd8
2006-04-25 13:18:14.830,24.918,94.978,86.6,4.1,"95 km SSE of Phek, India",usp000efg6
2006-05-01 01:56:20.200,24.098,94.466,131.4,4.1,"50 km N of Mawlaik, Myanmar",usp000efx5
2006-05-08 22:36:33.750,10.078,92.094,30.0,4.4,"189 km SSW of Port Blair, India",usp000egme
2006-05-09 23:17:40.960,26.029,95.756,106.3,4.6,"96 km ESE of Tuensang, India",usp000egq1
2006-05-11 09:49:58.500,24.805,95.239,106.2,4.8,"121 km SE of Phek, India",usp000egv1
2006-05-11 17:22:51.960,23.309,94.307,30.0,5.6,"38 km SSW of Mawlaik, Myanmar",usp000egvx
2006-05-14 04:36:23.880,23.344,94.266,100.0,3.9,"35 km SSW of Mawlaik, Myanmar",usp000eh2g
2006-05-14 15:33:15.220,13.952,93.01,30.0,4.0,"251 km N of Bamboo Flat, India",usp000eh43
2006-05-14 22:15:38.590,21.32,97.419,10.0,4.1,"70 km NE of Taunggyi, Myanmar",usp000eh4x
2006-05-15 23:58:48.950,24.936,95.081,112.8,4.2,"99 km SE of Phek, India",usp000eh7e
2006-05-21 06:10:21.380,16.463,92.933,30.0,4.8,"195 km W of Pathein, Myanmar",usp000ehm0
2006-05-22 10:09:50.440,12.78,92.242,30.0,4.3,"130 km NNW of Bamboo Flat, India",usp000ehpa
2006-05-22 23:32:08.000,10.786,92.806,30.0,4.1,"97 km S of Port Blair, India",usp000ehr8
2006-05-25 06:50:02.230,10.437,91.802,30.0,4.9,"170 km SW of Port Blair, India",usp000ehww
2006-05-25 13:56:27.490,21.833,94.596,28.5,4.5,"63 km WSW of Monywa, Myanmar",usp000ehxh
2006-05-26 04:52:09.510,26.209,96.858,27.2,4.6,"4 km E of Sarupathar, India",usp000ehzt
2006-05-30 13:42:43.450,23.765,94.566,126.6,4.1,"21 km NE of Mawlaik, Myanmar",usp000ejap
2006-05-30 19:43:45.570,20.63,91.928,29.9,4.9,"46 km WSW of Tekn?f, Bangladesh",usp000ejb3
2006-05-31 17:44:18.440,10.3,91.723,30.0,4.1,"188 km SW of Port Blair, India",usp000ejcv
2006-06-01 18:54:31.950,10.888,92.82,37.4,4.8,"86 km S of Port Blair, India",usp000ejfx
2006-06-03 13:01:14.730,13.033,92.51,38.6,4.7,"149 km N of Bamboo Flat, India",usp000ejky
2006-06-11 00:25:18.970,26.952,97.411,35.0,3.8,"102 km NE of Sarupathar, India",usp000ek3w
2006-06-13 23:04:52.980,23.458,99.396,35.0,4.2,"178 km ENE of Lashio, Myanmar",usp000eka1
2006-06-19 14:53:08.340,22.246,94.548,113.1,4.7,"62 km WNW of Monywa, Myanmar",usp000ekts
2006-06-19 16:57:35.960,25.529,90.676,40.9,4.2,"47 km E of Tura, India",usp000ektv
2006-06-22 03:57:30.510,13.014,93.279,30.0,4.3,"157 km NNE of Bamboo Flat, India",usp000ekzs
2006-06-22 19:16:04.560,24.822,94.29,58.8,4.6,"29 km ENE of Yairipok, India",usp000em0u
2006-06-23 06:59:56.000,20.386,92.512,10.0,4.7,"48 km WNW of Sittwe, Myanmar",usp000em21
2006-06-30 09:16:00.480,27.842,103.514,10.0,3.9,"61 km NNW of Zhaotong, China",usp000emmq
2006-07-06 22:17:11.510,13.749,93.08,30.0,4.2,"230 km N of Bamboo Flat, India",usp000en17
2006-07-15 16:17:38.780,24.05,101.161,35.9,4.7,"25 km SSW of Jianshui, China",usp000enp6
2006-07-22 01:10:29.080,27.995,104.138,55.6,4.9,"76 km SW of Xunchang, China",usp000ep9q
2006-07-22 13:13:00.600,21.073,94.504,92.0,4.6,"37 km WNW of Chauk, Myanmar",usp000epas
2006-07-24 15:50:09.940,11.062,92.002,26.4,4.5,"105 km SW of Bamboo Flat, India",usp000epg3
2006-07-26 02:22:44.800,11.613,92.586,30.0,4.3,"17 km SW of Bamboo Flat, India",usp000epkm
2006-07-27 08:02:06.390,11.631,92.894,30.0,4.8,"16 km ESE of Port Blair, India",usp000epp9
2006-07-28 00:01:51.160,15.917,92.796,10.0,4.3,"227 km WSW of Pathein, Myanmar",usp000epqg
2006-08-01 03:04:43.150,28.326,104.736,35.0,4.4,"14 km S of Xunchang, China",usp000eq02
2006-08-02 10:41:58.650,19.256,95.578,10.0,4.7,"40 km ESE of Myaydo, Myanmar",usp000eq2m
2006-08-02 13:06:27.510,24.283,94.453,92.0,4.2,"52 km SE of W?ngjing, India",usp000eq2y
2006-08-03 12:32:20.020,23.773,93.614,57.2,4.1,Myanmar-India border region,usp000eq5y
2006-08-06 17:14:52.930,11.116,92.053,30.0,4.2,"97 km SW of Bamboo Flat, India",usp000eqc9
2006-08-09 14:37:18.010,26.467,96.325,88.0,4.5,"56 km WNW of Sarupathar, India",usp000eqkg
2006-08-12 20:46:11.300,24.662,92.71,42.8,5.0,"15 km NE of L?la, India",usp000eqtx
2006-08-13 15:10:00.470,23.26,94.028,88.4,4.2,"52 km NE of Falam, Myanmar",usp000eqvn
2006-08-13 19:22:41.050,26.854,97.105,38.6,4.3,"77 km NNE of Sarupathar, India",usp000eqvy
2006-08-15 16:33:08.290,11.685,91.747,30.0,4.2,"105 km W of Bamboo Flat, India",usp000er0c
2006-08-22 12:32:11.290,29.418,95.358,10.0,4.2,"137 km NE of Shi Yomi, India",usp000ergw
2006-08-25 05:51:44.390,28.012,104.151,21.8,5.0,"73 km SW of Xunchang, China",usp000erq0
2006-08-25 08:03:06.810,12.149,95.489,30.0,4.9,"Andaman Islands, India region",usp000erq4
2006-08-26 08:48:03.540,27.249,102.757,10.0,4.6,"86 km SE of Xichang, China",usp000ersw
2006-08-27 16:58:54.360,10.644,92.016,43.0,4.5,"138 km SW of Port Blair, India",usp000erws
2006-08-29 01:14:23.100,27.844,103.956,42.7,4.8,"63 km NNE of Zhaotong, China",usp000erzs
2006-08-30 20:49:47.880,27.136,101.078,10.0,4.5,"90 km ENE of Lijiang, China",usp000es49
2006-08-31 00:26:20.500,27.951,104.098,77.1,4.1,"79 km NNE of Zhaotong, China",usp000es4m
2006-09-04 05:11:55.260,21.486,94.483,87.1,4.1,"64 km WNW of Pakokku, Myanmar",usp000eses
2006-09-06 21:48:52.080,11.096,91.921,26.8,4.0,"109 km SW of Bamboo Flat, India",usp000eskh
2006-09-08 09:16:36.250,10.582,91.731,30.0,4.7,"163 km SW of Port Blair, India",usp000espf
2006-09-10 06:12:18.080,24.635,94.597,96.1,4.2,"54 km E of W?ngjing, India",usp000esu2
2006-09-10 21:42:37.240,29.169,94.531,52.2,3.6,"72 km NNE of Shi Yomi, India",usp000esvu
2006-09-11 16:10:00.010,10.187,94.439,30.0,4.0,"246 km SE of Port Blair, India",usp000esxb
2006-09-12 21:10:24.740,11.069,93.6,141.8,4.3,"114 km SE of Port Blair, India",usp000eszh
2006-09-13 18:42:31.820,13.014,93.01,30.0,3.7,"148 km NNE of Bamboo Flat, India",usp000et1t
2006-09-16 12:00:46.680,29.221,102.358,10.0,4.3,"95 km SSE of Kangding, China",usp000et6e
2006-09-21 17:53:56.250,28.347,104.864,36.7,4.3,"18 km SE of Xunchang, China",usp000ethh
2006-09-21 22:43:22.950,26.803,96.735,61.7,4.2,"66 km N of Sarupathar, India",usp000etj0
2006-09-24 03:22:24.700,11.194,92.087,29.8,4.2,"88 km SW of Bamboo Flat, India",usp000etq3
2006-09-24 08:45:20.920,22.732,94.658,119.1,4.4,"84 km NW of Monywa, Myanmar",usp000etqj
2006-09-25 00:27:45.780,28.389,96.518,35.0,4.0,"35 km N of Hayuliang, India",usp000etrt
2006-09-25 11:40:49.820,10.55,92.324,30.0,4.8,"131 km SSW of Port Blair, India",usp000etst
2006-09-27 13:27:42.330,11.697,99.955,29.4,4.1,"23 km SE of Prachuap Khiri Khan, Thailand",usp000etxg
2006-09-27 15:57:30.290,11.72,99.866,10.0,4.5,"14 km SE of Prachuap Khiri Khan, Thailand",usp000etxr
2006-09-27 17:38:35.360,11.788,100.005,18.5,4.2,"24 km E of Prachuap Khiri Khan, Thailand",usp000etxw
2006-09-27 17:40:17.280,11.744,99.933,10.0,4.3,"18 km ESE of Prachuap Khiri Khan, Thailand",usp000etxx
2006-09-27 18:46:02.070,11.816,100.145,10.0,4.7,"39 km E of Prachuap Khiri Khan, Thailand",usp000ety2
2006-09-28 09:47:59.120,11.749,99.987,22.3,4.5,"23 km ESE of Prachuap Khiri Khan, Thailand",usp000etzw
2006-09-28 13:08:06.340,11.847,95.202,23.5,4.4,"268 km E of Port Blair, India",usp000eu05
2006-09-28 13:14:58.260,11.758,95.211,29.2,4.5,"268 km E of Port Blair, India",usp000eu06
2006-09-28 13:22:47.130,11.746,95.014,23.2,4.9,"247 km E of Port Blair, India",usp000eu07
2006-09-28 14:39:15.240,11.788,95.001,22.6,4.9,"246 km E of Port Blair, India",usp000eu0d
2006-09-28 15:55:07.880,11.791,95.596,30.0,4.2,"Andaman Islands, India region",usp000eu0j
2006-09-29 12:13:02.790,23.673,94.445,61.9,4.5,"5 km NE of Mawlaik, Myanmar",usp000eu2b
2006-09-30 06:58:05.810,11.912,95.394,30.0,4.2,"289 km E of Port Blair, India",usp000eu4b
2006-10-01 03:25:43.930,11.779,94.962,26.3,4.9,"241 km E of Port Blair, India",usp000eu6v
2006-10-01 03:28:03.600,11.684,94.918,23.9,4.7,"236 km E of Port Blair, India",usp000eu6w
2006-10-01 22:34:12.050,12.674,92.292,30.0,4.3,"117 km NNW of Bamboo Flat, India",usp000eu9p
2006-10-01 22:48:21.460,12.758,92.562,48.5,4.0,"118 km N of Bamboo Flat, India",usp000eu9r
2006-10-02 12:50:51.530,10.004,91.893,30.0,4.1,"206 km SSW of Port Blair, India",usp000eubc
2006-10-05 04:53:01.340,13.251,92.188,27.3,4.7,"180 km NNW of Bamboo Flat, India",usp000eugz
2006-10-07 21:12:26.370,11.743,100.179,10.0,5.0,Gulf of Thailand,usp000eunq
2006-10-09 09:32:38.460,13.823,93.075,48.6,4.5,"238 km N of Bamboo Flat, India",usp000eurw
2006-10-11 05:39:01.500,13.421,92.81,30.0,4.0,"190 km N of Bamboo Flat, India",usp000euxk
2006-10-11 07:50:13.450,21.534,94.3,96.8,4.0,"84 km WNW of Pakokku, Myanmar",usp000euxx
2006-10-13 17:39:59.550,13.595,92.705,30.0,4.3,"209 km N of Bamboo Flat, India",usp000ev4q
2006-10-14 01:18:59.520,27.165,92.176,35.0,3.7,"27 km WSW of Bomdila, India",usp000ev57
2006-10-14 19:03:41.030,22.635,94.59,117.9,4.3,"80 km NW of Monywa, Myanmar",usp000ev6x
2006-10-17 07:59:16.970,10.441,91.755,28.2,5.0,"173 km SW of Port Blair, India",usp000evcn
2006-10-18 01:46:55.800,10.312,92.38,30.0,4.4,"155 km SSW of Port Blair, India",usp000eved
2006-10-19 17:35:23.300,22.154,93.046,44.1,4.3,"37 km S of Saiha, India",usp000evhz
2006-10-19 19:53:58.480,10.251,93.729,25.1,4.7,"189 km SE of Port Blair, India",usp000evj5
2006-10-20 01:25:37.340,27.396,92.27,35.0,3.8,"21 km NW of Bomdila, India",usp000evjq
2006-10-20 06:12:29.530,11.588,92.695,30.0,4.5,"10 km SSW of Port Blair, India",usp000evk9
2006-10-22 11:23:22.350,10.331,91.794,30.0,4.6,"180 km SW of Port Blair, India",usp000evsm
2006-10-22 19:55:41.880,10.133,91.626,19.9,4.2,"209 km SW of Port Blair, India",usp000evtf
2006-10-22 22:24:08.730,10.639,93.879,30.0,4.0,"167 km SE of Port Blair, India",usp000evts
2006-10-24 14:00:20.930,24.728,97.077,35.0,4.4,"55 km NNW of Bhamo, Myanmar",usp000evxp
2006-10-29 01:15:55.650,12.887,91.924,23.7,4.2,"157 km NNW of Bamboo Flat, India",usp000ew73
2006-10-30 17:15:19.490,10.551,92.339,30.0,4.2,"131 km SSW of Port Blair, India",usp000ewb1
2006-10-31 10:37:28.700,22.13,101.094,23.9,4.2,"40 km ENE of Jinghong, China",usp000ewc5
2006-11-03 14:43:10.270,22.104,93.351,49.3,5.0,"57 km SE of Saiha, India",usp000ewja
2006-11-06 01:19:57.480,24.694,95.146,120.0,4.8,"110 km E of W?ngjing, India",usp000ewqd
2006-11-10 13:21:24.340,24.536,92.326,42.5,4.9,"24 km NE of Dharmanagar, India",usp000ex3b
2006-11-16 18:11:18.750,24.221,94.451,83.5,3.7,"56 km SE of W?ngjing, India",usp000exvr
2006-11-23 15:14:56.900,13.759,93.884,78.8,4.5,"260 km NNE of Bamboo Flat, India",usp000eymw
2006-11-23 16:30:02.130,22.659,102.381,10.0,4.5,"110 km SW of Gejiu, China",usp000eyn2
2006-11-28 23:28:38.630,13.124,93.234,30.0,4.5,"167 km NNE of Bamboo Flat, India",usp000ez35
2006-12-03 10:33:43.710,12.955,92.485,30.0,3.9,"141 km N of Bamboo Flat, India",usp000eze7
2006-12-05 04:36:29.950,21.151,93.574,58.4,4.9,"131 km NNE of Sittwe, Myanmar",usp000ezj4
2006-12-06 14:33:15.940,13.518,92.956,30.0,4.2,"Andaman Islands, India region",usp000eznk
2006-12-12 17:02:29.740,18.901,98.916,9.6,4.6,"14 km NNW of Chiang Mai, Thailand",usp000f035
2006-12-15 23:40:38.380,29.643,97.652,35.0,3.5,"171 km SSE of Qamdo, China",usp000f09v
2006-12-22 19:50:44.630,10.653,92.361,24.0,6.2,"Andaman Islands, India region",usp000f0t4
2006-12-25 00:28:21.060,12.774,93.244,30.0,4.3,"131 km NNE of Bamboo Flat, India",usp000f0xu
2006-12-26 12:22:42.370,24.8,98.644,10.0,4.4,"141 km ESE of Myitkyina, Myanmar",usp000f113
2006-12-29 20:41:19.350,20.021,97.772,39.7,4.3,"70 km ENE of Loikaw, Myanmar",usp000f199
2006-12-31 05:41:01.420,10.728,92.621,30.0,3.8,"104 km S of Port Blair, India",usp000f1dk
2007-01-04 01:00:34.150,13.777,93.174,30.0,4.4,"235 km NNE of Bamboo Flat, India",usp000f1nx
2007-01-07 10:47:06.200,22.023,98.201,10.0,4.8,"111 km SSE of Lashio, Myanmar",usp000f1vu
2007-01-09 05:27:22.740,19.193,95.294,104.4,4.9,"18 km SE of Thayetmyo, Myanmar",usp000f212
2007-01-10 07:17:24.000,10.487,93.019,51.7,4.6,"133 km SSE of Port Blair, India",usp000f23k
2007-01-15 06:13:38.940,12.598,92.704,30.0,4.7,"99 km N of Bamboo Flat, India",usp000f2n6
2007-01-17 20:05:04.340,11.411,92.152,10.0,4.8,"69 km WSW of Bamboo Flat, India",usp000f2w7
2007-01-20 11:45:25.640,12.873,93.089,30.0,3.7,"135 km NNE of Bamboo Flat, India",usp000f328
2007-01-21 02:48:24.460,22.56,93.065,50.5,4.0,"11 km NE of Saiha, India",usp000f33s
2007-01-21 16:15:37.450,23.549,94.156,73.6,4.0,"27 km WSW of Mawlaik, Myanmar",usp000f35z
2007-01-24 11:03:31.440,24.702,94.491,71.4,4.7,"44 km E of Yairipok, India",usp000f3fz
2007-01-28 16:52:55.970,13.076,93.339,30.0,3.8,"166 km NNE of Bamboo Flat, India",usp000f3u3
2007-02-02 00:41:16.240,28.272,94.224,36.7,4.3,"32 km SSW of Shi Yomi, India",usp000f443
2007-02-03 00:47:59.770,13.949,93.862,30.0,4.8,"278 km NNE of Bamboo Flat, India",usp000f45x
2007-02-03 20:31:48.080,10.219,91.603,21.2,4.7,"203 km SW of Port Blair, India",usp000f47n
2007-02-05 09:24:37.750,11.24,92.218,30.0,4.7,"74 km SW of Port Blair, India",usp000f4ag
2007-02-11 09:53:55.920,27.087,96.821,73.7,4.4,"97 km N of Sarupathar, India",usp000f4nw
2007-02-14 11:44:36.270,26.326,91.339,35.0,3.7,"20 km WNW of H?jo, India",usp000f4vb
2007-02-16 17:59:10.740,15.208,93.749,10.0,4.3,"203 km SSW of Pathein, Myanmar",usp000f4z8
2007-02-17 23:52:39.950,24.415,94.811,110.0,4.4,"78 km ESE of W?ngjing, India",usp000f528
2007-02-20 02:45:14.940,10.692,94.653,10.0,4.4,"234 km ESE of Port Blair, India",usp000f56w
2007-02-21 06:35:08.370,12.376,95.042,30.0,4.6,"262 km ENE of Port Blair, India",usp000f5a2
2007-02-21 09:23:09.910,12.506,95.116,28.9,4.8,"274 km ENE of Port Blair, India",usp000f5ac
2007-02-21 20:50:21.550,17.395,95.918,10.0,4.6,"31 km SSE of Tharyarwady, Myanmar",usp000f5bn
2007-02-22 14:41:34.340,10.129,92.189,30.0,4.3,"180 km SSW of Port Blair, India",usp000f5da
2007-03-01 03:40:50.990,25.12,95.166,41.9,3.7,Myanmar,usp000f5vn
2007-03-01 05:08:20.740,10.292,93.059,78.9,5.0,"155 km SSE of Port Blair, India",usp000f5vr
2007-03-09 14:50:27.090,24.335,94.751,91.3,4.2,"75 km ESE of W?ngjing, India",usp000f6cr
2007-03-11 06:09:00.330,13.009,93.593,28.2,4.4,"173 km NNE of Bamboo Flat, India",usp000f6fy
2007-03-13 00:12:16.410,10.791,92.994,30.0,4.4,"100 km SSE of Port Blair, India",usp000f6kk
2007-03-13 22:46:43.000,23.687,94.477,83.9,4.3,"8 km ENE of Mawlaik, Myanmar",usp000f6nq
2007-03-14 01:09:50.310,27.288,91.329,58.4,3.9,"8 km E of Mongar, Bhutan",usp000f6nw
2007-03-16 07:19:42.830,12.892,91.863,30.0,4.7,"161 km NW of Bamboo Flat, India",usp000f6th
2007-03-18 09:36:09.570,25.435,100.501,10.0,4.4,"33 km ESE of Dali, China",usp000f6xt
2007-03-18 21:55:59.740,26.288,95.578,84.9,3.8,"71 km SE of Mon, India",usp000f6yz
2007-03-19 05:11:46.760,22.492,93.728,35.0,3.7,"20 km SE of Hakha, Myanmar",usp000f6zh
2007-03-24 11:58:40.110,10.138,93.718,87.6,4.4,"199 km SSE of Port Blair, India",usp000f79w
2007-03-25 04:01:14.990,14.721,93.342,30.0,3.7,"Andaman Islands, India region",usp000f7bv
2007-03-26 10:02:22.400,10.333,93.079,54.1,4.6,"151 km SSE of Port Blair, India",usp000f7gb
2007-03-28 02:57:47.130,25.561,99.549,46.6,4.4,"66 km W of Dali, China",usp000f7pa
2007-03-28 20:39:59.200,12.914,92.471,30.0,4.0,"136 km NNW of Bamboo Flat, India",usp000f7qy
2007-03-29 23:49:49.260,10.846,92.141,44.2,4.5,"112 km SW of Port Blair, India",usp000f7tz
2007-04-01 08:21:32.290,21.513,94.775,111.6,4.2,"37 km WNW of Pakokku, Myanmar",usp000f81w
2007-04-05 08:42:16.280,24.886,95.207,125.2,4.5,"112 km SE of Phek, India",usp000f8rx
2007-04-07 01:25:11.820,13.635,93.964,30.0,4.0,"253 km NNE of Bamboo Flat, India",usp000f8xq
2007-04-07 11:46:33.370,28.614,96.418,30.0,4.0,"61 km NNW of Hayuliang, India",usp000f8zh
2007-04-10 13:56:53.890,12.99,92.525,30.0,5.5,"144 km N of Bamboo Flat, India",usp000f9bb
2007-04-10 16:10:14.680,22.5,94.466,83.5,3.9,"81 km WNW of Monywa, Myanmar",usp000f9bp
2007-04-11 05:21:24.750,27.517,92.591,70.7,3.7,"32 km NNE of Bomdila, India",usp000f9ds
2007-04-16 17:02:54.730,20.442,95.955,23.1,4.5,"19 km W of Yamethin, Myanmar",usp000f9vt
2007-04-19 10:43:15.950,17.712,96.174,10.0,4.5,"41 km E of Tharyarwady, Myanmar",usp000fa1w
2007-04-20 03:13:14.570,10.119,93.543,30.0,4.2,"192 km SSE of Port Blair, India",usp000fa4n
2007-04-23 16:59:53.780,28.203,104.869,35.0,3.8,"31 km SSE of Xunchang, China",usp000fae1
2007-04-25 17:49:25.480,15.649,96.386,58.0,4.5,"103 km SE of Pyapon, Myanmar",usp000fakq
2007-04-25 18:35:35.370,15.531,96.209,10.0,4.1,"100 km SE of Pyapon, Myanmar",usp000fakt
2007-04-26 05:23:49.130,15.529,96.151,31.6,4.9,"97 km SSE of Pyapon, Myanmar",usp000fan0
2007-04-29 18:40:10.160,16.436,94.057,31.5,4.5,"81 km WSW of Pathein, Myanmar",usp000faw4
2007-04-29 22:24:48.810,18.446,94.312,56.6,4.3,"104 km WSW of Pyay, Myanmar",usp000fawg
2007-05-01 20:51:38.020,26.141,96.622,10.0,4.1,"20 km WSW of Sarupathar, India",usp000fb1k
2007-05-02 02:02:13.910,20.727,103.132,10.0,4.5,"73 km S of Dien Bien Phu, Vietnam",usp000fb22
2007-05-02 09:08:33.310,13.34,93.359,93.4,4.5,"194 km NNE of Bamboo Flat, India",usp000fb2m
2007-05-07 05:58:33.000,23.161,94.483,93.7,5.0,"53 km S of Mawlaik, Myanmar",usp000fbeq
2007-05-15 14:35:49.500,20.406,100.802,10.0,4.3,"40 km ENE of Ban Houakhoua, Laos",usp000fc0u
2007-05-15 17:44:10.090,20.982,94.631,89.9,3.8,"21 km WNW of Chauk, Myanmar",usp000fc1b
2007-05-15 23:23:24.920,26.182,95.817,114.2,4.3,"95 km SSE of Khonsa, India",usp000fc1y
2007-05-16 08:56:14.120,20.503,100.732,9.0,6.3,"40 km NE of Ban Houakhoua, Laos",usp000fc2v
2007-05-16 13:18:13.310,20.412,100.816,10.0,4.0,"41 km ENE of Ban Houakhoua, Laos",usp000fc39
2007-05-16 15:22:57.670,20.019,100.589,10.0,4.0,"28 km SSE of Ban Houakhoua, Laos",usp000fc3f
2007-05-16 17:08:58.930,20.449,100.93,10.0,4.1,"54 km ENE of Ban Houakhoua, Laos",usp000fc3k
2007-05-17 03:25:47.480,20.468,100.695,10.0,4.0,"35 km NE of Ban Houakhoua, Laos",usp000fc4g
2007-05-18 13:05:19.600,20.559,100.612,10.0,3.9,"37 km NNE of Ban Houayxay, Laos",usp000fc7v
2007-05-26 23:27:42.950,16.431,94.116,35.0,4.1,"76 km WSW of Pathein, Myanmar",usp000fcub
2007-05-30 03:58:06.750,10.59,92.52,36.3,4.3,"121 km SSW of Port Blair, India",usp000fd16
2007-06-01 02:09:46.990,25.301,101.475,10.0,4.0,"98 km NW of Longquan, China",usp000fd4k
2007-06-02 21:34:57.780,23.028,101.052,5.0,6.1,"119 km NNE of Jinghong, China",usp000fd8a
2007-06-02 22:04:34.110,23.003,101.115,5.0,4.0,"118 km NNE of Jinghong, China",usp000fd8c
2007-06-02 22:27:44.930,22.847,101.202,5.0,4.1,"106 km NNE of Jinghong, China",usp000fd8e
2007-06-03 00:57:21.050,13.045,93.437,74.7,4.1,"Andaman Islands, India region",usp000fd8s
2007-06-03 02:49:03.210,23.026,101.163,10.0,4.9,"122 km NNE of Jinghong, China",usp000fd8z
2007-06-04 11:53:42.590,23.098,101.015,10.0,4.5,"125 km NNE of Jinghong, China",usp000fdbt
2007-06-07 11:37:48.820,10.556,91.568,30.0,4.5,"177 km SW of Port Blair, India",usp000fdja
2007-06-07 17:21:09.600,20.54,100.794,10.0,4.6,"48 km NE of Ban Houakhoua, Laos",usp000fdjv
2007-06-09 12:16:39.420,23.962,103.145,10.0,4.5,"33 km NNW of Kaiyuan, China",usp000fdpw
2007-06-10 19:41:26.150,26.065,96.823,46.1,4.2,"15 km S of Sarupathar, India",usp000fdsj
2007-06-21 08:57:46.280,10.338,92.889,72.7,4.6,"147 km S of Port Blair, India",usp000fefy
2007-06-21 14:26:21.340,24.979,95.376,10.0,4.0,"116 km SE of Phek, India",usp000fege
2007-06-23 06:53:55.710,21.504,99.836,16.3,4.3,"107 km WSW of Jinghong, China",usp000femd
2007-06-23 08:17:19.890,21.473,99.779,22.0,5.6,"114 km N of Tachilek, Myanmar",usp000femg
2007-06-23 08:27:48.000,21.552,99.909,12.2,5.4,"98 km WSW of Jinghong, China",usp000femh
2007-06-23 16:45:19.700,21.348,99.994,10.0,4.3,"100 km N of Tachilek, Myanmar",usp000fena
2007-06-25 18:09:50.350,25.946,94.24,15.4,4.8,"16 km S of Wokha, India",usp000fev8
2007-06-26 08:26:33.620,11.295,95.432,30.0,4.4,"295 km E of Port Blair, India",usp000fewv
2007-06-27 18:40:24.150,28.892,95.024,49.2,4.0,"75 km ENE of Shi Yomi, India",usp000fezg
2007-06-29 23:24:00.850,25.429,96.581,52.7,5.2,"82 km W of Myitkyina, Myanmar",usp000ff4h
2007-07-03 14:47:31.180,10.121,91.505,30.0,4.4,"218 km SW of Port Blair, India",usp000ffcp
2007-07-13 12:52:38.150,29.634,98.922,47.5,4.2,"214 km NNW of Shangri-La, China",usp000fg3h
2007-07-20 17:01:01.130,24.157,94.599,95.8,4.3,"60 km NNE of Mawlaik, Myanmar",usp000fgqr
2007-07-24 23:55:21.240,13.579,92.766,30.0,4.5,"207 km N of Bamboo Flat, India",usp000fh13
2007-07-25 01:19:33.440,10.961,91.67,30.0,4.2,"140 km SW of Bamboo Flat, India",usp000fh1a
2007-07-26 22:04:36.320,14.624,93.547,35.0,3.9,"267 km SW of Mawlamyinegyunn, Myanmar",usp000fh5k
2007-07-27 07:11:16.200,20.559,94.348,10.0,4.0,"55 km W of Yenangyaung, Myanmar",usp000fh6n
2007-07-28 00:48:28.820,22.765,92.255,36.9,4.8,"42 km NE of Raoj?n, Bangladesh",usp000fh8a
2007-07-28 01:00:33.540,22.83,92.359,32.0,4.0,"39 km W of Lunglei, India",usp000fh8c
2007-07-28 03:19:30.020,26.724,102.053,35.0,4.1,"39 km ENE of Dadukou, China",usp000fh8m
2007-07-29 14:29:28.970,25.547,100.211,8.1,4.1,"4 km S of Dali, China",usp000fhc3
2007-07-30 22:42:05.630,19.311,95.611,14.2,5.6,"42 km E of Myaydo, Myanmar",usp000fhfj
2007-07-30 23:35:23.660,29.176,102.71,35.0,4.1,"110 km WSW of Leshan, China",usp000fhfk
2007-07-31 02:34:19.340,19.324,95.674,10.0,4.7,"48 km E of Myaydo, Myanmar",usp000fhfy
2007-07-31 04:06:08.900,19.26,95.592,10.0,4.4,"41 km ESE of Myaydo, Myanmar",usp000fhg6
2007-07-31 08:43:41.590,19.238,95.615,10.0,5.0,"44 km ESE of Myaydo, Myanmar",usp000fhgr
2007-08-04 18:52:13.640,21.871,94.94,125.2,3.9,"33 km SW of Monywa, Myanmar",usp000fhw3
2007-08-10 01:47:11.210,24.344,94.79,100.8,4.0,"78 km ESE of W?ngjing, India",usp000fja4
2007-08-10 12:35:17.330,26.752,97.274,35.0,4.4,"76 km NE of Sarupathar, India",usp000fjb0
2007-08-11 18:39:13.090,25.4,100.055,10.0,4.4,"25 km SW of Dali, China",usp000fje7
2007-08-13 02:02:57.510,26.566,97.167,10.0,4.4,"53 km NE of Sarupathar, India",usp000fjj1
2007-08-13 08:28:51.480,23.762,93.873,65.5,4.3,"55 km WNW of Mawlaik, Myanmar",usp000fjjr
2007-08-15 03:04:15.740,20.882,94.176,75.3,4.1,"66 km W of Chauk, Myanmar",usp000fjqs
2007-08-16 05:16:20.950,23.134,94.151,10.0,4.6,"54 km ENE of Falam, Myanmar",usp000fjv9
2007-08-18 00:56:18.570,23.004,94.594,121.8,4.3,"73 km SSE of Mawlaik, Myanmar",usp000fk2p
2007-08-25 17:03:07.800,14.291,93.989,65.2,5.2,"268 km SW of Bogale, Myanmar",usp000fkpg
2007-08-26 03:20:31.040,23.011,93.666,131.9,3.8,"10 km N of Falam, Myanmar",usp000fkq4
2007-08-29 19:51:16.770,25.363,100.026,40.8,3.8,"30 km SW of Dali, China",usp000fkyz
2007-08-31 12:06:32.770,23.063,90.611,42.5,4.5,"16 km W of R?ipur, Bangladesh",usp000fm2v
2007-09-07 20:14:56.970,23.005,92.707,38.6,4.2,"12 km NNW of Lunglei, India",usp000fmn9
2007-09-10 21:34:10.530,24.37,103.819,10.0,3.9,"17 km SSE of Zhongshu, China",usp000fmvb
2007-09-11 18:58:36.810,23.699,94.699,105.5,4.6,"30 km ENE of Mawlaik, Myanmar",usp000fmxf
2007-09-13 23:24:25.860,12.955,93.144,35.0,4.2,"146 km NNE of Bamboo Flat, India",usp000fn6p
2007-09-16 01:09:03.830,11.063,95.034,24.9,4.5,"258 km ESE of Port Blair, India",usp000fnd8
2007-09-18 09:01:50.720,19.973,93.666,32.2,5.1,"82 km ESE of Sittwe, Myanmar",usp000fnkc
2007-09-18 19:49:04.900,25.241,91.13,40.0,4.3,"33 km SSW of Nongstoin, India",usp000fnmg
2007-09-19 12:43:58.330,10.019,93.629,115.5,4.8,"206 km SSE of Port Blair, India",usp000fnpp
2007-09-19 17:18:11.980,10.715,91.986,45.3,4.8,"134 km SW of Port Blair, India",usp000fnq8
2007-09-19 17:20:13.570,10.532,91.584,38.5,4.7,"178 km SW of Port Blair, India",usp000fnq9
2007-09-19 21:10:02.540,10.82,92.202,31.8,4.5,"110 km SSW of Port Blair, India",usp000fnqk
2007-09-22 22:57:08.640,25.019,95.489,53.3,4.2,"122 km SE of Phek, India",usp000fnx8
2007-09-25 00:34:10.830,20.472,94.348,73.4,4.5,"54 km W of Yenangyaung, Myanmar",usp000fp21
2007-09-26 16:17:08.370,23.851,94.468,51.0,4.5,"23 km NNE of Mawlaik, Myanmar",usp000fp5p
2007-09-26 17:33:43.810,23.939,94.586,50.3,4.3,"37 km NNE of Mawlaik, Myanmar",usp000fp5r
2007-10-03 20:45:24.110,13.598,92.968,30.0,3.5,"211 km N of Bamboo Flat, India",usp000fptq
2007-10-08 18:10:43.980,13.681,93.14,64.3,4.4,"223 km NNE of Bamboo Flat, India",usp000fq4x
2007-10-12 21:33:16.360,10.655,92.547,29.3,4.7,"113 km S of Port Blair, India",usp000fqdq
2007-10-14 00:46:59.240,22.205,93.561,61.5,4.5,"48 km S of Hakha, Myanmar",usp000fqgb
2007-10-16 06:46:57.750,20.526,100.712,10.0,4.6,"41 km NE of Ban Houakhoua, Laos",usp000fqny
2007-10-16 20:17:40.790,24.404,103.86,10.0,3.7,"15 km SE of Zhongshu, China",usp000fqqj
2007-10-17 23:04:05.660,12.699,92.554,35.0,4.3,"111 km N of Bamboo Flat, India",usp000fqsz
2007-10-18 22:09:20.960,23.497,92.157,35.0,3.5,"47 km NNE of Khagrachhari, Bangladesh",usp000fqv4
2007-10-20 07:55:55.980,23.033,101.155,10.0,3.9,"123 km NNE of Jinghong, China",usp000fqxz
2007-10-20 22:23:08.730,18.061,94.341,36.4,4.4,"106 km WSW of Myanaung, Myanmar",usp000fqz8
2007-10-29 04:54:40.540,29.392,92.343,39.8,4.5,"123 km ESE of Lhasa, China",usp000frh7
2007-10-29 19:39:56.580,29.348,92.191,10.0,4.1,"110 km ESE of Lhasa, China",usp000frja
2007-11-01 19:05:51.530,20.462,100.778,32.8,4.7,"41 km NE of Ban Houakhoua, Laos",usp000frsr
2007-11-06 01:23:53.340,29.48,92.353,35.0,4.5,"122 km E of Lhasa, China",usp000fs1c
2007-11-07 02:27:05.560,23.034,94.218,112.0,3.5,"56 km ENE of Falam, Myanmar",usp000fs3c
2007-11-07 07:10:21.970,22.15,92.388,28.7,5.5,"18 km ESE of B?ndarban, Bangladesh",usp000fs3t
2007-11-07 13:09:21.350,13.169,93.504,35.0,3.9,"183 km NNE of Bamboo Flat, India",usp000fs4a
2007-11-08 17:29:31.780,14.581,93.262,35.0,4.1,"289 km SSW of Pathein, Myanmar",usp000fs6x
2007-11-09 18:05:57.270,29.27,91.905,35.0,4.5,"88 km ESE of Lhasa, China",usp000fs97
2007-11-10 19:36:24.430,29.387,95.481,24.3,5.0,"143 km NE of Shi Yomi, India",usp000fsb1
2007-11-12 12:57:57.400,21.86,94.641,100.6,4.6,"58 km WSW of Monywa, Myanmar",usp000fsdy
2007-11-16 01:28:34.010,10.188,91.587,30.0,4.3,"Andaman Islands, India region",usp000fsns
2007-11-17 03:59:40.460,26.329,93.25,35.0,4.2,"49 km SW of Bok?kh?t, India",usp000fsrn
2007-11-18 05:49:22.480,29.318,92.296,10.0,4.8,"121 km ESE of Lhasa, China",usp000fsu1
2007-11-21 16:54:12.760,10.911,91.267,35.0,4.2,"180 km WSW of Bamboo Flat, India",usp000ft1j
2007-11-25 17:39:43.610,22.787,92.325,35.0,3.7,"44 km WSW of Lunglei, India",usp000ft9f
2007-11-27 23:37:05.190,22.141,94.201,46.6,4.2,"82 km SE of Hakha, Myanmar",usp000fted
2007-11-29 19:00:22.180,23.39,94.675,114.8,5.1,"39 km SE of Mawlaik, Myanmar",usp000ftj2
2007-11-29 22:36:51.500,10.831,93.418,114.7,4.0,"117 km SE of Port Blair, India",usp000ftje
2007-11-30 08:44:23.800,26.031,95.307,93.2,4.4,"54 km ESE of Tuensang, India",usp000ftk1
2007-12-02 15:49:29.100,12.829,92.084,35.0,4.2,"142 km NNW of Bamboo Flat, India",usp000ftqq
2007-12-07 06:56:33.610,23.495,94.565,113.3,5.0,"23 km SE of Mawlaik, Myanmar",usp000ftze
2007-12-11 13:45:11.910,24.307,94.314,76.3,4.3,"39 km ESE of Kakching, India",usp000fu8w
2007-12-15 04:24:29.630,23.477,93.86,42.0,4.4,"58 km WSW of Mawlaik, Myanmar",usp000fug3
2007-12-16 23:31:52.060,11.189,93.499,132.1,4.6,"97 km ESE of Port Blair, India",usp000fukk
2007-12-18 00:16:59.140,27.34,103.916,35.0,3.9,"19 km E of Zhaotong, China",usp000funq
2007-12-21 21:59:52.770,26.399,96.784,35.0,3.9,"21 km N of Sarupathar, India",usp000fuz4
2007-12-22 18:08:43.280,24.85,96.374,10.0,4.0,"109 km NW of Bhamo, Myanmar",usp000fv19
2007-12-23 03:36:44.270,23.606,94.641,100.5,3.9,"24 km E of Mawlaik, Myanmar",usp000fv24
2007-12-28 00:05:58.360,22.155,94.356,95.2,3.9,"80 km W of Monywa, Myanmar",usp000fved
2007-12-29 16:01:07.040,11.095,91.922,35.0,3.8,"109 km SW of Bamboo Flat, India",usp000fvk5
2008-01-01 19:11:36.770,14.805,93.075,10.0,4.7,"281 km SW of Pathein, Myanmar",usp000fvt9
2008-01-04 08:12:22.990,14.54,94.111,35.0,4.0,"238 km SSW of Mawlamyinegyunn, Myanmar",usp000fvy9
2008-01-04 20:52:24.180,12.922,92.563,62.3,4.1,"136 km N of Bamboo Flat, India",usp000fvze
2008-01-11 19:41:58.190,22.929,96.036,10.0,4.0,"48 km W of Mogok, Myanmar",usp000fwgc
2008-01-11 20:12:58.270,11.936,93.336,102.3,4.4,"70 km ENE of Port Blair, India",usp000fwge
2008-01-12 16:40:37.460,26.486,96.355,35.0,4.3,"55 km NW of Sarupathar, India",usp000fwjw
2008-01-12 20:15:24.640,13.584,92.687,35.0,4.0,"208 km N of Bamboo Flat, India",usp000fwkc
2008-01-12 22:44:47.360,22.761,92.333,33.8,4.9,"44 km WSW of Lunglei, India",usp000fwkg
2008-01-14 13:00:01.750,24.591,94.934,123.4,3.8,"88 km E of W?ngjing, India",usp000fwq6
2008-01-14 13:38:35.990,10.413,92.869,34.0,5.9,"139 km S of Port Blair, India",usp000fwqa
2008-01-14 17:50:00.400,25.852,98.872,57.6,4.1,"137 km WNW of Dali, China",usp000fwqs
2008-01-14 22:54:50.230,22.643,94.568,109.2,4.1,"83 km NW of Monywa, Myanmar",usp000fwr6
2008-01-17 13:49:45.110,22.243,94.677,123.4,4.2,"49 km WNW of Monywa, Myanmar",usp000fwwg
2008-01-17 19:21:55.880,29.052,95.963,53.8,4.6,"122 km NNW of Hayuliang, India",usp000fwx0
2008-01-22 00:48:52.030,27.294,98.705,35.0,3.9,"115 km WSW of Shangri-La, China",usp000fx6m
2008-01-22 16:23:27.950,25.945,99.179,10.0,4.2,"111 km WNW of Dali, China",usp000fx7x
2008-01-23 17:49:51.280,27.207,96.984,54.7,3.6,"105 km SSE of Hayuliang, India",usp000fxa5
2008-01-25 15:10:28.860,28.018,94.453,35.0,4.0,"23 km W of B?s?r, India",usp000fxes
2008-01-29 12:23:53.810,27.528,92.728,45.1,4.1,"41 km NE of Bomdila, India",usp000fxpt
2008-01-31 13:22:18.760,22.787,92.403,45.1,4.9,"36 km WSW of Lunglei, India",usp000fxv7
2008-01-31 21:06:50.850,28.348,104.988,48.1,4.8,"29 km ESE of Xunchang, China",usp000fxvv
2008-02-02 05:59:49.190,18.018,95.286,73.7,4.6,"29 km S of Myanaung, Myanmar",usp000fxz3
2008-02-02 15:44:33.230,22.327,96.52,35.0,4.0,"32 km NNE of Pyin Oo Lwin, Myanmar",usp000fxzz
2008-02-03 13:24:00.490,19.55,95.086,78.1,4.6,"24 km NW of Myaydo, Myanmar",usp000fy2k
2008-02-04 02:54:15.630,20.353,93.405,35.0,3.9,"57 km ENE of Sittwe, Myanmar",usp000fy43
2008-02-04 17:53:58.180,12.759,92.378,35.0,3.7,"122 km NNW of Bamboo Flat, India",usp000fy5q
2008-02-04 22:17:38.760,23.237,94.062,46.0,4.3,"53 km NE of Falam, Myanmar",usp000fy69
2008-02-05 01:31:14.570,19.364,95.794,40.4,4.6,"54 km SW of Nay Pyi Taw, Myanmar",usp000fy6h
2008-02-05 03:02:15.260,19.203,95.571,76.7,4.2,"41 km ESE of Myaydo, Myanmar",usp000fy6t
2008-02-10 08:39:00.650,26.42,95.675,85.0,3.7,"66 km S of Khonsa, India",usp000fykk
2008-02-13 20:59:17.550,25.095,98.048,10.0,4.1,"73 km ESE of Myitkyina, Myanmar",usp000fyur
2008-02-14 01:35:13.530,25.73,94.871,63.4,4.5,"37 km E of Phek, India",usp000fyv8
2008-02-16 06:00:15.310,29.544,102.034,43.8,3.9,"51 km S of Kangding, China",usp000fz0v
2008-02-18 02:44:48.500,25.688,99.932,22.7,4.2,"30 km WNW of Dali, China",usp000fz57
2008-02-21 15:31:26.010,12.883,93.071,10.0,3.6,"136 km NNE of Bamboo Flat, India",usp000fzh9
2008-02-23 13:39:21.620,27.575,90.355,35.0,3.9,"17 km WNW of Trongsa, Bhutan",usp000fzs5
2008-02-26 01:35:40.200,10.195,91.453,35.0,4.0,"215 km SW of Port Blair, India",usp000fzz1
2008-02-26 22:20:58.090,23.193,94.114,70.8,4.5,"54 km NE of Falam, Myanmar",usp000g02e
2008-02-27 03:13:05.870,10.345,91.543,20.4,3.8,"196 km SW of Port Blair, India",usp000g035
2008-02-27 15:39:15.650,10.499,91.658,35.0,4.1,"175 km SW of Port Blair, India",usp000g04v
2008-02-27 20:10:59.760,26.491,95.754,79.9,3.9,"61 km SSE of Khonsa, India",usp000g058
2008-03-02 18:26:44.940,22.424,102.348,10.0,4.0,"86 km NNE of Phôngsali, Laos",usp000g0gy
2008-03-05 13:17:26.290,10.115,91.457,35.0,4.3,"222 km SW of Port Blair, India",usp000g0s1
2008-03-08 16:51:26.750,24.8,94.838,35.0,4.3,"81 km E of Yairipok, India",usp000g0zq
2008-03-10 00:01:50.610,24.52,95.159,93.2,3.9,"111 km E of W?ngjing, India",usp000g13t
2008-03-10 22:25:11.980,26.552,96.761,35.0,3.7,"38 km N of Sarupathar, India",usp000g16a
2008-03-12 03:18:48.830,27.133,96.977,17.2,4.7,"104 km N of Sarupathar, India",usp000g19n
2008-03-13 12:22:43.680,19.308,95.693,15.5,4.3,"50 km E of Myaydo, Myanmar",usp000g1dd
2008-03-13 15:42:33.180,26.784,91.937,38.0,4.4,"16 km WNW of Udalguri, India",usp000g1dk
2008-03-14 00:11:09.860,13.284,93.047,35.0,4.0,"178 km NNE of Bamboo Flat, India",usp000g1eb
2008-03-15 02:48:57.170,26.628,95.903,90.0,3.9,"54 km SE of Khonsa, India",usp000g1h3
2008-03-17 17:50:33.110,12.075,92.503,3.9,4.3,"47 km NNW of Bamboo Flat, India",usp000g1pn
2008-03-18 15:31:55.160,26.472,92.841,56.2,4.1,"18 km SSE of Tezpur, India",usp000g1ra
2008-03-20 13:15:51.350,23.873,90.033,35.0,3.8,"10 km NW of Parvez Ali, Bangladesh",usp000g1v4
2008-03-21 12:36:59.360,24.547,97.498,17.1,5.1,"42 km NE of Bhamo, Myanmar",usp000g1z0
2008-03-21 13:46:00.220,24.501,97.52,35.0,3.8,"40 km NE of Bhamo, Myanmar",usp000g1z8
2008-03-21 14:02:33.260,24.487,97.523,35.0,4.6,"39 km NE of Bhamo, Myanmar",usp000g1zc
2008-03-21 14:20:05.500,24.484,97.516,35.0,3.6,"38 km NE of Bhamo, Myanmar",usp000g1ze
2008-03-25 23:26:42.150,24.691,95.232,122.4,3.7,"118 km E of W?ngjing, India",usp000g2cc
2008-03-26 04:38:47.520,24.041,93.295,35.0,4.1,"37 km E of Darlawn, India",usp000g2cn
2008-03-28 06:01:26.870,24.031,94.593,123.0,4.2,"47 km NNE of Mawlaik, Myanmar",usp000g2hj
2008-03-28 17:49:22.960,23.857,94.517,7.7,4.0,"26 km NNE of Mawlaik, Myanmar",usp000g2jv
2008-03-29 03:14:20.900,13.661,92.912,35.0,4.4,"217 km N of Bamboo Flat, India",usp000g2kv
2008-03-30 13:10:27.150,13.067,93.928,35.0,4.7,"200 km NE of Bamboo Flat, India",usp000g2qk
2008-04-03 18:25:26.400,28.412,102.539,10.0,4.2,"63 km NNE of Xichang, China",usp000g31x
2008-04-03 19:05:28.120,26.312,92.982,45.6,4.3,"36 km NNE of Hoj?i, India",usp000g31z
2008-04-03 22:12:54.710,26.106,96.915,30.2,4.6,"15 km SE of Sarupathar, India",usp000g32d
2008-04-06 02:23:15.840,22.553,94.376,101.1,3.9,"79 km E of Hakha, Myanmar",usp000g36q
2008-04-08 19:10:26.210,22.768,92.428,39.5,4.2,"35 km WSW of Lunglei, India",usp000g3cy
2008-04-08 19:33:45.170,12.563,92.663,58.6,3.7,"95 km N of Bamboo Flat, India",usp000g3d1
2008-04-09 22:55:21.750,27.212,102.793,89.5,4.1,"eastern Sichuan, China",usp000g3gn
2008-04-10 03:16:47.470,14.505,92.891,10.0,4.3,"Andaman Islands, India region",usp000g3hc
2008-04-12 11:11:43.000,11.613,93.144,35.0,3.9,"43 km E of Port Blair, India",usp000g3rq
2008-04-17 01:12:24.330,26.07,92.244,43.8,4.6,"22 km SSW of Morigaon, India",usp000g449
2008-04-20 00:30:07.140,23.942,94.477,98.8,4.3,"33 km NNE of Mawlaik, Myanmar",usp000g4cg
2008-04-25 17:08:06.460,13.704,93.197,35.0,3.8,"227 km NNE of Bamboo Flat, India",usp000g4u7
2008-04-26 08:37:16.950,10.373,91.628,20.6,4.2,"188 km SW of Port Blair, India",usp000g4w0
2008-04-27 18:09:55.650,24.618,97.805,35.0,4.0,"70 km NE of Bhamo, Myanmar",usp000g4zj
2008-04-28 03:34:41.290,12.221,92.551,35.0,4.5,"60 km NNW of Bamboo Flat, India",usp000g50a
2008-04-29 15:02:56.600,24.562,97.807,35.0,4.2,"67 km ENE of Bhamo, Myanmar",usp000g548
2008-04-30 07:09:47.640,25.943,104.628,41.1,4.3,"75 km SSW of Liupanshui, China",usp000g55p
2008-05-02 15:56:27.160,27.449,101.939,35.0,4.8,"59 km SSW of Xichang, China",usp000g5bp
2008-05-03 20:44:20.590,14.512,93.715,36.1,4.6,"265 km SW of Mawlamyinegyunn, Myanmar",usp000g5ea
2008-05-04 05:54:44.110,11.398,92.52,35.0,4.4,"38 km SW of Port Blair, India",usp000g5f9
2008-05-05 19:41:50.560,26.1,92.046,35.0,3.6,"24 km E of Dispur, India",usp000g5jw
2008-05-05 20:55:12.610,25.978,104.55,10.0,4.1,"73 km SSW of Liupanshui, China",usp000g5k4
2008-05-06 04:36:50.720,21.463,94.577,96.9,4.0,"54 km WNW of Pakokku, Myanmar",usp000g5m8
2008-05-07 15:30:00.780,23.021,100.944,35.0,4.2,"116 km N of Jinghong, China",usp000g5rd
2008-05-08 22:20:51.400,24.005,91.209,30.6,3.9,"20 km NNW of Agartala, India",usp000g5w4
2008-05-10 05:58:56.470,27.622,92.758,67.5,4.3,"51 km NE of Bomdila, India",usp000g5zm
2008-05-11 03:19:02.200,25.658,99.87,10.0,3.8,"35 km WNW of Dali, China",usp000g62b
2008-05-13 20:44:54.320,27.001,92.536,106.1,3.5,"22 km NW of Rang?p?ra, India",usp000g6mc
2008-05-13 23:15:08.710,28.451,104.159,10.0,4.5,"54 km W of Xunchang, China",usp000g6mr
2008-05-14 11:45:37.440,23.671,102.551,10.0,4.2,"70 km WNW of Gejiu, China",usp000g6pz
2008-05-14 11:49:33.210,23.589,102.491,10.0,4.1,"72 km WNW of Gejiu, China",usp000g6q0
2008-05-15 16:31:48.860,26.672,102.994,35.0,3.7,"101 km SW of Zhaotong, China",usp000g6vv
2008-05-15 23:38:17.110,10.077,92.829,63.4,4.4,"176 km S of Port Blair, India",usp000g6x4
2008-05-16 04:44:11.060,24.309,96.029,67.6,4.4,"122 km W of Bhamo, Myanmar",usp000g6xx
2008-05-18 01:17:48.990,18.606,96.242,10.0,4.0,"24 km NW of Pyu, Myanmar",usp000g746
2008-05-21 07:35:25.380,12.271,93.205,32.3,4.4,"82 km NE of Bamboo Flat, India",usp000g7cu
2008-05-21 08:00:02.940,24.352,95.077,133.1,4.4,"104 km NE of Mawlaik, Myanmar",usp000g7cv
2008-05-27 01:46:18.060,22.259,94.219,65.5,3.9,"75 km SE of Hakha, Myanmar",usp000g7vd
2008-05-28 03:38:26.020,22.812,94.122,78.9,3.5,"46 km ESE of Falam, Myanmar",usp000g7yc
2008-05-29 10:34:46.710,26.308,91.791,45.5,4.5,"14 km NNE of North Guw?h?ti, India",usp000g81k
2008-05-29 13:05:44.910,23.409,94.759,122.1,4.1,"44 km SE of Mawlaik, Myanmar",usp000g81u
2008-05-30 00:22:48.040,26.074,98.705,44.4,3.7,"151 km ENE of Myitkyina, Myanmar",usp000g834
2008-05-30 02:46:29.770,13.257,95.292,35.0,4.0,"Andaman Islands, India region",usp000g838
2008-06-01 07:38:59.560,10.234,91.573,21.1,4.8,"203 km SW of Port Blair, India",usp000g89k
2008-06-02 18:39:39.400,27.522,103.095,10.0,4.0,"65 km WNW of Zhaotong, China",usp000g8dx
2008-06-03 03:42:12.210,26.666,96.784,35.0,4.0,"51 km N of Sarupathar, India",usp000g8ew
2008-06-05 21:13:06.430,28.424,103.259,10.0,3.2,"113 km ENE of Xichang, China",usp000g8ns
2008-06-07 10:34:12.660,24.492,95.561,10.0,4.2,"150 km NE of Mawlaik, Myanmar",usp000g8t9
2008-06-07 11:13:31.270,13.183,92.654,35.0,4.4,"164 km N of Bamboo Flat, India",usp000g8te
2008-06-09 08:27:11.200,28.218,93.346,31.8,4.3,"84 km NW of Ziro, India",usp000g8zs
2008-06-09 13:44:46.860,24.571,97.565,9.4,4.1,"48 km NE of Bhamo, Myanmar",usp000g90s
2008-06-10 21:37:47.040,20.558,100.816,35.0,4.4,"51 km NE of Ban Houakhoua, Laos",usp000g960
2008-06-12 13:22:11.490,11.078,92.864,10.0,4.2,"66 km S of Port Blair, India",usp000g9bn
2008-06-13 11:16:04.110,28.379,95.245,10.0,4.1,"35 km NNW of P?sigh?t, India",usp000g9f8
2008-06-18 12:59:34.940,29.313,102.451,10.0,4.5,"90 km SSE of Kangding, China",usp000g9zp
2008-06-18 14:30:49.020,23.421,94.522,115.8,4.6,"27 km SSE of Mawlaik, Myanmar",usp000ga01
2008-06-24 20:49:17.720,23.462,94.615,124.2,4.2,"29 km SE of Mawlaik, Myanmar",usp000gafv
2008-06-25 03:08:58.960,27.485,102.795,10.0,3.5,"69 km SE of Xichang, China",usp000gagp
2008-06-27 11:40:13.990,11.005,91.824,17.0,6.6,"124 km SW of Bamboo Flat, India",usp000gapt
2008-06-27 11:59:06.040,10.904,91.789,10.0,4.4,"134 km SW of Bamboo Flat, India",usp000gapv
2008-06-27 12:29:11.910,10.946,91.814,10.0,4.5,"129 km SW of Bamboo Flat, India",usp000gapz
2008-06-27 12:50:31.820,10.849,91.788,10.0,4.3,"138 km SW of Port Blair, India",usp000gaq1
2008-06-27 13:07:08.200,10.894,91.777,17.0,5.9,"135 km SW of Bamboo Flat, India",usp000gaq4
2008-06-27 13:10:12.400,10.89,92.003,10.0,5.2,"118 km SW of Port Blair, India",usp000gaq5
2008-06-27 13:31:23.260,10.821,91.696,10.0,4.4,"147 km SW of Bamboo Flat, India",usp000gaq8
2008-06-27 13:53:06.410,11.353,92.535,10.0,4.4,"41 km SSW of Port Blair, India",usp000gaqb
2008-06-27 14:02:13.060,10.73,91.526,10.0,4.1,"168 km SW of Bamboo Flat, India",usp000gaqd
2008-06-27 14:14:09.330,10.854,91.78,10.0,4.7,"138 km SW of Port Blair, India",usp000gaqf
2008-06-27 14:16:50.220,10.15,91.468,10.0,4.4,"218 km SW of Port Blair, India",usp000gaqj
2008-06-27 14:36:42.820,10.736,91.535,10.0,4.5,"167 km SW of Bamboo Flat, India",usp000gaqp
2008-06-27 14:40:40.850,11.008,92.026,10.0,3.5,"107 km SW of Port Blair, India",usp000gaqq
2008-06-27 14:54:46.950,10.849,91.709,10.0,4.5,"144 km SW of Bamboo Flat, India",usp000gaqs
2008-06-27 14:58:24.920,11.263,92.444,10.0,3.9,"55 km SW of Port Blair, India",usp000gaqu
2008-06-27 15:00:14.420,10.841,91.724,10.0,4.5,"144 km SW of Bamboo Flat, India",usp000gaqv
2008-06-27 15:13:21.830,10.516,91.203,10.0,3.7,"210 km SW of Bamboo Flat, India",usp000gar0
2008-06-27 15:53:47.370,10.63,91.254,10.0,3.8,"198 km SW of Bamboo Flat, India",usp000gar5
2008-06-27 16:04:37.480,10.128,90.447,10.0,3.7,"Andaman Islands, India region",usp000gar6
2008-06-27 16:08:33.720,10.786,91.631,10.0,3.9,"155 km SW of Bamboo Flat, India",usp000gar7
2008-06-27 16:18:27.960,10.868,91.712,10.0,3.9,"143 km SW of Bamboo Flat, India",usp000gar9
2008-06-27 17:33:23.830,25.38,96.585,35.0,4.6,"81 km W of Myitkyina, Myanmar",usp000garj
2008-06-27 18:05:13.650,10.892,91.782,25.7,5.0,"135 km SW of Bamboo Flat, India",usp000garr
2008-06-27 18:34:00.120,10.773,91.581,10.0,4.0,"160 km SW of Bamboo Flat, India",usp000garv
2008-06-27 19:19:46.410,10.882,91.787,10.0,4.9,"135 km SW of Bamboo Flat, India",usp000garx
2008-06-27 19:27:57.650,10.792,91.729,10.0,4.3,"147 km SW of Port Blair, India",usp000gas0
2008-06-27 19:31:01.840,10.822,91.682,24.4,4.4,"148 km SW of Bamboo Flat, India",usp000gas1
2008-06-27 20:20:57.260,10.589,91.353,10.0,4.0,"193 km SW of Bamboo Flat, India",usp000gas6
2008-06-27 20:37:34.010,10.717,91.581,10.0,4.1,"164 km SW of Bamboo Flat, India",usp000gas7
2008-06-27 20:57:39.680,10.795,91.72,21.9,4.7,"147 km SW of Port Blair, India",usp000gas9
2008-06-27 21:13:00.170,10.651,91.426,10.0,3.8,"182 km SW of Bamboo Flat, India",usp000gasb
2008-06-27 21:34:45.490,10.576,91.34,10.0,4.0,"195 km SW of Bamboo Flat, India",usp000gasd
2008-06-27 23:07:46.050,10.88,91.702,10.0,4.0,"143 km SW of Bamboo Flat, India",usp000gasj
2008-06-27 23:17:31.110,10.79,91.626,12.3,4.2,"155 km SW of Bamboo Flat, India",usp000gask
2008-06-27 23:27:28.180,11.01,91.856,10.0,3.8,"121 km SW of Bamboo Flat, India",usp000gasm
2008-06-27 23:36:38.050,10.918,91.521,2.1,3.8,"156 km WSW of Bamboo Flat, India",usp000gasp
2008-06-28 00:02:16.460,10.722,91.548,10.0,3.9,"167 km SW of Bamboo Flat, India",usp000gasq
2008-06-28 02:14:11.180,10.308,91.308,10.0,3.7,"217 km SW of Port Blair, India",usp000gasx
2008-06-28 03:26:52.650,10.873,91.899,29.0,5.1,"127 km SW of Port Blair, India",usp000gat1
2008-06-28 03:32:07.830,10.356,91.326,10.0,4.1,"212 km SW of Port Blair, India",usp000gat2
2008-06-28 03:33:31.250,10.394,91.311,10.0,4.0,"210 km SW of Port Blair, India",usp000gat3
2008-06-28 03:34:27.240,10.771,91.784,17.9,4.7,"144 km SW of Port Blair, India",usp000gat4
2008-06-28 04:35:01.650,10.862,91.683,5.0,4.9,"146 km SW of Bamboo Flat, India",usp000gat7
2008-06-28 04:40:20.960,10.839,91.717,10.0,4.2,"144 km SW of Bamboo Flat, India",usp000gat8
2008-06-28 04:43:22.440,10.822,91.769,10.0,4.1,"141 km SW of Port Blair, India",usp000gat9
2008-06-28 04:44:49.380,10.684,91.838,10.0,4.0,"147 km SW of Port Blair, India",usp000gata
2008-06-28 05:00:01.160,10.958,91.836,10.0,4.4,"126 km SW of Bamboo Flat, India",usp000gatb
2008-06-28 05:21:21.510,10.753,91.85,24.5,4.4,"140 km SW of Port Blair, India",usp000gatg
2008-06-28 05:45:28.180,10.664,91.568,10.0,4.2,"169 km SW of Port Blair, India",usp000gath
2008-06-28 06:18:19.610,10.741,91.555,10.0,4.1,"165 km SW of Bamboo Flat, India",usp000gatp
2008-06-28 10:41:54.420,11.199,92.701,10.0,3.9,"51 km S of Port Blair, India",usp000gau2
2008-06-28 11:08:09.500,11.19,92.304,10.0,4.4,"71 km SW of Port Blair, India",usp000gau3
2008-06-28 12:54:46.360,10.847,91.712,15.0,6.1,"144 km SW of Bamboo Flat, India",usp000gaua
2008-06-28 13:09:06.450,10.762,91.803,10.0,4.5,"143 km SW of Port Blair, India",usp000gaub
2008-06-28 13:13:11.440,10.833,91.786,22.5,3.9,"139 km SW of Port Blair, India",usp000gauc
2008-06-28 13:31:01.470,10.739,91.696,10.0,4.6,"153 km SW of Port Blair, India",usp000gaue
2008-06-28 13:40:42.460,10.758,91.593,14.1,4.4,"160 km SW of Bamboo Flat, India",usp000gauf
2008-06-28 13:52:56.200,10.66,91.609,10.0,4.5,"166 km SW of Port Blair, India",usp000gauj
2008-06-28 13:57:03.570,10.727,91.707,10.0,4.9,"153 km SW of Port Blair, India",usp000gauk
2008-06-28 14:02:15.590,10.512,91.424,10.0,3.9,"192 km SW of Port Blair, India",usp000gaum
2008-06-28 14:03:50.800,10.667,91.597,10.0,3.7,"167 km SW of Port Blair, India",usp000gaun
2008-06-28 14:30:06.560,10.83,91.788,9.7,4.7,"139 km SW of Port Blair, India",usp000gauq
2008-06-28 14:33:35.810,10.713,91.514,10.0,4.5,"170 km SW of Bamboo Flat, India",usp000gaus
2008-06-28 14:41:32.680,10.586,91.56,10.0,3.7,"176 km SW of Port Blair, India",usp000gauu
2008-06-28 15:23:27.290,10.695,91.735,10.0,3.9,"154 km SW of Port Blair, India",usp000gauy
2008-06-28 15:23:56.090,10.66,91.455,10.0,3.9,"179 km SW of Bamboo Flat, India",usp000gauz
2008-06-28 15:29:11.500,10.902,91.925,20.0,5.4,"123 km SW of Port Blair, India",usp000gav1
2008-06-28 15:39:59.140,10.409,91.146,10.0,4.2,"223 km SW of Bamboo Flat, India",usp000gav2
2008-06-28 15:47:54.910,10.909,92.102,10.0,4.0,"109 km SW of Port Blair, India",usp000gav4
2008-06-28 15:53:19.740,10.917,92.114,10.0,3.8,"107 km SW of Port Blair, India",usp000gav5
2008-06-28 15:54:32.970,10.576,91.565,10.0,3.9,"176 km SW of Port Blair, India",usp000gav6
2008-06-28 15:55:07.290,10.677,91.673,10.0,4.8,"160 km SW of Port Blair, India",usp000gav7
2008-06-28 16:16:59.830,10.693,91.839,10.0,3.9,"146 km SW of Port Blair, India",usp000gav9
2008-06-28 16:18:31.860,10.812,91.866,10.0,3.9,"134 km SW of Port Blair, India",usp000gava
2008-06-28 16:22:53.360,10.888,92.056,10.0,4.0,"114 km SW of Port Blair, India",usp000gavc
2008-06-28 16:58:41.660,10.608,91.444,10.0,3.8,"184 km SW of Bamboo Flat, India",usp000gavj
2008-06-28 17:16:59.470,10.889,91.998,28.5,4.7,"118 km SW of Port Blair, India",usp000gavk
2008-06-28 17:27:16.910,10.919,92.075,10.0,4.1,"110 km SW of Port Blair, India",usp000gavn
2008-06-28 17:37:36.040,10.934,91.945,10.0,4.1,"119 km SW of Port Blair, India",usp000gavp
2008-06-28 19:35:14.760,10.988,91.788,10.0,3.9,"128 km SW of Bamboo Flat, India",usp000gavu
2008-06-28 20:17:59.650,10.753,91.755,21.5,4.4,"148 km SW of Port Blair, India",usp000gavx
2008-06-28 21:21:03.040,10.892,91.928,10.0,4.1,"123 km SW of Port Blair, India",usp000gaw1
2008-06-28 23:19:07.500,10.943,91.748,13.6,4.3,"134 km SW of Bamboo Flat, India",usp000gawb
2008-06-29 00:32:13.400,11.003,91.728,24.1,5.0,"132 km SW of Bamboo Flat, India",usp000gawf
2008-06-29 01:14:16.830,10.576,91.377,10.0,4.3,"192 km SW of Bamboo Flat, India",usp000gawn
2008-06-29 01:33:16.720,10.57,91.537,10.0,4.1,"179 km SW of Port Blair, India",usp000gawp
2008-06-29 02:17:20.350,10.837,91.542,10.0,3.8,"159 km SW of Bamboo Flat, India",usp000gaws
2008-06-29 04:14:37.010,10.75,91.64,23.0,5.2,"157 km SW of Bamboo Flat, India",usp000gawx
2008-06-29 04:23:08.160,11.282,91.813,10.0,4.1,"108 km WSW of Bamboo Flat, India",usp000gawy
2008-06-29 04:33:42.300,10.926,91.749,10.0,4.0,"135 km SW of Bamboo Flat, India",usp000gax0
2008-06-29 04:39:00.410,10.761,91.703,25.1,4.3,"151 km SW of Port Blair, India",usp000gax1
2008-06-29 04:47:56.600,10.501,91.449,10.0,4.2,"191 km SW of Port Blair, India",usp000gax3
2008-06-29 05:43:56.850,10.696,91.552,10.0,4.1,"168 km SW of Bamboo Flat, India",usp000gax7
2008-06-29 07:33:51.350,10.486,91.151,10.0,4.3,"217 km SW of Bamboo Flat, India",usp000gaxc
2008-06-29 08:22:05.780,10.597,91.477,10.0,4.2,"182 km SW of Port Blair, India",usp000gaxe
2008-06-29 10:53:30.820,10.838,91.819,10.0,4.4,"136 km SW of Port Blair, India",usp000gaxm
2008-06-29 13:21:09.170,10.843,91.68,10.0,4.4,"147 km SW of Bamboo Flat, India",usp000gaxw
2008-06-30 01:23:09.180,10.876,91.722,24.7,4.0,"141 km SW of Bamboo Flat, India",usp000gaze
2008-06-30 02:10:04.810,10.866,91.734,20.4,4.6,"141 km SW of Bamboo Flat, India",usp000gazh
2008-06-30 03:41:10.580,10.709,91.805,27.3,4.3,"147 km SW of Port Blair, India",usp000gazr
2008-07-01 05:50:55.200,10.841,91.605,10.0,4.5,"154 km SW of Bamboo Flat, India",usp000gb22
2008-07-01 09:45:52.500,19.287,99.353,10.0,3.7,"48 km W of Mae Chai, Thailand",usp000gb2g
2008-07-02 00:34:03.110,12.259,94.344,35.0,4.1,"185 km ENE of Port Blair, India",usp000gb46
2008-07-02 23:51:09.720,27.51,102.87,10.0,4.2,"73 km SE of Xichang, China",usp000gb6a
2008-07-04 21:35:27.800,29.325,96.321,35.0,4.7,"140 km N of Hayuliang, India",usp000gbbc
2008-07-05 01:39:29.730,10.18,91.601,35.0,4.4,"206 km SW of Port Blair, India",usp000gbbz
2008-07-05 13:25:50.970,11.061,92.369,10.0,4.0,"78 km SSW of Port Blair, India",usp000gbd6
2008-07-06 02:49:06.100,11.018,91.95,50.5,4.3,"112 km SW of Bamboo Flat, India",usp000gben
2008-07-06 18:14:38.290,13.295,93.742,10.0,3.6,"208 km NNE of Bamboo Flat, India",usp000gbgg
2008-07-06 23:23:52.290,10.73,91.833,35.0,4.0,"143 km SW of Port Blair, India",usp000gbgy
2008-07-07 02:50:36.670,25.972,95.33,72.0,4.9,"60 km ESE of Tuensang, India",usp000gbh9
2008-07-07 09:58:52.390,10.742,91.695,10.0,5.0,"153 km SW of Port Blair, India",usp000gbj4
2008-07-07 17:49:24.060,10.581,91.615,10.0,3.8,"172 km SW of Port Blair, India",usp000gbjy
2008-07-08 15:51:40.120,10.902,91.099,10.0,4.0,"197 km WSW of Bamboo Flat, India",usp000gbne
2008-07-08 16:05:58.630,10.73,91.826,10.0,4.6,"144 km SW of Port Blair, India",usp000gbnh
2008-07-09 05:03:19.230,22.665,94.352,100.1,3.9,"74 km ESE of Falam, Myanmar",usp000gbq3
2008-07-09 23:18:22.150,26.707,96.538,129.0,3.7,"61 km NNW of Sarupathar, India",usp000gbsh
2008-07-11 09:37:38.650,10.768,91.733,10.0,4.5,"148 km SW of Port Blair, India",usp000gbw6
2008-07-14 00:40:32.220,10.646,91.767,10.0,4.5,"155 km SW of Port Blair, India",usp000gc3q
2008-07-14 07:16:08.390,10.547,91.625,10.0,4.3,"174 km SW of Port Blair, India",usp000gc4f
2008-07-14 13:28:43.650,27.419,92.021,61.1,4.1,"19 km SSE of Tawang, India",usp000gc53
2008-07-15 03:16:13.240,10.676,92.005,10.0,4.2,"136 km SW of Port Blair, India",usp000gc71
2008-07-15 13:24:32.340,28.27,103.582,10.0,4.0,"106 km N of Zhaotong, China",usp000gc8f
2008-07-18 13:10:02.090,25.049,95.066,103.8,4.4,"89 km SE of Phek, India",usp000gcgq
2008-07-19 13:39:55.500,13.017,93.262,28.3,4.0,"157 km NNE of Bamboo Flat, India",usp000gcm5
2008-07-20 04:28:08.260,13.417,92.906,22.5,3.8,"191 km N of Bamboo Flat, India",usp000gcp4
2008-07-20 23:06:37.570,28.836,95.845,39.1,4.1,"99 km NNE of P?sigh?t, India",usp000gcrk
2008-07-20 23:34:57.500,10.248,90.325,10.0,3.6,"Andaman Islands, India region",usp000gcrm
2008-07-22 02:20:48.620,24.56,93.454,52.9,3.8,"33 km NW of Chur?ch?ndpur, India",usp000gcv1
2008-07-22 21:19:44.770,10.786,91.749,36.1,4.8,"146 km SW of Port Blair, India",usp000gcxf
2008-07-22 21:26:03.650,29.93,95.204,10.0,4.7,"174 km NNE of Shi Yomi, India",usp000gcxg
2008-07-22 22:32:55.440,10.776,91.778,25.5,4.1,"144 km SW of Port Blair, India",usp000gcxj
2008-07-24 09:51:35.250,10.701,91.694,10.0,4.6,"156 km SW of Port Blair, India",usp000gd1t
2008-07-24 12:19:02.260,12.784,92.026,35.0,4.5,"141 km NNW of Bamboo Flat, India",usp000gd1z
2008-07-25 18:09:39.810,22.899,94.416,103.8,4.2,"75 km E of Falam, Myanmar",usp000gd4m
2008-07-25 20:24:38.820,10.738,91.914,24.3,4.5,"137 km SW of Port Blair, India",usp000gd4t
2008-07-26 05:35:33.750,11.611,91.659,11.6,5.1,"115 km W of Bamboo Flat, India",usp000gd5x
2008-07-26 09:45:52.730,10.653,91.704,10.0,4.4,"159 km SW of Port Blair, India",usp000gd65
2008-07-26 13:23:55.230,12.965,92.557,11.5,4.1,"141 km N of Bamboo Flat, India",usp000gd6e
2008-07-26 16:49:53.120,10.326,93.138,84.4,4.8,"154 km SSE of Port Blair, India",usp000gd6q
2008-07-26 18:51:50.970,24.788,90.536,17.5,4.8,"13 km ENE of Mymensingh, Bangladesh",usp000gd6v
2008-07-27 01:04:55.180,22.973,94.006,40.3,4.0,"34 km E of Falam, Myanmar",usp000gd7f
2008-07-27 19:05:23.080,21.787,94.272,67.9,4.4,"96 km WSW of Monywa, Myanmar",usp000gd99
2008-07-27 22:42:05.480,23.577,94.642,94.2,5.2,"25 km ESE of Mawlaik, Myanmar",usp000gd9n
2008-07-28 23:02:49.700,23.582,94.596,86.7,3.9,"20 km ESE of Mawlaik, Myanmar",usp000gdby
2008-08-04 23:28:17.940,13.694,93.145,72.7,4.3,"225 km NNE of Bamboo Flat, India",usp000gdv1
2008-08-05 10:08:11.950,13.865,93.581,35.0,5.2,"257 km NNE of Bamboo Flat, India",usp000gdw8
2008-08-05 21:58:49.620,10.821,91.693,10.0,4.8,"148 km SW of Bamboo Flat, India",usp000gdxg
2008-08-08 17:30:08.880,24.969,96.49,3.8,4.0,"102 km WSW of Myitkyina, Myanmar",usp000ge7a
2008-08-10 08:20:33.420,11.055,91.814,20.0,6.2,"121 km SW of Bamboo Flat, India",usp000geas
2008-08-10 09:01:13.370,10.788,91.673,10.0,4.2,"152 km SW of Bamboo Flat, India",usp000geax
2008-08-10 09:16:21.190,10.913,91.777,10.0,4.4,"134 km SW of Bamboo Flat, India",usp000geay
2008-08-10 09:27:57.410,11.025,91.757,29.5,5.3,"128 km SW of Bamboo Flat, India",usp000geb0
2008-08-10 09:46:07.430,10.77,91.504,10.0,4.2,"167 km SW of Bamboo Flat, India",usp000geb2
2008-08-10 10:38:58.080,10.737,91.474,10.0,4.1,"172 km SW of Bamboo Flat, India",usp000geb7
2008-08-10 10:43:51.220,10.866,91.79,10.0,4.3,"136 km SW of Port Blair, India",usp000geb8
2008-08-10 11:18:54.570,10.933,91.683,28.5,4.5,"141 km SW of Bamboo Flat, India",usp000geba
2008-08-10 11:48:08.990,10.862,91.823,18.4,4.2,"134 km SW of Port Blair, India",usp000gebb
2008-08-10 12:20:52.630,10.881,91.734,10.0,4.3,"140 km SW of Bamboo Flat, India",usp000gebg
2008-08-10 12:21:11.800,10.947,91.711,13.0,5.7,"137 km SW of Bamboo Flat, India",usp000gebh
2008-08-10 12:37:55.460,10.876,91.635,10.0,4.5,"149 km SW of Bamboo Flat, India",usp000gebj
2008-08-10 12:59:02.220,10.976,91.757,17.4,4.4,"131 km SW of Bamboo Flat, India",usp000gebn
2008-08-10 13:01:31.580,10.985,91.79,10.0,5.3,"128 km SW of Bamboo Flat, India",usp000gebp
2008-08-10 13:36:01.960,10.82,91.719,10.0,4.2,"146 km SW of Bamboo Flat, India",usp000gebs
2008-08-10 14:16:50.570,10.859,91.843,10.0,4.5,"133 km SW of Port Blair, India",usp000gebv
2008-08-10 14:57:38.210,10.566,91.072,10.0,4.5,"219 km SW of Bamboo Flat, India",usp000gebz
2008-08-10 15:06:34.730,10.775,91.803,10.0,4.2,"142 km SW of Port Blair, India",usp000gec1
2008-08-10 15:28:56.540,10.818,91.711,10.0,4.3,"146 km SW of Bamboo Flat, India",usp000gec2
2008-08-10 19:13:07.020,11.013,91.846,10.0,4.7,"121 km SW of Bamboo Flat, India",usp000gecg
2008-08-11 06:19:07.720,10.887,91.69,10.0,4.0,"143 km SW of Bamboo Flat, India",usp000gedk
2008-08-12 09:18:59.140,26.795,97.093,35.0,4.5,"71 km NNE of Sarupathar, India",usp000geg9
2008-08-12 17:38:45.280,10.873,91.803,10.0,4.3,"135 km SW of Port Blair, India",usp000gegq
2008-08-12 19:52:06.710,10.993,91.785,10.0,4.5,"128 km SW of Bamboo Flat, India",usp000gegw
2008-08-13 10:11:14.560,10.901,91.644,10.0,4.3,"146 km SW of Bamboo Flat, India",usp000gejj
2008-08-19 21:35:17.220,25.051,97.919,45.5,5.0,"64 km SE of Myitkyina, Myanmar",usp000gf1k
2008-08-21 12:20:58.770,24.862,97.82,37.3,4.9,"71 km SE of Myitkyina, Myanmar",usp000gf5n
2008-08-21 12:24:30.930,25.039,97.697,10.0,6.0,"48 km SE of Myitkyina, Myanmar",usp000gf5p
2008-08-21 16:39:04.210,24.756,97.675,21.2,3.9,"71 km NE of Bhamo, Myanmar",usp000gf64
2008-08-22 12:06:18.280,24.97,98.05,20.0,4.6,"80 km SE of Myitkyina, Myanmar",usp000gf87
2008-08-22 18:06:54.390,22.447,92.537,46.7,4.7,"42 km NE of B?ndarban, Bangladesh",usp000gf94
2008-08-27 05:35:18.100,27.149,92.012,50.7,4.2,"42 km WSW of Bomdila, India",usp000gfp1
2008-08-28 07:07:11.420,12.021,92.406,25.9,4.4,"49 km NW of Bamboo Flat, India",usp000gfte
2008-08-29 06:43:08.210,10.915,91.803,10.0,4.5,"132 km SW of Bamboo Flat, India",usp000gfwy
2008-08-29 16:48:46.220,10.734,91.732,10.0,4.1,"151 km SW of Port Blair, India",usp000gfy7
2008-08-29 17:44:46.200,13.569,93.337,10.0,4.0,"217 km NNE of Bamboo Flat, India",usp000gfyc
2008-08-30 07:45:08.700,11.053,91.673,10.0,4.8,"134 km WSW of Bamboo Flat, India",usp000gfzv
2008-08-30 08:30:53.010,26.241,101.889,11.0,6.0,"Sichuan-Yunnan border region, China",usp000gg00
2008-08-30 09:41:15.610,26.359,102.375,10.0,4.2,"69 km ESE of Dadukou, China",usp000gg04
2008-08-30 14:41:48.020,26.035,95.676,99.9,4.3,"88 km ESE of Tuensang, India",usp000gg0j
2008-08-31 04:06:46.040,24.765,97.655,10.0,4.0,"71 km NE of Bhamo, Myanmar",usp000gg21
2008-08-31 08:31:10.700,26.232,101.97,10.0,5.6,"43 km SE of Dadukou, China",usp000gg2j
2008-08-31 09:34:49.760,26.237,102.012,10.0,4.7,"46 km SE of Dadukou, China",usp000gg2n
2008-08-31 11:00:31.820,26.235,101.895,10.0,4.4,"39 km SSE of Dadukou, China",usp000gg2v
2008-09-02 18:59:20.950,24.882,98.012,7.6,4.1,"83 km SE of Myitkyina, Myanmar",usp000gg8n
2008-09-03 06:27:25.470,24.869,97.78,10.0,5.0,"68 km SE of Myitkyina, Myanmar",usp000gg9z
2008-09-04 20:33:37.950,26.017,95.131,80.8,4.4,"41 km SE of Tuensang, India",usp000gge6
2008-09-05 18:54:21.290,10.301,93.737,33.4,4.1,"185 km SE of Port Blair, India",usp000ggg0
2008-09-06 19:31:55.280,24.923,97.758,17.1,4.2,"62 km SE of Myitkyina, Myanmar",usp000ggja
2008-09-07 09:00:28.530,12.943,92.389,40.3,5.0,"142 km NNW of Bamboo Flat, India",usp000ggka
2008-09-07 12:54:30.710,15.758,94.683,35.0,4.5,"92 km SW of Mawlamyinegyunn, Myanmar",usp000ggkj
2008-09-10 19:07:16.140,26.662,96.773,60.8,4.2,"50 km N of Sarupathar, India",usp000ggtu
2008-09-12 22:34:27.090,24.893,97.92,26.8,3.8,"75 km SE of Myitkyina, Myanmar",usp000ggyb
2008-09-15 06:16:03.180,10.327,92.972,57.2,4.3,"150 km S of Port Blair, India",usp000gh2w
2008-09-16 01:20:00.550,13.494,92.724,10.0,4.9,"198 km N of Bamboo Flat, India",usp000gh4f
2008-09-16 05:38:17.050,10.848,91.805,10.0,4.3,"136 km SW of Port Blair, India",usp000gh4q
2008-09-18 18:37:21.700,29.679,95.478,35.0,3.7,"166 km NE of Shi Yomi, India",usp000gha4
2008-09-18 20:32:45.170,10.932,91.784,11.6,5.0,"132 km SW of Bamboo Flat, India",usp000ghac
2008-09-20 11:51:41.280,23.398,90.732,10.0,4.5,"20 km NW of H?j?ganj, Bangladesh",usp000ghdq
2008-09-20 12:00:51.340,23.394,90.691,10.0,4.2,"23 km NW of H?j?ganj, Bangladesh",usp000ghdr
2008-09-21 06:35:07.670,29.866,90.613,10.0,3.6,"14 km SW of Dêqên, China",usp000ghf6
2008-09-22 13:30:38.180,15.583,96.081,35.0,5.2,"88 km SSE of Pyapon, Myanmar",usp000ghhg
2008-09-22 18:13:08.010,15.681,96.177,35.0,4.0,"85 km SE of Pyapon, Myanmar",usp000ghhw
2008-09-27 03:29:07.800,20.947,92.689,35.0,4.1,"41 km ENE of Tekn?f, Bangladesh",usp000ghtd
2008-09-29 04:59:10.610,23.748,93.896,45.9,3.9,"53 km WNW of Mawlaik, Myanmar",usp000ghxq
2008-09-30 01:16:39.350,26.33,101.826,10.0,4.7,"26 km SSE of Dadukou, China",usp000ghzw
2008-10-03 17:48:24.310,10.733,91.715,28.4,4.5,"152 km SW of Port Blair, India",usp000gj89
2008-10-03 21:19:48.410,10.67,91.687,10.0,4.3,"159 km SW of Port Blair, India",usp000gj8s
2008-10-03 21:20:23.760,10.764,91.659,19.0,5.6,"155 km SW of Port Blair, India",usp000gj8t
2008-10-03 21:40:41.330,10.526,91.578,10.0,4.0,"179 km SW of Port Blair, India",usp000gj8v
2008-10-03 21:57:34.810,10.662,91.498,10.0,4.3,"175 km SW of Bamboo Flat, India",usp000gj8w
2008-10-03 22:15:43.340,10.585,91.628,10.0,4.3,"170 km SW of Port Blair, India",usp000gj8x
2008-10-03 22:57:34.760,10.595,91.569,10.0,4.6,"174 km SW of Port Blair, India",usp000gj90
2008-10-03 23:02:17.270,10.743,91.725,28.0,4.2,"151 km SW of Port Blair, India",usp000gj91
2008-10-03 23:57:05.770,10.742,91.765,30.8,4.0,"148 km SW of Port Blair, India",usp000gj94
2008-10-04 00:44:12.240,10.721,91.789,10.0,3.9,"147 km SW of Port Blair, India",usp000gj99
2008-10-04 01:37:41.810,10.595,91.722,10.0,4.2,"162 km SW of Port Blair, India",usp000gj9d
2008-10-04 01:41:14.180,10.539,91.549,25.4,3.8,"180 km SW of Port Blair, India",usp000gj9e
2008-10-04 02:05:52.730,10.63,91.738,10.0,4.4,"158 km SW of Port Blair, India",usp000gj9f
2008-10-04 04:16:47.320,10.595,91.608,10.0,4.1,"171 km SW of Port Blair, India",usp000gj9k
2008-10-04 10:28:57.660,10.443,91.866,10.0,4.5,"166 km SW of Port Blair, India",usp000gj9z
2008-10-04 11:36:40.780,24.911,96.438,10.0,3.9,"108 km NW of Bhamo, Myanmar",usp000gja2
2008-10-04 13:59:35.360,10.546,91.663,10.0,4.2,"171 km SW of Port Blair, India",usp000gjae
2008-10-04 16:10:30.930,10.716,91.718,10.0,4.3,"153 km SW of Port Blair, India",usp000gjaq
2008-10-04 16:20:29.160,10.784,91.702,26.2,4.0,"150 km SW of Port Blair, India",usp000gjar
2008-10-04 22:38:14.950,10.52,91.554,10.0,3.9,"181 km SW of Port Blair, India",usp000gjbe
2008-10-06 08:30:45.570,29.807,90.35,12.0,6.3,"39 km WSW of Dêqên, China",usp000gjgt
2008-10-06 08:38:47.820,29.643,90.401,10.0,4.8,"46 km SW of Dêqên, China",usp000gjgu
2008-10-06 08:43:49.180,29.748,90.44,10.0,4.6,"35 km SW of Dêqên, China",usp000gjgv
2008-10-06 08:45:05.540,29.773,90.435,10.0,4.7,"34 km SW of Dêqên, China",usp000gjgw
2008-10-06 08:45:10.770,29.752,90.461,10.0,5.0,"34 km SW of Dêqên, China",usp000gjgx
2008-10-06 08:56:07.210,29.722,90.572,10.0,4.0,"30 km SSW of Dêqên, China",usp000gjh1
2008-10-06 08:59:10.130,29.647,90.665,10.0,3.8,"35 km S of Dêqên, China",usp000gjh2
2008-10-06 09:15:06.400,29.706,90.435,10.0,3.9,"39 km SW of Dêqên, China",usp000gjh5
2008-10-06 09:24:46.830,29.623,90.432,10.0,3.7,"46 km SW of Dêqên, China",usp000gjh9
2008-10-06 10:13:06.730,29.863,90.555,10.0,3.6,"19 km SW of Dêqên, China",usp000gjhg
2008-10-06 10:17:11.030,29.806,90.42,10.0,5.1,"33 km WSW of Dêqên, China",usp000gjhh
2008-10-06 10:20:15.050,29.696,90.422,10.0,4.4,"41 km SW of Dêqên, China",usp000gjhk
2008-10-06 10:28:15.780,29.78,90.468,10.0,3.9,"31 km SW of Dêqên, China",usp000gjhn
2008-10-06 11:11:30.220,29.747,90.354,10.0,4.2,"42 km SW of Dêqên, China",usp000gjhu
2008-10-06 12:10:33.380,29.653,90.32,10.0,5.2,"51 km SW of Dêqên, China",usp000gjj2
2008-10-06 12:46:53.800,29.764,90.464,10.0,4.9,"32 km SW of Dêqên, China",usp000gjj7
2008-10-06 14:16:07.120,29.741,90.404,10.0,4.4,"39 km SW of Dêqên, China",usp000gjjb
2008-10-06 14:26:22.980,29.752,91.048,24.5,4.6,"12 km NNW of Lhasa, China",usp000gjjd
2008-10-06 19:03:01.270,29.77,90.631,10.0,4.7,"22 km SSW of Dêqên, China",usp000gjk2
2008-10-06 21:08:14.280,29.756,90.572,10.0,3.4,"26 km SSW of Dêqên, China",usp000gjkg
2008-10-06 23:12:24.830,29.652,90.498,10.0,4.1,"40 km SSW of Dêqên, China",usp000gjkq
2008-10-07 18:29:43.990,25.553,101.971,15.7,4.5,"86 km NW of Lianran, China",usp000gjng
2008-10-08 06:46:23.050,23.403,93.893,65.0,4.6,"58 km NNE of Falam, Myanmar",usp000gjph
2008-10-08 08:39:32.470,29.729,90.392,10.0,3.4,"40 km SW of Dêqên, China",usp000gjps
2008-10-08 14:03:05.940,29.733,90.547,10.0,4.3,"30 km SSW of Dêqên, China",usp000gjq9
2008-10-08 14:07:16.290,29.757,90.328,9.0,5.5,"44 km WSW of Dêqên, China",usp000gjqa
2008-10-08 15:47:01.450,29.708,90.489,10.0,4.0,"35 km SW of Dêqên, China",usp000gjqf
2008-10-09 03:28:46.840,29.684,90.361,10.0,4.8,"46 km SW of Dêqên, China",usp000gjrr
2008-10-09 13:28:30.160,29.685,90.624,10.0,4.5,"32 km SSW of Dêqên, China",usp000gjsf
2008-10-09 16:29:51.500,29.314,104.809,19.3,4.6,"4 km SE of Zigong, China",usp000gjsu
2008-10-09 17:59:22.620,29.654,90.478,10.0,4.5,"41 km SW of Dêqên, China",usp000gjt2
2008-10-10 11:36:10.570,29.777,90.556,10.0,4.4,"25 km SW of Dêqên, China",usp000gjvg
2008-10-10 21:18:46.660,29.797,90.59,10.0,4.6,"22 km SW of Dêqên, China",usp000gjwv
2008-10-11 02:31:19.690,29.657,90.511,10.0,4.0,"39 km SSW of Dêqên, China",usp000gjxd
2008-10-11 03:32:27.730,29.799,90.511,10.0,3.9,"26 km SW of Dêqên, China",usp000gjxk
2008-10-11 17:16:08.040,13.676,93.785,64.6,4.3,"247 km NNE of Bamboo Flat, India",usp000gk04
2008-10-13 05:43:38.730,29.787,90.506,10.0,3.7,"28 km SW of Dêqên, China",usp000gk4z
2008-10-14 23:55:47.780,29.864,90.657,10.0,3.5,"12 km SSW of Dêqên, China",usp000gk98
2008-10-16 13:26:15.210,29.712,90.473,4.9,4.3,"36 km SW of Dêqên, China",usp000gkcs
2008-10-16 17:53:53.430,15.798,96.145,35.0,4.1,"73 km SE of Pyapon, Myanmar",usp000gkd6
2008-10-17 17:23:11.210,12.508,95.031,30.0,4.2,"265 km ENE of Port Blair, India",usp000gkf7
2008-10-17 19:12:32.060,12.309,94.849,10.0,4.2,"239 km ENE of Port Blair, India",usp000gkfj
2008-10-17 21:37:46.330,23.131,104.126,10.0,3.8,"28 km SSW of Wenshan City, China",usp000gkfq
2008-10-18 14:14:47.240,13.767,93.615,79.6,4.8,"248 km NNE of Bamboo Flat, India",usp000gkha
2008-10-19 13:26:46.730,11.015,91.783,6.8,4.5,"126 km SW of Bamboo Flat, India",usp000gkk4
2008-10-19 19:06:44.640,29.651,90.455,10.0,3.8,"42 km SW of Dêqên, China",usp000gkkr
2008-10-20 14:32:34.780,21.22,93.577,51.9,4.2,"133 km WNW of Chauk, Myanmar",usp000gknv
2008-10-23 13:00:29.470,29.778,90.6,10.0,3.6,"23 km SSW of Dêqên, China",usp000gkvg
2008-10-23 15:31:34.570,10.885,91.523,30.4,4.2,"158 km SW of Bamboo Flat, India",usp000gkvr
2008-10-25 02:13:58.330,26.143,101.722,10.0,4.3,"44 km S of Dadukou, China",usp000gkzn
2008-10-29 05:16:20.090,10.941,92.195,10.0,4.3,"100 km SW of Port Blair, India",usp000gm9h
2008-10-30 12:22:35.860,16.129,94.632,28.5,4.9,"72 km S of Pathein, Myanmar",usp000gmea
2008-10-31 20:00:53.870,12.772,92.234,30.0,4.1,"129 km NNW of Bamboo Flat, India",usp000gmhw
2008-11-02 18:07:27.940,11.271,95.032,10.0,4.3,"253 km E of Port Blair, India",usp000gmq9
2008-11-07 00:29:07.400,25.817,92.847,50.8,3.9,"20 km S of Hoj?i, India",usp000gn42
2008-11-10 20:55:04.470,23.023,94.572,108.0,4.7,"70 km SSE of Mawlaik, Myanmar",usp000gndr
2008-11-11 02:18:45.760,19.323,95.221,35.0,4.1,Myanmar,usp000gne3
2008-11-11 02:19:18.380,19.367,95.512,83.1,4.7,"31 km E of Myaydo, Myanmar",usp000gne4
2008-11-11 17:15:00.560,13.127,92.555,38.3,4.6,"158 km N of Bamboo Flat, India",usp000gnfs
2008-11-14 04:26:12.120,27.747,92.777,81.7,3.7,"63 km NNE of Bomdila, India",usp000gnnh
2008-11-15 09:35:50.830,12.926,93.287,35.0,3.8,"149 km NNE of Bamboo Flat, India",usp000gnr8
2008-11-16 11:37:40.000,10.844,91.785,39.1,4.6,"138 km SW of Port Blair, India",usp000gnu7
2008-11-16 12:20:36.880,10.833,91.711,26.7,5.5,"145 km SW of Bamboo Flat, India",usp000gnu8
2008-11-16 12:25:09.150,10.829,91.701,35.0,4.6,"146 km SW of Bamboo Flat, India",usp000gnu9
2008-11-16 13:41:25.780,10.803,91.817,33.3,4.3,"139 km SW of Port Blair, India",usp000gnub
2008-11-16 13:46:26.350,10.837,91.792,38.2,4.6,"138 km SW of Port Blair, India",usp000gnuc
2008-11-16 14:27:39.640,10.835,91.896,41.6,4.0,"130 km SW of Port Blair, India",usp000gnug
2008-11-16 14:40:33.080,10.819,91.892,39.0,3.9,"132 km SW of Port Blair, India",usp000gnuh
2008-11-18 02:01:25.580,10.778,91.66,10.0,4.3,"153 km SW of Bamboo Flat, India",usp000gnyq
2008-11-18 23:00:47.980,23.77,91.142,35.0,3.8,"15 km WSW of Agartala, India",usp000gp0m
2008-11-18 23:15:26.230,23.981,91.587,35.0,3.6,"Tripura, India region",usp000gp0p
2008-11-20 10:42:33.520,29.765,90.517,10.0,4.4,"29 km SW of Dêqên, China",usp000gp3h
2008-11-23 13:22:58.580,29.842,90.45,10.0,4.4,"29 km WSW of Dêqên, China",usp000gp9g
2008-11-29 06:54:53.500,22.824,94.049,87.1,4.6,"39 km ESE of Falam, Myanmar",usp000gpnb
2008-11-29 08:06:29.550,20.535,100.738,35.0,4.3,"43 km NE of Ban Houakhoua, Laos",usp000gpnd
2008-12-02 00:42:26.620,23.819,103.251,10.0,4.0,"14 km NNW of Kaiyuan, China",usp000gpsm
2008-12-05 12:59:53.090,23.135,93.645,73.9,4.2,"24 km N of Falam, Myanmar",usp000gpz2
2008-12-13 06:13:44.940,26.981,102.567,10.0,4.6,"98 km ENE of Dadukou, China",usp000gqgj
2008-12-14 16:54:48.910,24.899,94.656,79.6,4.0,"66 km ENE of Yairipok, India",usp000gqku
2008-12-16 22:31:32.160,21.122,94.556,121.2,4.1,"36 km NW of Chauk, Myanmar",usp000gqrh
2008-12-19 11:52:32.260,22.583,94.526,108.1,4.5,"81 km NW of Monywa, Myanmar",usp000gqyd
2008-12-20 23:22:48.380,22.746,95.898,10.0,5.3,"28 km NE of Shwebo, Myanmar",usp000gr2b
2008-12-21 14:51:07.110,22.564,95.695,27.2,4.6,"0 km SSW of Shwebo, Myanmar",usp000gr4b
2008-12-23 13:20:39.100,24.998,91.966,41.7,4.0,"14 km NE of Sylhet, Bangladesh",usp000gr8t
2008-12-23 16:02:22.370,24.612,94.729,87.2,4.4,"67 km E of W?ngjing, India",usp000gr9a
2008-12-25 20:20:51.570,23.97,97.569,35.0,4.8,"46 km SE of Bhamo, Myanmar",usp000grfr
2008-12-26 07:27:45.970,24.854,97.785,10.0,3.8,"70 km SSE of Myitkyina, Myanmar",usp000grgz
2008-12-27 17:33:32.870,23.983,101.135,10.0,3.9,"33 km SSW of Jianshui, China",usp000grmv
2008-12-28 04:27:15.840,28.684,96.117,41.6,3.7,"79 km NNW of Hayuliang, India",usp000grp7
2009-01-04 13:22:15.580,10.251,93.937,35.0,4.9,"203 km SE of Port Blair, India",usp000gs5u
2009-01-06 05:10:01.720,27.057,100.461,10.0,4.2,"31 km NE of Lijiang, China",usp000gs8n
2009-01-07 10:27:06.710,27.692,92.756,19.7,4.7,"57 km NE of Bomdila, India",usp000gsat
2009-01-16 09:31:49.660,19.983,95.166,109.3,4.4,"30 km SE of Magway, Myanmar",usp000gsp9
2009-01-17 12:41:52.500,26.869,104.063,10.0,4.4,"17 km W of Weining, China",usp000gsrb
2009-01-18 08:19:23.160,28.918,102.266,44.0,4.4,"113 km N of Xichang, China",usp000gssm
2009-01-20 04:03:03.410,22.226,101.395,11.5,4.0,"72 km ENE of Jinghong, China",usp000gsvg
2009-01-21 01:42:24.650,15.646,96.038,35.0,5.0,"80 km SSE of Pyapon, Myanmar",usp000gsxc
2009-01-28 20:29:56.860,13.727,92.819,35.0,5.1,"224 km N of Bamboo Flat, India",usp000gt79
2009-01-29 10:23:23.920,11.712,95.006,26.6,4.4,"246 km E of Port Blair, India",usp000gt7z
2009-01-29 22:46:03.510,23.339,93.974,75.9,4.5,"55 km SW of Mawlaik, Myanmar",usp000gt8h
2009-01-31 04:27:35.840,11.803,94.962,26.4,5.1,"241 km E of Port Blair, India",usp000gt9w
2009-01-31 13:56:26.050,15.703,95.96,10.0,4.5,"71 km SSE of Pyapon, Myanmar",usp000gtap
2009-02-06 07:32:37.710,24.162,94.666,53.8,4.2,"63 km NNE of Mawlaik, Myanmar",usp000gtgk
2009-02-06 20:01:54.060,10.051,93.747,142.1,4.4,"209 km SSE of Port Blair, India",usp000gtgx
2009-02-10 21:56:21.130,15.604,96.171,34.3,4.3,"91 km SE of Pyapon, Myanmar",usp000gtmd
2009-02-17 21:38:10.000,10.91,91.769,35.0,4.2,"135 km SW of Bamboo Flat, India",usp000gu46
2009-02-24 17:46:16.120,25.836,94.67,33.0,4.8,"21 km SE of Zunheboto, India",usp000guc8
2009-02-25 23:51:35.040,23.291,92.82,35.0,4.5,"2 km W of Serchh?p, India",usp000guda
2009-02-26 15:32:30.910,13.176,92.291,35.0,4.4,"169 km NNW of Bamboo Flat, India",usp000gudu
2009-03-02 12:36:34.990,15.637,95.94,10.0,4.6,"77 km SSE of Pyapon, Myanmar",usp000guhz
2009-03-02 12:55:37.870,15.735,96.013,10.0,4.3,"70 km SSE of Pyapon, Myanmar",usp000guj0
2009-03-03 01:27:41.800,24.823,95.179,115.5,4.7,"115 km E of Yairipok, India",usp000gujq
2009-03-05 15:49:52.780,15.577,95.993,7.9,5.1,"85 km SSE of Pyapon, Myanmar",usp000gung
2009-03-05 20:31:50.570,15.56,96.06,35.0,4.5,"90 km SSE of Pyapon, Myanmar",usp000gunw
2009-03-06 14:19:36.780,15.663,96.015,25.0,4.6,"77 km SSE of Pyapon, Myanmar",usp000gupw
2009-03-11 12:58:43.260,10.67,91.688,10.0,5.1,"159 km SW of Port Blair, India",usp000guv0
2009-03-11 14:31:52.520,11.178,92.526,35.0,4.5,"59 km SSW of Port Blair, India",usp000guv2
2009-03-12 16:34:44.270,10.963,91.781,10.0,4.2,"131 km SW of Bamboo Flat, India",usp000guxn
2009-03-22 12:48:53.320,26.982,104.139,10.0,4.7,"17 km NNW of Weining, China",usp000gva7
2009-03-23 13:44:44.640,10.878,91.836,25.1,4.5,"132 km SW of Port Blair, India",usp000gvbm
2009-04-04 08:37:52.010,26.372,99.491,10.0,4.3,"91 km SW of Lijiang, China",usp000gvra
2009-04-04 22:03:52.570,23.239,101.683,10.0,4.3,"124 km SSE of Jianshui, China",usp000gvs4
2009-04-13 20:37:14.980,25.967,99.944,42.1,4.9,"50 km NNW of Dali, China",usp000gw3p
2009-04-14 02:29:25.510,25.961,99.907,40.3,4.7,"51 km NW of Dali, China",usp000gw40
2009-04-17 21:14:25.470,25.324,95.098,104.8,4.6,"71 km ESE of Phek, India",usp000gwa2
2009-04-19 18:07:10.190,12.499,95.134,10.0,4.7,"275 km ENE of Port Blair, India",usp000gwck
2009-04-24 03:58:35.840,11.865,95.011,29.0,4.5,"247 km E of Port Blair, India",usp000gwhg
2009-04-25 14:29:28.110,26.112,91.446,37.8,4.4,"9 km W of Pal?sb?ri, India",usp000gwjv
2009-04-29 23:31:26.130,22.957,94.535,113.5,4.3,"77 km S of Mawlaik, Myanmar",usp000gwpm
2009-05-05 09:23:02.150,23.504,94.726,113.0,4.7,"36 km ESE of Mawlaik, Myanmar",usp000gwv4
2009-05-09 02:51:17.340,11.737,92.013,29.1,4.8,"76 km W of Bamboo Flat, India",usp000gwye
2009-05-09 16:18:21.680,28.703,100.545,35.0,4.4,"127 km NE of Shangri-La, China",usp000gwyu
2009-05-15 15:06:32.850,24.577,94.555,74.0,4.7,"49 km E of W?ngjing, India",usp000gx51
2009-05-19 07:34:59.150,25.228,96.463,43.8,4.2,"95 km W of Myitkyina, Myanmar",usp000gxa9
2009-05-22 18:50:24.230,21.488,102.236,10.0,4.4,"25 km SSE of Phôngsali, Laos",usp000gxdk
2009-05-30 01:55:10.420,10.018,93.541,27.4,4.5,"Andaman Islands, India region",usp000gxp7
2009-06-03 18:42:59.810,23.356,93.21,45.3,4.3,"8 km ESE of Khawhai, India",usp000gxu6
2009-06-03 19:03:09.450,23.167,93.811,46.1,4.5,"31 km NNE of Falam, Myanmar",usp000gxu8
2009-06-09 05:38:23.020,10.823,91.722,35.0,5.2,"145 km SW of Bamboo Flat, India",usp000gy0m
2009-06-11 03:17:19.350,13.072,93.295,51.6,4.4,"164 km NNE of Bamboo Flat, India",usp000gy2r
2009-06-22 13:26:20.520,25.668,93.276,32.8,4.3,"13 km SE of Lumding Railway Colony, India",usp000gyfn
2009-06-22 22:44:24.380,12.153,95.127,45.0,4.5,"264 km ENE of Port Blair, India",usp000gygq
2009-06-22 23:10:04.920,12.14,94.996,26.9,5.2,"250 km ENE of Port Blair, India",usp000gygu
2009-06-22 23:16:28.490,12.034,94.831,14.8,5.1,"230 km E of Port Blair, India",usp000gygv
2009-06-26 23:48:12.370,10.168,93.612,87.3,4.4,"190 km SSE of Port Blair, India",usp000gyn9
2009-06-30 09:12:57.030,10.59,92.284,35.0,4.8,"129 km SSW of Port Blair, India",usp000gysn
2009-07-06 09:55:26.030,24.286,94.176,52.0,4.1,"30 km SE of Kakching, India",usp000gyzc
2009-07-09 11:19:16.240,25.632,101.095,7.0,5.7,"88 km E of Dali, China",usp000gz2j
2009-07-10 09:02:03.700,25.671,101.025,10.0,5.2,"82 km E of Dali, China",usp000gz3c
2009-07-10 12:57:31.820,25.601,101.154,10.0,4.2,"94 km E of Dali, China",usp000gz3m
2009-07-11 08:52:02.050,22.372,93.971,30.1,4.2,"47 km SE of Hakha, Myanmar",usp000gz4j
2009-07-12 16:01:20.230,25.664,101.045,10.0,4.9,"84 km E of Dali, China",usp000gz5q
2009-07-22 21:35:47.190,19.883,93.619,35.0,4.1,"80 km ESE of Sittwe, Myanmar",usp000gzhu
2009-07-26 06:45:35.980,10.837,94.436,10.0,4.8,"206 km ESE of Port Blair, India",usp000gzn2
2009-07-26 06:49:22.460,10.747,94.294,10.0,4.5,"197 km ESE of Port Blair, India",usp000gzn4
2009-07-26 06:54:47.160,10.838,94.447,10.0,4.8,"207 km ESE of Port Blair, India",usp000gzn5
2009-07-26 06:59:30.610,10.704,94.407,10.0,4.5,"210 km ESE of Port Blair, India",usp000gzn6
2009-07-26 07:12:04.070,10.702,94.315,10.0,5.0,"201 km ESE of Port Blair, India",usp000gzn7
2009-07-26 07:40:13.210,10.751,94.286,10.0,5.1,"196 km ESE of Port Blair, India",usp000gzn8
2009-07-26 08:11:15.880,10.769,94.374,10.0,5.2,"203 km ESE of Port Blair, India",usp000gzn9
2009-07-26 08:32:35.960,10.68,94.25,10.0,4.4,"197 km ESE of Port Blair, India",usp000gzna
2009-07-26 08:40:55.440,10.713,94.397,10.0,5.1,"208 km ESE of Port Blair, India",usp000gznb
2009-07-26 09:06:45.190,11.279,94.65,10.0,5.0,"212 km ESE of Port Blair, India",usp000gzne
2009-07-26 09:15:35.310,10.752,94.304,22.4,4.2,"197 km ESE of Port Blair, India",usp000gznf
2009-07-26 09:33:16.630,10.605,94.163,10.0,4.4,"194 km SE of Port Blair, India",usp000gzng
2009-07-26 09:40:26.020,10.639,94.332,10.0,5.1,"207 km ESE of Port Blair, India",usp000gznh
2009-07-26 10:14:15.640,10.75,94.388,17.2,5.0,"205 km ESE of Port Blair, India",usp000gznm
2009-07-26 10:24:25.480,10.701,94.286,10.0,4.4,"199 km ESE of Port Blair, India",usp000gznn
2009-07-26 10:29:27.890,10.764,94.26,10.0,4.4,"193 km ESE of Port Blair, India",usp000gznq
2009-07-26 10:42:29.000,10.799,94.329,24.1,4.7,"197 km ESE of Port Blair, India",usp000gznr
2009-07-26 10:58:02.020,10.67,94.317,16.1,5.1,"203 km ESE of Port Blair, India",usp000gzns
2009-07-26 11:18:50.890,10.735,94.446,10.0,4.5,"212 km ESE of Port Blair, India",usp000gznt
2009-07-26 11:34:12.590,10.696,94.3,10.0,4.7,"200 km ESE of Port Blair, India",usp000gznu
2009-07-26 11:55:44.040,10.608,94.186,10.0,5.1,"196 km SE of Port Blair, India",usp000gznv
2009-07-26 12:14:26.240,10.695,94.26,19.4,4.5,"197 km ESE of Port Blair, India",usp000gznw
2009-07-26 12:25:51.320,10.657,94.213,10.0,4.9,"195 km SE of Port Blair, India",usp000gznx
2009-07-26 12:34:32.980,10.705,94.337,18.3,4.8,"203 km ESE of Port Blair, India",usp000gzny
2009-07-26 12:48:36.440,10.733,94.288,16.3,5.0,"197 km ESE of Port Blair, India",usp000gzp0
2009-07-26 13:29:15.980,10.691,94.308,10.0,5.1,"201 km ESE of Port Blair, India",usp000gzp2
2009-07-26 13:48:55.110,10.739,94.238,10.0,4.9,"192 km ESE of Port Blair, India",usp000gzp3
2009-07-26 14:26:59.780,10.54,94.57,10.0,4.6,"234 km ESE of Port Blair, India",usp000gzp5
2009-07-26 14:49:23.800,10.61,94.235,10.0,4.6,"200 km SE of Port Blair, India",usp000gzp6
2009-07-26 14:58:14.080,10.644,94.201,10.0,5.0,"195 km SE of Port Blair, India",usp000gzp8
2009-07-26 15:26:57.520,10.764,94.294,10.0,5.0,"196 km ESE of Port Blair, India",usp000gzp9
2009-07-26 15:51:02.130,10.659,94.317,10.0,5.0,"204 km ESE of Port Blair, India",usp000gzpa
2009-07-26 17:01:04.540,10.608,94.319,10.0,4.4,"207 km SE of Port Blair, India",usp000gzpc
2009-07-26 17:11:30.200,10.761,94.24,10.0,4.5,"191 km ESE of Port Blair, India",usp000gzpd
2009-07-26 17:47:54.840,10.742,94.352,10.0,5.0,"202 km ESE of Port Blair, India",usp000gzpe
2009-07-26 19:45:07.040,10.695,94.311,10.0,4.8,"201 km ESE of Port Blair, India",usp000gzpk
2009-07-26 21:49:21.680,10.609,94.188,10.0,5.1,"196 km SE of Port Blair, India",usp000gzpm
2009-07-26 22:16:47.630,10.65,94.22,10.0,4.2,"196 km SE of Port Blair, India",usp000gzpp
2009-07-27 02:09:14.450,10.667,94.184,10.0,4.9,"192 km SE of Port Blair, India",usp000gzpu
2009-07-27 03:12:09.890,10.615,94.227,10.0,4.3,"199 km SE of Port Blair, India",usp000gzpv
2009-07-27 03:31:51.510,10.585,94.232,14.3,4.9,"201 km SE of Port Blair, India",usp000gzpw
2009-07-27 05:39:37.650,10.692,94.268,28.1,4.5,"198 km ESE of Port Blair, India",usp000gzpy
2009-07-27 12:08:14.210,10.666,94.234,10.0,4.8,"196 km SE of Port Blair, India",usp000gzq9
2009-07-27 19:15:22.420,10.641,94.248,10.0,4.5,"199 km SE of Port Blair, India",usp000gzqp
2009-07-27 21:02:36.000,10.702,94.207,10.0,4.2,"191 km SE of Port Blair, India",usp000gzqu
2009-07-27 21:15:01.110,10.604,94.332,10.0,4.9,"209 km SE of Port Blair, India",usp000gzqv
2009-07-28 05:10:57.130,10.5,93.978,10.0,4.4,"186 km SE of Port Blair, India",usp000gzr3
2009-07-28 05:14:57.530,10.591,94.122,10.0,5.2,"191 km SE of Port Blair, India",usp000gzr4
2009-07-28 06:04:02.750,10.578,94.104,10.0,4.0,"Andaman Islands, India region",usp000gzr5
2009-07-28 06:36:16.510,10.609,94.143,10.0,4.1,"192 km SE of Port Blair, India",usp000gzr6
2009-07-28 06:51:22.920,10.565,94.091,10.0,4.1,"190 km SE of Port Blair, India",usp000gzr7
2009-07-28 13:09:00.030,12.281,92.51,26.4,4.6,"Andaman Islands, India region",usp000gzrs
2009-07-28 19:14:09.690,10.64,94.179,29.1,5.0,"193 km SE of Port Blair, India",usp000gzrv
2009-08-05 02:58:45.490,22.513,93.483,72.2,4.7,"19 km SW of Hakha, Myanmar",usp000gzzt
2009-08-10 19:55:38.730,14.099,92.902,24.0,7.5,"266 km N of Bamboo Flat, India",usp000h05x
2009-08-10 21:19:40.120,14.311,92.965,29.8,4.7,"290 km N of Bamboo Flat, India",usp000h05z
2009-08-10 22:56:17.390,14.061,93.102,37.3,4.2,"264 km N of Bamboo Flat, India",usp000h063
2009-08-10 23:05:29.650,13.941,92.926,36.2,4.1,"248 km N of Bamboo Flat, India",usp000h064
2009-08-10 23:14:50.000,13.935,93.013,35.0,4.2,"249 km N of Bamboo Flat, India",usp000h065
2009-08-11 00:20:10.810,13.979,92.991,35.0,4.5,"253 km N of Bamboo Flat, India",usp000h067
2009-08-11 01:42:51.850,13.977,93.121,35.0,4.2,"255 km N of Bamboo Flat, India",usp000h068
2009-08-11 01:58:39.670,11.566,92.334,35.0,4.2,"44 km WSW of Bamboo Flat, India",usp000h069
2009-08-11 04:37:59.880,14.284,93.132,35.3,4.4,"Andaman Islands, India region",usp000h06c
2009-08-11 05:48:49.510,25.534,100.974,35.0,4.2,"76 km E of Dali, China",usp000h06d
2009-08-11 06:10:02.190,13.966,93.057,28.4,4.6,"253 km N of Bamboo Flat, India",usp000h06e
2009-08-11 06:26:02.000,13.893,93.045,35.0,4.0,"245 km N of Bamboo Flat, India",usp000h06h
2009-08-11 07:14:36.100,14.15,93.085,35.0,4.5,"273 km N of Bamboo Flat, India",usp000h06m
2009-08-11 07:54:38.510,14.353,92.982,38.5,4.9,"Andaman Islands, India region",usp000h06n
2009-08-11 08:32:11.960,14.12,93.15,35.0,4.5,"271 km N of Bamboo Flat, India",usp000h06q
2009-08-11 08:43:37.900,28.987,103.762,10.0,4.4,"51 km SSW of Luocheng, China",usp000h06r
2009-08-11 08:51:29.040,14.127,93.068,38.4,4.6,"271 km N of Bamboo Flat, India",usp000h06s
2009-08-11 10:18:09.240,14.156,93.144,35.0,4.6,"275 km N of Bamboo Flat, India",usp000h06x
2009-08-11 12:57:01.450,14.117,93.149,35.0,4.1,"271 km N of Bamboo Flat, India",usp000h071
2009-08-11 15:19:05.640,14.004,93.041,19.3,4.5,"257 km N of Bamboo Flat, India",usp000h073
2009-08-11 21:41:27.490,25.591,100.985,43.9,4.5,"77 km E of Dali, China",usp000h07f
2009-08-11 21:43:47.590,24.323,94.793,99.0,5.5,"79 km ESE of W?ngjing, India",usp000h07g
2009-08-11 21:52:49.310,13.849,93.077,35.0,4.3,"240 km N of Bamboo Flat, India",usp000h07h
2009-08-11 23:13:40.590,14.066,93.161,35.0,4.2,"266 km N of Bamboo Flat, India",usp000h07n
2009-08-12 00:04:11.260,14.386,93.034,35.0,4.1,"299 km N of Bamboo Flat, India",usp000h07t
2009-08-12 03:02:53.230,13.942,93.125,35.0,4.4,"251 km N of Bamboo Flat, India",usp000h07z
2009-08-12 04:09:03.880,13.959,93.06,35.0,4.0,"252 km N of Bamboo Flat, India",usp000h080
2009-08-12 05:25:15.610,13.7,93.84,35.0,4.1,"252 km NNE of Bamboo Flat, India",usp000h086
2009-08-12 22:12:18.780,13.972,92.926,35.0,4.1,"252 km N of Bamboo Flat, India",usp000h091
2009-08-13 00:54:48.360,14.144,93.102,35.0,4.7,"273 km N of Bamboo Flat, India",usp000h098
2009-08-13 09:21:35.750,14.052,92.821,35.0,5.9,"260 km N of Bamboo Flat, India",usp000h09t
2009-08-13 14:43:39.140,14.304,93.14,35.0,4.8,"291 km N of Bamboo Flat, India",usp000h0a1
2009-08-13 19:30:00.600,14.1,93.216,35.0,4.0,"270 km NNE of Bamboo Flat, India",usp000h0aq
2009-08-13 20:49:30.820,13.945,93.05,35.0,4.7,"250 km N of Bamboo Flat, India",usp000h0at
2009-08-14 03:53:32.230,13.907,92.912,30.4,4.5,"245 km N of Bamboo Flat, India",usp000h0ba
2009-08-14 10:52:56.620,13.865,92.837,35.0,4.3,"239 km N of Bamboo Flat, India",usp000h0c0
2009-08-14 19:39:49.900,13.961,93.023,25.6,5.0,"252 km N of Bamboo Flat, India",usp000h0cf
2009-08-15 05:07:55.750,14.304,93.055,35.0,4.3,"290 km N of Bamboo Flat, India",usp000h0d4
2009-08-16 22:50:14.060,13.93,93.085,35.0,4.1,"249 km N of Bamboo Flat, India",usp000h0gh
2009-08-17 21:27:57.330,13.931,92.945,35.0,4.0,"248 km N of Bamboo Flat, India",usp000h0j2
2009-08-18 05:37:56.340,14.061,92.809,35.0,4.8,"261 km N of Bamboo Flat, India",usp000h0jz
2009-08-18 21:04:40.290,14.112,92.826,35.0,4.2,"267 km N of Bamboo Flat, India",usp000h0m6
2009-08-19 10:45:13.870,26.556,92.47,10.0,5.0,"9 km N of Dhing, India",usp000h0n0
2009-08-21 12:46:06.040,14.206,93.085,35.0,4.4,"280 km N of Bamboo Flat, India",usp000h0q9
2009-08-21 14:26:02.050,14.04,92.989,35.0,4.9,"260 km N of Bamboo Flat, India",usp000h0qb
2009-08-25 07:51:19.890,14.092,93.115,35.0,4.2,"268 km N of Bamboo Flat, India",usp000h0uv
2009-08-25 08:31:45.860,14.077,93.163,35.0,4.4,"267 km N of Bamboo Flat, India",usp000h0uw
2009-08-26 02:57:50.220,14.088,93.113,33.0,4.8,"267 km N of Bamboo Flat, India",usp000h0vn
2009-08-27 22:39:06.080,14.34,93.021,35.0,4.7,"293 km N of Bamboo Flat, India",usp000h0y5
2009-08-30 02:41:04.030,18.229,94.141,13.7,4.4,"124 km W of Myanaung, Myanmar",usp000h112
2009-08-30 09:34:13.180,14.208,93.075,35.0,4.7,"280 km N of Bamboo Flat, India",usp000h11p
2009-08-30 19:27:48.840,25.28,95.101,82.2,5.3,"74 km SE of Phek, India",usp000h12d
2009-08-31 10:41:31.590,14.05,92.822,34.6,4.8,"260 km N of Bamboo Flat, India",usp000h136
2009-09-02 17:21:55.570,11.027,93.603,123.7,4.8,"117 km SE of Port Blair, India",usp000h15m
2009-09-03 00:49:43.520,14.052,92.895,40.9,4.1,"260 km N of Bamboo Flat, India",usp000h15z
2009-09-03 19:51:06.960,24.332,94.669,95.0,5.9,"67 km ESE of W?ngjing, India",usp000h16n
2009-09-04 06:13:32.650,13.78,92.867,35.0,4.4,"230 km N of Bamboo Flat, India",usp000h177
2009-09-04 06:57:52.350,13.942,93.119,35.0,4.3,"251 km N of Bamboo Flat, India",usp000h17b
2009-09-05 03:19:09.510,16.081,93.671,10.0,4.6,"137 km SW of Pathein, Myanmar",usp000h189
2009-09-05 08:18:49.770,13.925,93.145,35.0,4.3,"250 km N of Bamboo Flat, India",usp000h18h
2009-09-06 01:14:39.910,13.987,92.923,33.7,4.6,"253 km N of Bamboo Flat, India",usp000h18w
2009-09-08 09:59:15.650,14.037,93.161,41.3,4.1,"263 km N of Bamboo Flat, India",usp000h1b8
2009-09-09 00:07:16.720,10.261,93.82,169.9,4.7,"194 km SE of Port Blair, India",usp000h1by
2009-09-10 09:43:07.380,27.63,103.988,35.0,4.1,"43 km NE of Zhaotong, China",usp000h1d4
2009-09-19 06:33:46.760,13.846,92.634,23.6,4.3,"237 km N of Bamboo Flat, India",usp000h1nj
2009-09-21 08:53:05.910,27.332,91.437,14.0,6.1,"11 km W of Trashigang, Bhutan",usp000h1r4
2009-09-21 09:16:54.340,27.31,91.489,10.0,4.5,"6 km WSW of Trashigang, Bhutan",usp000h1r5
2009-09-21 10:22:20.960,27.305,91.491,10.0,4.1,"6 km WSW of Trashigang, Bhutan",usp000h1r9
2009-09-21 19:38:42.330,20.404,94.793,84.2,5.7,"10 km SW of Yenangyaung, Myanmar",usp000h1rn
2009-09-22 08:27:59.310,27.289,91.526,27.9,4.0,"5 km SSW of Trashigang, Bhutan",usp000h1s0
2009-09-25 01:14:17.570,24.869,98.097,43.6,4.5,"90 km SE of Myitkyina, Myanmar",usp000h1um
2009-10-02 18:29:05.580,13.976,92.867,36.9,4.6,"252 km N of Bamboo Flat, India",usp000h28u
2009-10-05 09:46:59.360,10.696,91.566,10.0,4.5,"167 km SW of Bamboo Flat, India",usp000h2df
2009-10-05 16:53:11.850,22.132,101.882,26.2,4.4,"54 km NNW of Phôngsali, Laos",usp000h2dx
2009-10-11 18:26:11.170,23.265,94.503,88.4,4.8,"43 km SSE of Mawlaik, Myanmar",usp000h2ru
2009-10-14 01:58:37.730,20.695,101.936,10.0,4.3,"4 km W of Muang Xay, Laos",usp000h2xc
2009-10-14 23:04:54.920,10.885,92.139,21.2,4.0,"108 km SW of Port Blair, India",usp000h2ym
2009-10-15 05:17:34.210,10.7,91.73,10.0,4.5,"154 km SW of Port Blair, India",usp000h2zm
2009-10-20 08:20:04.670,16.893,95.817,10.0,4.2,"23 km NNW of Twante, Myanmar",usp000h36q
2009-10-20 09:28:45.820,12.047,94.943,11.6,4.9,"243 km E of Port Blair, India",usp000h36s
2009-10-27 18:10:16.390,14.06,93.225,54.8,4.6,"266 km NNE of Bamboo Flat, India",usp000h3g0
2009-10-29 17:00:38.600,27.262,91.417,26.0,5.1,"15 km WSW of Trashigang, Bhutan",usp000h3j5
2009-10-29 19:57:01.280,26.548,90.018,30.4,4.8,"13 km NNE of Goshaingaon, India",usp000h3j9
2009-11-01 04:51:21.560,24.839,100.968,10.0,4.4,"67 km NNW of Jianshui, China",usp000h3mn
2009-11-01 21:07:20.630,25.962,100.825,24.5,4.9,"74 km NE of Dali, China",usp000h3n9
2009-11-02 21:35:44.360,14.032,92.968,15.7,5.4,"259 km N of Bamboo Flat, India",usp000h3pb
2009-11-06 02:26:12.360,13.116,92.486,37.4,4.4,"158 km N of Bamboo Flat, India",usp000h3sw
2009-11-06 19:50:13.610,13.994,92.966,38.2,4.6,"255 km N of Bamboo Flat, India",usp000h3tk
2009-11-10 07:36:55.570,20.714,101.908,10.0,4.0,"8 km WNW of Muang Xay, Laos",usp000h3xn
2009-11-11 05:09:59.670,10.282,93.803,35.0,4.5,"191 km SE of Port Blair, India",usp000h3yh
2009-11-17 17:39:40.380,27.647,92.823,44.4,4.7,"Arunachal Pradesh, India",usp000h44w
2009-11-18 00:49:04.510,27.683,90.446,43.9,4.5,"20 km NNW of Trongsa, Bhutan",usp000h45a
2009-11-23 06:39:44.370,13.909,92.955,20.3,4.1,"245 km N of Bamboo Flat, India",usp000h4bf
2009-11-26 06:13:02.720,13.627,92.784,39.2,5.1,"213 km N of Bamboo Flat, India",usp000h4ed
2009-11-26 07:28:52.820,24.956,96.416,36.8,4.3,"109 km WSW of Myitkyina, Myanmar",usp000h4eh
2009-11-30 12:38:49.270,27.352,91.435,10.0,4.4,"11 km W of Trashigang, Bhutan",usp000h4kw
2009-12-01 11:23:28.430,27.272,91.455,10.0,4.2,"11 km SW of Trashigang, Bhutan",usp000h4mw
2009-12-01 11:40:45.670,13.622,92.793,33.6,5.3,"212 km N of Bamboo Flat, India",usp000h4mx
2009-12-07 22:16:34.310,14.107,93.182,27.7,4.1,"271 km N of Bamboo Flat, India",usp000h4uz
2009-12-09 21:55:53.620,23.481,94.538,35.0,4.5,"22 km SE of Mawlaik, Myanmar",usp000h4wx
2009-12-10 19:23:17.100,27.151,100.895,48.0,4.5,"73 km ENE of Lijiang, China",usp000h4xs
2009-12-11 16:22:17.980,21.096,92.529,34.5,4.1,"35 km NE of Tekn?f, Bangladesh",usp000h4yt
2009-12-13 14:24:58.780,21.999,91.811,17.3,4.6,"26 km WSW of S?tkania, Bangladesh",usp000h50d
2009-12-13 14:41:55.800,21.998,91.822,10.0,4.9,"25 km WSW of S?tkania, Bangladesh",usp000h50e
2009-12-16 05:29:11.110,13.909,92.942,46.4,4.3,"245 km N of Bamboo Flat, India",usp000h534
2009-12-19 06:18:14.130,23.729,94.428,74.2,4.5,"9 km NNE of Mawlaik, Myanmar",usp000h564
2009-12-26 00:23:38.570,14.001,92.862,42.6,5.0,"Andaman Islands, India region",usp000h5c9
2009-12-29 09:01:55.310,24.357,94.807,124.8,5.6,"79 km ESE of W?ngjing, India",usp000h5f4
2009-12-31 09:57:29.720,27.319,91.51,10.0,5.5,"4 km WSW of Trashigang, Bhutan",usp000h5j5
2010-01-01 02:08:21.900,26.29,99.866,10.0,5.0,"73 km SSW of Lijiang, China",usp000h5jq
2010-01-11 03:38:43.300,14.243,93.505,66.4,4.0,"294 km NNE of Bamboo Flat, India",usp000h5y6
2010-01-16 06:31:29.530,14.161,93.145,44.2,4.9,"276 km N of Bamboo Flat, India",usp000h66k
2010-01-19 00:03:08.610,20.719,94.809,99.7,4.6,"19 km S of Chauk, Myanmar",usp000h6av
2010-02-02 05:54:56.350,10.768,92.07,38.3,4.7,"123 km SW of Port Blair, India",usp000h6ve
2010-02-10 18:02:36.540,14.043,92.959,36.5,4.5,"260 km N of Bamboo Flat, India",usp000h75c
2010-02-16 04:14:23.190,13.932,93.037,41.5,4.6,"249 km N of Bamboo Flat, India",usp000h7bs
2010-02-16 07:07:49.400,13.823,92.846,35.0,4.7,"235 km N of Bamboo Flat, India",usp000h7bx
2010-02-16 20:58:01.490,27.605,92.747,48.2,4.2,"49 km NE of Bomdila, India",usp000h7ce
2010-02-19 02:15:29.850,12.957,93.656,105.5,4.8,"172 km NE of Bamboo Flat, India",usp000h7er
2010-02-20 21:07:25.510,23.219,94.639,94.8,4.8,"52 km SSE of Mawlaik, Myanmar",usp000h7h1
2010-02-23 06:55:45.560,25.818,93.282,53.9,4.7,"Assam-Nagaland-Manipur region, India",usp000h7kn
2010-02-24 14:43:31.880,26.062,93.156,52.8,4.0,"30 km ENE of Hoj?i, India",usp000h7n5
2010-02-25 03:51:49.040,14.199,93.162,34.7,4.9,"280 km N of Bamboo Flat, India",usp000h7nr
2010-02-25 04:56:51.920,25.523,101.903,10.0,5.2,"88 km NW of Lianran, China",usp000h7nu
2010-03-01 21:15:14.430,14.086,93.046,40.0,4.7,"266 km N of Bamboo Flat, India",usp000h8ev
2010-03-06 19:11:20.330,19.841,95.843,33.4,4.4,"31 km WNW of Nay Pyi Taw, Myanmar",usp000h8uw
2010-03-12 23:19:55.160,23.062,94.623,102.1,5.5,"68 km SSE of Mawlaik, Myanmar",usp000h99d
2010-03-13 08:53:31.770,15.007,96.321,35.0,4.7,"157 km SSE of Pyapon, Myanmar",usp000h9a7
2010-03-19 19:53:36.820,21.421,100.089,10.3,4.9,"91 km SW of Jinghong, China",usp000h9q4
2010-03-20 20:15:05.810,13.905,92.944,35.0,4.5,"245 km N of Bamboo Flat, India",usp000h9rw
2010-03-21 07:49:41.830,24.827,95.377,125.4,4.4,"128 km SE of Phek, India",usp000h9sm
2010-03-27 17:19:59.950,13.556,92.914,17.9,4.1,"206 km N of Bamboo Flat, India",usp000ha1d
2010-03-30 16:54:46.730,13.667,92.831,34.0,6.6,"217 km N of Bamboo Flat, India",usp000ha59
2010-03-30 17:14:44.820,13.555,92.741,35.0,4.4,"205 km N of Bamboo Flat, India",usp000ha5a
2010-03-30 20:33:35.930,13.653,92.739,23.0,4.4,"216 km N of Bamboo Flat, India",usp000ha5f
2010-03-31 07:21:14.560,13.608,92.627,35.0,4.0,"211 km N of Bamboo Flat, India",usp000ha61
2010-04-01 07:19:59.850,13.613,92.915,35.0,4.9,"212 km N of Bamboo Flat, India",usp000ha6m
2010-04-01 17:27:26.920,24.946,98.437,37.0,4.1,"115 km ESE of Myitkyina, Myanmar",usp000ha7a
2010-04-02 20:26:32.710,22.283,100.287,20.0,4.2,"Yunnan, China",usp000ha91
2010-04-04 02:40:58.600,10.855,92.134,34.8,4.0,"111 km SW of Port Blair, India",usp000haar
2010-04-09 17:59:42.690,14.523,92.998,35.0,4.8,"Andaman Islands, India region",usp000hb2d
2010-04-09 18:02:23.120,14.405,93.114,35.0,4.8,"Andaman Islands, India region",usp000hb2e
2010-04-19 13:54:06.430,10.967,93.644,149.5,4.8,"124 km SE of Port Blair, India",usp000hbns
2010-04-24 22:50:26.970,13.676,92.843,35.0,4.2,"219 km N of Bamboo Flat, India",usp000hbv7
2010-04-28 18:01:21.250,19.392,93.163,35.9,5.2,"87 km SSE of Sittwe, Myanmar",usp000hc1b
2010-04-28 18:54:42.010,24.151,94.39,64.5,4.5,"56 km N of Mawlaik, Myanmar",usp000hc1e
2010-05-01 21:18:56.580,13.624,92.777,35.8,5.0,"212 km N of Bamboo Flat, India",usp000hc65
2010-05-02 01:31:48.130,10.961,94.817,35.0,4.2,"239 km ESE of Port Blair, India",usp000hc6d
2010-05-02 05:53:43.140,13.633,92.75,35.0,4.5,"213 km N of Bamboo Flat, India",usp000hc6w
2010-05-05 09:31:10.520,14.362,93.054,43.0,4.4,"296 km N of Bamboo Flat, India",usp000hcbh
2010-05-07 09:23:52.830,13.695,92.84,35.0,4.9,"221 km N of Bamboo Flat, India",usp000hceg
2010-05-10 17:49:23.330,26.027,103.683,10.0,4.2,"61 km N of Qujing, China",usp000hckm
2010-05-11 19:45:08.110,21.316,101.777,10.0,4.1,"52 km SW of Phôngsali, Laos",usp000hcmy
2010-05-13 00:19:29.090,14.29,93.131,33.9,4.2,"290 km N of Bamboo Flat, India",usp000hcpd
2010-05-14 11:31:30.100,14.009,92.851,33.1,4.3,"255 km N of Bamboo Flat, India",usp000hcrb
2010-05-14 14:46:27.340,29.664,90.36,10.0,4.9,"47 km SW of Dêqên, China",usp000hcrk
2010-05-14 16:59:17.750,14.012,92.959,35.0,4.4,"257 km N of Bamboo Flat, India",usp000hcrp
2010-05-16 08:55:46.290,14.423,93.18,38.7,5.3,"Andaman Islands, India region",usp000hctw
2010-05-17 09:19:13.720,13.931,93.04,35.0,4.1,"249 km N of Bamboo Flat, India",usp000hcv7
2010-05-18 09:32:23.950,12.559,95.107,36.1,4.0,"275 km ENE of Port Blair, India",usp000hcwg
2010-05-22 17:40:31.120,14.06,92.755,35.4,4.3,"261 km N of Bamboo Flat, India",usp000hd22
2010-05-25 00:52:01.360,11.219,92.178,35.0,4.6,"79 km SW of Bamboo Flat, India",usp000hd52
2010-05-31 19:51:45.870,11.132,93.471,112.0,6.5,"98 km SE of Port Blair, India",usp000hde8
2010-06-01 03:54:24.460,25.048,96.501,29.9,4.6,"97 km WSW of Myitkyina, Myanmar",usp000hdeq
2010-06-01 15:58:13.400,24.917,99.304,39.8,4.9,"117 km SW of Dali, China",usp000hdf8
2010-06-06 03:03:59.910,25.0,99.718,10.0,4.2,"81 km SW of Dali, China",usp000hdn3
2010-06-06 03:08:51.860,24.918,99.597,10.0,4.4,"96 km SW of Dali, China",usp000hdn4
2010-06-06 03:12:27.600,24.862,99.305,10.0,4.1,"121 km SW of Dali, China",usp000hdn5
2010-06-12 20:22:00.280,24.55,94.81,113.9,4.4,"75 km E of W?ngjing, India",usp000hdwe
2010-06-16 07:50:44.880,14.074,92.865,47.0,4.8,"263 km N of Bamboo Flat, India",usp000he4e
2010-06-18 03:20:36.770,16.863,94.694,10.0,4.0,"10 km NNW of Pathein, Myanmar",usp000he7t
2010-06-18 23:09:31.020,13.197,93.087,20.0,5.9,"170 km NNE of Bamboo Flat, India",usp000he8q
2010-06-23 01:57:33.240,25.673,95.12,87.6,4.0,"62 km E of Phek, India",usp000hedf
2010-06-27 09:43:51.360,14.002,95.347,34.8,5.0,"253 km S of Bogale, Myanmar",usp000hekm
2010-06-27 10:51:47.720,13.417,95.768,39.6,5.0,"272 km WSW of Dawei, Myanmar",usp000hekp
2010-07-02 18:20:25.160,25.309,96.747,35.0,4.4,"65 km W of Myitkyina, Myanmar",usp000heu0
2010-07-02 18:23:09.050,10.227,92.249,24.8,5.4,"168 km SSW of Port Blair, India",usp000heu1
2010-07-04 11:16:46.190,10.49,93.742,35.4,4.4,"169 km SE of Port Blair, India",usp000hew7
2010-07-06 09:31:44.090,27.682,92.674,69.7,4.3,"52 km NNE of Bomdila, India",usp000heym
2010-07-08 13:46:58.420,14.372,93.26,35.0,5.0,"Andaman Islands, India region",usp000hf1a
2010-07-09 02:08:40.310,11.168,93.358,107.0,4.2,"86 km SE of Port Blair, India",usp000hf1w
2010-07-09 20:41:03.330,23.653,103.184,10.0,4.3,"13 km WSW of Kaiyuan, China",usp000hf2t
2010-07-15 01:30:32.120,22.272,93.595,67.2,4.6,"41 km S of Hakha, Myanmar",usp000hfa9
2010-07-21 02:57:22.830,27.298,91.219,44.5,4.5,"3 km NW of Mongar, Bhutan",usp000hg94
2010-07-22 06:20:28.340,10.95,91.774,35.0,4.6,"132 km SW of Bamboo Flat, India",usp000hgex
2010-07-22 16:11:11.920,10.996,91.874,10.0,4.5,"120 km SW of Bamboo Flat, India",usp000hgg6
2010-07-25 06:25:12.780,10.869,91.899,30.0,4.0,"127 km SW of Port Blair, India",usp000hgru
2010-07-25 08:57:03.950,16.345,94.611,10.0,4.6,"49 km SSW of Pathein, Myanmar",usp000hgs8
2010-07-25 13:31:52.160,16.136,94.568,10.0,4.0,"73 km SSW of Pathein, Myanmar",usp000hgss
2010-07-27 14:23:46.600,23.272,94.729,111.6,4.1,"52 km SE of Mawlaik, Myanmar",usp000hgww
2010-07-30 09:58:47.290,14.069,93.128,35.0,4.0,"265 km N of Bamboo Flat, India",usp000hh59
2010-08-02 04:49:28.840,13.918,93.061,36.3,4.0,"248 km N of Bamboo Flat, India",usp000hhbx
2010-08-03 01:48:12.880,10.94,93.246,83.8,5.1,"97 km SE of Port Blair, India",usp000hhdk
2010-08-04 05:41:24.190,26.221,96.89,36.4,4.1,"8 km ENE of Sarupathar, India",usp000hhfe
2010-08-05 18:14:19.320,26.372,97.02,38.8,4.2,"27 km NE of Sarupathar, India",usp000hhm2
2010-08-05 18:17:46.990,26.329,96.998,25.8,4.6,"23 km NE of Sarupathar, India",usp000hhm3
2010-08-06 20:25:25.550,22.882,94.097,77.8,4.1,"43 km E of Falam, Myanmar",usp000hhp7
2010-08-08 13:31:18.190,24.891,95.024,45.9,4.0,"100 km SSE of Phek, India",usp000hhs1
2010-08-09 22:21:43.230,13.608,92.817,20.9,5.2,"211 km N of Bamboo Flat, India",usp000hhu0
2010-08-14 19:42:00.210,10.933,92.248,35.0,4.2,"97 km SW of Port Blair, India",usp000hj6b
2010-08-17 01:39:28.500,11.602,94.973,13.8,5.4,"242 km E of Port Blair, India",usp000hjar
2010-08-18 04:41:44.140,13.854,93.355,42.5,4.2,"248 km NNE of Bamboo Flat, India",usp000hjcq
2010-08-19 22:19:18.580,11.141,95.071,20.0,5.1,"260 km ESE of Port Blair, India",usp000hjft
2010-08-25 04:47:18.810,11.673,95.239,35.0,4.2,"271 km E of Port Blair, India",usp000hjqx
2010-08-25 08:26:10.420,13.909,93.024,35.0,4.2,"246 km N of Bamboo Flat, India",usp000hjr4
2010-08-26 04:04:41.540,10.137,93.636,77.6,4.3,"195 km SSE of Port Blair, India",usp000hjsg
2010-08-27 15:42:08.820,10.946,92.107,35.0,4.4,"Andaman Islands, India region",usp000hjug
2010-08-29 00:53:31.450,27.197,103.005,35.0,4.9,"71 km W of Zhaotong, China",usp000hjw4
2010-08-30 09:39:26.180,25.148,95.176,111.6,4.7,"89 km SE of Phek, India",usp000hjy8
2010-09-02 00:16:39.460,12.788,92.563,24.7,5.1,"121 km N of Bamboo Flat, India",usp000hk1h
2010-09-10 17:24:16.610,23.407,90.648,10.0,5.1,"27 km S of Son?rgaon, Bangladesh",usp000hkhw
2010-09-11 07:02:09.110,25.72,90.205,22.3,4.5,"22 km N of Tura, India",usp000hkjm
2010-09-12 01:32:30.950,11.455,94.867,13.0,4.5,"232 km E of Port Blair, India",usp000hkkp
2010-09-19 11:10:17.570,11.078,94.999,12.8,4.9,"254 km ESE of Port Blair, India",usp000hkxy
2010-09-19 11:28:03.950,11.099,95.192,35.0,4.4,"274 km ESE of Port Blair, India",usp000hkxz
2010-09-22 11:19:32.980,27.215,103.069,33.2,4.2,"65 km W of Zhaotong, China",usp000hm26
2010-09-27 04:36:53.110,12.34,92.573,23.9,4.6,"72 km NNW of Bamboo Flat, India",usp000hm89
2010-10-03 02:58:10.800,14.014,93.019,38.7,4.8,"258 km N of Bamboo Flat, India",usp000hmh3
2010-10-06 04:51:04.790,28.357,104.942,54.5,4.4,"24 km ESE of Xunchang, China",usp000hmp1
2010-10-17 05:32:31.040,10.74,91.115,10.0,4.9,"204 km WSW of Bamboo Flat, India",usp000hn6q
2010-10-17 10:15:11.730,12.964,92.355,35.0,5.0,"145 km NNW of Bamboo Flat, India",usp000hn73
2010-10-17 21:49:42.070,28.031,104.212,35.0,5.0,"68 km SW of Xunchang, China",usp000hn7u
2010-10-21 20:07:08.830,14.136,92.94,28.7,4.6,"270 km N of Bamboo Flat, India",usp000hncr
2010-10-28 07:41:01.710,28.397,92.896,79.4,4.6,"128 km NW of Ziro, India",usp000hnpr
2010-10-30 09:15:58.730,18.267,94.501,10.0,4.2,"86 km W of Myanaung, Myanmar",usp000hnt1
2010-11-09 15:01:41.600,10.808,92.044,42.3,4.4,"122 km SW of Port Blair, India",usp000hpaz
2010-11-15 00:29:23.370,13.85,93.555,40.0,4.9,"254 km NNE of Bamboo Flat, India",usp000hpnn
2010-11-17 04:37:15.670,28.469,94.174,35.6,4.6,"20 km WSW of Shi Yomi, India",usp000hpsm
2010-11-23 20:34:10.700,23.376,94.218,85.9,4.6,"35 km SSW of Mawlaik, Myanmar",usp000hq0j
2010-11-27 14:34:22.880,19.312,95.625,40.0,4.6,"43 km E of Myaydo, Myanmar",usp000hq73
2010-11-30 08:39:56.920,29.775,90.329,10.0,5.3,"42 km WSW of Dêqên, China",usp000hqb2
2010-12-03 14:30:59.140,27.234,103.049,43.0,4.6,"66 km W of Zhaotong, China",usp000hqfb
2010-12-09 15:46:56.400,13.081,92.58,32.9,4.9,"153 km N of Bamboo Flat, India",usp000hqqs
2010-12-12 01:40:06.960,24.792,93.304,47.4,4.8,"29 km E of Lakhipur, India",usp000hqu1
2010-12-23 23:24:14.440,10.641,93.333,20.0,4.0,"130 km SSE of Port Blair, India",usp000hrrq
2010-12-29 14:03:57.700,25.488,92.432,29.8,4.1,"55 km E of Shillong, India",usp000hs8t
2010-12-30 18:50:19.100,20.865,103.419,10.0,4.8,"70 km SE of Dien Bien Phu, Vietnam",usp000hsat
2011-01-01 07:32:05.300,24.588,98.024,35.7,4.5,"88 km ENE of Bhamo, Myanmar",usp000hsda
2011-01-01 17:36:11.140,14.385,93.165,37.5,4.7,"Andaman Islands, India region",usp000hsdq
2011-01-01 23:33:39.490,24.653,97.918,21.4,5.0,"82 km ENE of Bhamo, Myanmar",usp000hse3
2011-01-01 23:44:35.860,24.538,97.866,35.0,4.1,"71 km ENE of Bhamo, Myanmar",usp000hse7
2011-01-06 21:02:14.530,10.299,92.468,36.5,4.0,"154 km SSW of Port Blair, India",usp000hsp2
2011-01-12 23:54:32.180,11.295,91.971,30.6,4.4,"92 km WSW of Bamboo Flat, India",usp000hszv
2011-01-15 06:32:48.040,27.663,101.17,8.7,4.3,"110 km WSW of Xichang, China",usp000ht51
2011-01-18 02:15:50.690,24.401,94.756,95.9,4.8,"73 km ESE of W?ngjing, India",usp000ht9t
2011-01-23 15:46:19.830,23.034,101.689,10.0,4.2,"145 km SSE of Jianshui, China",usp000htje
2011-01-27 06:10:40.930,23.811,92.9,10.0,4.1,"20 km ENE of Aizawl, India",usp000htpt
2011-01-27 22:40:05.190,24.267,94.627,86.3,4.7,"67 km ESE of W?ngjing, India",usp000htr2
2011-02-01 07:11:26.050,24.693,97.943,31.1,4.8,"86 km NE of Bhamo, Myanmar",usp000htxw
2011-02-01 10:24:22.510,14.265,96.546,35.0,4.5,"178 km W of Dawei, Myanmar",usp000hty7
2011-02-01 13:39:47.000,10.622,94.109,21.8,5.6,"188 km SE of Port Blair, India",usp000htye
2011-02-02 13:11:19.100,13.879,93.008,31.2,4.5,"243 km N of Bamboo Flat, India",usp000htzq
2011-02-04 13:53:46.260,24.618,94.68,85.0,6.2,"62 km E of W?ngjing, India",usp000hu2t
2011-02-04 14:06:38.220,24.531,94.805,78.4,4.1,"75 km E of W?ngjing, India",usp000hu2v
2011-02-11 18:14:54.010,12.906,92.486,30.0,4.2,"135 km N of Bamboo Flat, India",usp000hubz
2011-02-12 05:44:20.670,27.255,103.028,45.4,4.8,"68 km W of Zhaotong, China",usp000hudj
2011-02-12 10:22:41.460,23.248,90.998,10.0,4.1,"12 km W of L?ksh?m, Bangladesh",usp000hudt
2011-02-13 00:12:07.270,13.904,92.928,38.0,4.5,"244 km N of Bamboo Flat, India",usp000huej
2011-02-13 16:42:10.900,22.752,94.547,100.5,4.4,"90 km ESE of Falam, Myanmar",usp000hufd
2011-02-14 23:44:33.550,26.114,96.326,59.1,4.8,"49 km WSW of Sarupathar, India",usp000huhr
2011-02-16 10:55:26.180,10.578,91.741,21.0,4.7,"162 km SW of Port Blair, India",usp000hukt
2011-02-22 22:57:27.230,24.485,94.747,87.3,4.0,"70 km E of W?ngjing, India",usp000huy9
2011-02-23 15:53:16.270,18.915,101.727,10.0,4.6,"37 km S of Sainyabuli, Laos",usp000huzp
2011-02-24 08:28:14.560,19.55,95.124,83.6,4.7,"22 km NNW of Myaydo, Myanmar",usp000hv0y
2011-02-28 00:55:04.650,19.98,95.333,117.4,4.6,"22 km W of Taungdwingyi, Myanmar",usp000hv5b
2011-03-01 07:13:53.900,28.221,104.973,36.4,4.2,"36 km SE of Xunchang, China",usp000hv77
2011-03-06 00:18:24.470,23.946,93.989,63.3,4.4,"53 km SE of Chur?ch?ndpur, India",usp000hvd7
2011-03-08 17:48:31.780,22.948,94.334,88.8,4.3,"67 km E of Falam, Myanmar",usp000hvh0
2011-03-10 04:58:13.750,24.727,97.957,10.0,5.5,"90 km NE of Bhamo, Myanmar",usp000hvm3
2011-03-10 05:03:59.220,24.732,98.236,10.0,4.3,"111 km SE of Myitkyina, Myanmar",usp000hvm6
2011-03-10 05:04:52.890,24.616,98.192,10.0,4.3,"105 km ENE of Bhamo, Myanmar",usp000hvm7
2011-03-12 10:46:00.950,24.59,94.717,87.7,4.4,"66 km E of W?ngjing, India",usp000hwe9
2011-03-19 12:42:41.210,12.95,92.42,30.4,4.8,"141 km NNW of Bamboo Flat, India",usp000hxxu
2011-03-20 17:31:31.930,22.803,94.571,73.8,4.7,"92 km E of Falam, Myanmar",usp000hy2v
2011-03-24 13:55:12.010,20.687,99.822,8.0,6.9,"27 km NNW of Tachilek, Myanmar",usp000hyfx
2011-03-24 14:23:53.000,20.655,99.93,11.1,4.8,"23 km NNE of Tachilek, Myanmar",usp000hyfz
2011-03-24 15:54:35.150,20.65,99.77,10.0,5.7,"25 km NNW of Tachilek, Myanmar",usp000hyg5
2011-03-24 17:20:10.690,20.751,100.161,10.0,4.4,"44 km NE of Tachilek, Myanmar",usp000hygb
2011-03-25 00:22:39.300,20.712,99.879,10.0,5.0,"29 km N of Tachilek, Myanmar",usp000hyhd
2011-03-25 03:26:02.460,20.583,99.586,10.0,4.1,"34 km WNW of Tachilek, Myanmar",usp000hyhq
2011-03-25 06:30:39.150,20.702,100.114,8.1,4.6,"37 km NE of Tachilek, Myanmar",usp000hyj0
2011-03-26 05:57:33.380,20.737,100.114,27.7,5.0,"40 km NE of Tachilek, Myanmar",usp000hymj
2011-03-26 20:49:42.980,20.572,99.816,10.0,4.3,"15 km NNW of Tachilek, Myanmar",usp000hyp9
2011-03-27 00:35:48.710,20.535,99.851,10.0,4.1,Myanmar,usp000hypq
2011-03-31 22:54:30.310,24.686,98.168,10.0,4.0,"106 km ENE of Bhamo, Myanmar",usp000hz15
2011-04-07 10:34:40.610,22.09,94.806,118.6,4.2,"34 km W of Monywa, Myanmar",usp000hzew
2011-04-08 05:39:38.470,21.654,94.679,103.9,4.5,"54 km NW of Pakokku, Myanmar",usp000hzh3
2011-04-09 03:33:01.320,26.923,97.2,29.2,4.4,"88 km NNE of Sarupathar, India",usp000hzk8
2011-04-15 07:44:50.640,26.686,103.058,46.8,4.8,"95 km SW of Zhaotong, China",usp000hzzy
2011-04-15 12:43:00.620,10.693,91.736,37.2,4.3,"154 km SW of Port Blair, India",usp000j00g
2011-04-15 18:24:01.750,10.704,91.752,41.6,4.3,"152 km SW of Port Blair, India",usp000j012
2011-04-18 01:06:52.620,12.972,93.306,55.1,4.4,"154 km NNE of Bamboo Flat, India",usp000j05q
2011-04-18 09:33:31.550,26.119,95.279,85.1,4.1,"48 km ESE of Tuensang, India",usp000j06h
2011-04-19 03:34:07.100,24.487,94.561,84.9,4.5,"51 km ESE of W?ngjing, India",usp000j07t
2011-04-19 13:39:37.350,23.772,92.866,38.1,4.1,"15 km ENE of Aizawl, India",usp000j08n
2011-04-19 17:20:57.450,28.279,104.901,55.3,4.4,"26 km SE of Xunchang, China",usp000j08x
2011-04-22 08:13:16.310,23.857,96.067,47.3,4.3,"113 km NNW of Mogok, Myanmar",usp000j0de
2011-04-26 00:31:46.830,13.579,92.685,35.0,4.0,"207 km N of Bamboo Flat, India",usp000j0kk
2011-04-26 17:00:35.530,25.076,93.044,60.1,4.4,"10 km SSE of H?flong, India",usp000j0mz
2011-04-29 02:39:20.980,25.361,95.099,105.0,4.3,"69 km ESE of Phek, India",usp000j0r9
2011-04-29 14:25:48.840,26.027,97.045,35.0,4.0,"30 km SE of Sarupathar, India",usp000j0s1
2011-05-02 13:46:17.390,20.431,94.08,62.3,4.2,"82 km W of Yenangyaung, Myanmar",usp000j0wu
2011-05-02 20:32:01.070,14.357,93.246,35.0,4.1,"299 km N of Bamboo Flat, India",usp000j0xc
2011-05-03 14:39:00.160,23.686,91.321,10.0,4.0,"8 km NNW of Barjala, India",usp000j0yk
2011-05-05 22:03:29.320,13.587,92.879,33.7,4.4,"209 km N of Bamboo Flat, India",usp000j12f
2011-05-06 21:58:22.470,26.551,103.069,10.0,4.1,"106 km SW of Zhaotong, China",usp000j149
2011-05-07 01:47:15.690,23.077,94.971,164.6,4.7,"85 km SE of Mawlaik, Myanmar",usp000j14t
2011-05-07 13:01:59.310,20.971,103.684,10.0,4.1,"46 km SSW of S?n La, Vietnam",usp000j15q
2011-05-15 15:32:46.360,26.073,96.621,25.7,4.2,"23 km SW of Sarupathar, India",usp000j1n8
2011-05-17 07:02:45.660,20.183,91.295,10.0,4.7,"128 km SW of Tekn?f, Bangladesh",usp000j1qj
2011-05-21 20:31:17.660,22.818,103.623,10.0,4.1,"51 km NW of Lào Cai, Vietnam",usp000j1yz
2011-05-24 03:14:22.990,25.102,92.307,47.0,4.1,"26 km N of Kar?mganj, India",usp000j24a
2011-05-28 06:22:12.600,10.77,91.77,35.0,4.6,"145 km SW of Port Blair, India",usp000j2b7
2011-05-30 19:17:34.630,24.221,94.509,81.5,4.0,"60 km SE of W?ngjing, India",usp000j2ez
2011-05-31 13:13:42.290,25.062,98.79,34.5,4.7,Myanmar-China border region,usp000j2gd
2011-05-31 18:45:12.930,24.542,94.552,54.2,4.3,Myanmar-India border region,usp000j2gn
2011-06-01 08:38:05.060,25.429,96.743,41.5,4.2,"65 km W of Myitkyina, Myanmar",usp000j2hn
2011-06-09 09:51:03.850,14.123,92.876,39.6,4.9,"268 km N of Bamboo Flat, India",usp000j2wn
2011-06-18 10:03:49.080,13.57,92.894,16.8,4.5,"207 km N of Bamboo Flat, India",usp000j3c9
2011-06-20 10:16:55.280,25.075,98.721,39.0,5.0,"137 km ESE of Myitkyina, Myanmar",usp000j3fe
2011-06-22 01:42:11.070,25.592,99.817,14.7,4.4,"39 km W of Dali, China",usp000j3j2
2011-06-23 12:39:39.910,23.887,91.484,35.0,4.4,"13 km ENE of R?n?r B?z?r, India",usp000j3m2
2011-06-24 13:34:22.200,29.326,101.081,38.5,4.7,"113 km SW of Kangding, China",usp000j3p5
2011-06-25 23:40:40.890,23.734,94.259,81.4,4.7,"17 km NW of Mawlaik, Myanmar",usp000j3s0
2011-06-26 02:27:08.130,23.809,96.391,66.3,4.3,"98 km WSW of Bhamo, Myanmar",usp000j3s6
2011-07-10 00:40:26.740,21.088,93.901,70.9,4.9,"97 km WNW of Chauk, Myanmar",usp000j4gk
2011-07-10 23:15:58.110,21.048,93.945,76.0,4.4,"92 km W of Chauk, Myanmar",usp000j4k4
2011-07-12 02:55:15.170,13.475,92.731,35.8,4.2,"196 km N of Bamboo Flat, India",usp000j4qj
2011-07-14 22:48:10.830,27.123,97.061,35.0,4.4,"104 km NNE of Sarupathar, India",usp000j4xa
2011-07-22 00:58:52.770,24.532,92.072,43.7,4.0,"20 km NNW of Dharmanagar, India",usp000j59u
2011-07-22 12:34:20.700,13.835,92.843,35.0,4.4,"236 km N of Bamboo Flat, India",usp000j5ax
2011-07-25 15:33:35.580,29.885,102.973,35.0,4.2,"75 km SW of Linqiong, China",usp000j5g1
2011-07-28 21:59:48.940,27.81,100.99,10.0,4.1,"125 km W of Xichang, China",usp000j5mw
2011-08-05 16:23:44.810,24.805,95.156,114.6,4.2,"112 km E of Yairipok, India",usp000j60v
2011-08-07 00:02:50.100,22.36,93.704,43.1,4.3,"32 km SSE of Hakha, Myanmar",usp000j63u
2011-08-08 05:42:10.690,29.61,102.826,35.0,4.2,"91 km W of Leshan, China",usp000j65u
2011-08-08 18:54:41.050,22.753,94.116,39.2,4.4,"48 km ESE of Falam, Myanmar",usp000j66f
2011-08-09 11:50:22.270,24.932,98.73,40.1,5.1,"143 km ESE of Myitkyina, Myanmar",usp000j67a
2011-08-09 17:43:31.830,21.807,94.369,87.6,4.4,"85 km WSW of Monywa, Myanmar",usp000j67v
2011-08-21 17:43:38.030,15.036,94.314,35.0,4.2,"180 km SW of Mawlamyinegyunn, Myanmar",usp000j6ty
2011-08-22 16:35:43.170,12.997,93.247,45.1,4.4,"154 km NNE of Bamboo Flat, India",usp000j6vm
2011-08-27 00:55:59.150,23.355,90.63,10.0,4.2,"25 km WNW of H?j?ganj, Bangladesh",usp000j733
2011-08-28 04:40:45.350,26.521,96.748,121.7,4.5,"35 km N of Sarupathar, India",usp000j75n
2011-08-30 16:23:56.710,24.639,98.019,43.6,4.4,"90 km ENE of Bhamo, Myanmar",usp000j799
2011-09-18 19:20:54.830,25.759,91.178,37.1,4.0,"28 km NNW of Nongstoin, India",usp000j88t
2011-09-19 08:04:13.690,25.002,95.178,116.8,4.5,"100 km SE of Phek, India",usp000j89h
2011-09-22 14:17:34.580,23.647,95.067,139.3,4.7,"67 km E of Mawlaik, Myanmar",usp000j8db
2011-09-23 13:23:19.430,24.307,93.994,56.4,4.4,"21 km S of Kakching, India",usp000j8f8
2011-09-23 21:38:38.190,24.258,98.241,40.6,4.2,"102 km E of Bhamo, Myanmar",usp000j8ft
2011-09-25 11:22:18.580,12.745,92.424,37.3,5.1,"119 km NNW of Bamboo Flat, India",usp000j8hs
2011-09-28 14:40:01.380,13.932,93.094,35.7,4.2,"250 km N of Bamboo Flat, India",usp000j8pa
2011-10-01 01:18:49.880,12.939,95.847,42.3,4.6,"283 km WSW of Dawei, Myanmar",usp000j8ss
2011-10-01 04:22:19.210,12.969,95.838,46.8,5.2,"282 km WSW of Dawei, Myanmar",usp000j8t0
2011-10-01 12:14:28.870,12.909,95.66,35.0,4.2,"Andaman Islands, India region",usp000j8tc
2011-10-01 12:18:00.990,12.89,95.885,35.0,4.1,"282 km WSW of Dawei, Myanmar",usp000j8td
2011-10-01 12:48:57.410,12.989,95.784,15.1,5.0,"287 km WSW of Dawei, Myanmar",usp000j8te
2011-10-01 13:08:02.550,12.963,95.813,35.0,4.2,"285 km WSW of Dawei, Myanmar",usp000j8tg
2011-10-01 17:54:15.250,12.874,95.923,14.9,4.5,"279 km WSW of Dawei, Myanmar",usp000j8tq
2011-10-03 04:35:03.360,13.071,95.797,42.9,4.8,"282 km WSW of Dawei, Myanmar",usp000j8vc
2011-10-05 18:54:26.410,29.809,97.695,42.9,4.4,Eastern Xizang,usp000j8yx
2011-10-11 13:40:29.360,13.721,93.823,73.1,4.9,"253 km NNE of Bamboo Flat, India",usp000j97v
2011-10-16 00:53:46.650,23.173,93.732,66.6,4.2,"29 km N of Falam, Myanmar",usp000j9db
2011-10-16 03:53:31.440,26.619,100.995,10.0,4.0,"71 km W of Dadukou, China",usp000j9df
2011-10-16 03:54:46.350,26.788,101.191,10.0,4.3,"57 km WNW of Dadukou, China",usp000j9dg
2011-10-21 08:29:26.020,27.131,91.28,27.0,4.5,"15 km NW of Pemagatshel, Bhutan",usp000j9n2
2011-10-21 14:40:36.320,24.884,94.211,65.9,4.5,"28 km NE of Yairipok, India",usp000j9nb
2011-10-29 07:51:37.070,24.19,93.516,35.0,4.7,"22 km SW of Chur?ch?ndpur, India",usp000ja2s
2011-11-04 10:14:43.240,24.923,95.588,160.3,4.7,"137 km SE of Phek, India",usp000jaaq
2011-11-04 23:43:43.020,26.247,99.473,10.0,4.1,"101 km SW of Lijiang, China",usp000jabm
2011-11-15 10:18:41.330,11.143,93.648,143.0,4.7,"114 km ESE of Port Blair, India",usp000jawm
2011-11-21 03:15:41.560,24.96,95.232,107.0,5.7,"107 km SE of Phek, India",usp000jb6k
2011-11-28 15:06:52.140,25.2,97.602,35.3,5.2,"29 km SE of Myitkyina, Myanmar",usp000jbjb
2011-11-29 13:37:19.070,21.388,94.345,81.6,4.8,"73 km NW of Chauk, Myanmar",usp000jbkk
2011-11-29 15:15:58.160,25.182,97.699,10.0,4.3,"37 km SE of Myitkyina, Myanmar",usp000jbku
2011-12-05 05:59:09.350,12.484,93.256,81.1,4.6,"104 km NE of Bamboo Flat, India",usp000jbuh
2011-12-05 20:37:51.940,27.408,103.348,50.6,4.6,"37 km WNW of Zhaotong, China",usp000jbvk
2011-12-06 01:22:27.860,12.213,91.857,37.9,4.7,"109 km WNW of Bamboo Flat, India",usp000jbvs
2011-12-07 06:10:42.680,12.48,93.745,121.7,4.3,"141 km NE of Port Blair, India",usp000jbx6
2011-12-10 11:44:18.920,15.946,95.18,10.0,4.1,"45 km SSW of Bogale, Myanmar",usp000jc12
2011-12-12 04:45:44.120,24.886,95.26,122.4,4.6,"115 km SE of Phek, India",usp000jc3n
2011-12-15 04:51:02.120,14.045,93.148,54.3,4.7,"263 km N of Bamboo Flat, India",usp000jc79
2011-12-24 15:14:16.850,22.546,98.568,10.0,4.0,"94 km ESE of Lashio, Myanmar",usp000jckc
2011-12-25 04:17:13.940,12.832,93.167,35.0,4.0,"134 km NNE of Bamboo Flat, India",usp000jcm9
2011-12-26 10:40:30.700,23.355,94.255,73.8,4.7,"35 km SSW of Mawlaik, Myanmar",usp000jcnm
2011-12-31 16:18:50.470,10.509,91.745,35.0,4.3,"168 km SW of Port Blair, India",usp000jcw2
2012-01-01 02:35:21.110,23.472,91.834,27.8,4.6,"18 km ESE of Amarpur, India",usp000jcwj
2012-01-01 05:19:34.930,10.632,91.737,10.0,4.6,"158 km SW of Port Blair, India",usp000jcwr
2012-01-05 05:27:21.400,12.841,95.505,10.0,4.2,"Andaman Islands, India region",usp000jd2d
2012-01-06 05:28:55.460,25.613,96.963,51.2,4.4,"50 km WNW of Myitkyina, Myanmar",usp000jd40
2012-01-11 22:23:20.470,25.203,95.153,105.3,4.6,"83 km SE of Phek, India",usp000jdc9
2012-01-20 21:28:55.660,10.602,91.816,35.0,4.3,"155 km SW of Port Blair, India",usp000jds4
2012-01-21 07:11:05.730,12.977,93.284,54.4,4.4,"154 km NNE of Bamboo Flat, India",usp000jdsq
2012-02-06 23:16:53.560,13.645,93.027,35.0,4.8,"217 km N of Bamboo Flat, India",usp000jem5
2012-02-10 15:45:17.090,26.046,94.248,42.6,4.3,"5 km S of Wokha, India",usp000jesw
2012-02-10 19:10:01.850,26.146,94.253,52.3,4.8,"5 km N of Wokha, India",usp000jet4
2012-02-15 15:36:47.630,17.707,96.131,10.0,4.4,"36 km E of Tharyarwady, Myanmar",usp000jeze
2012-02-27 05:19:03.980,12.249,92.683,39.8,4.6,"60 km N of Bamboo Flat, India",usp000jfg2
2012-02-28 20:55:46.610,23.999,94.613,54.9,4.6,"44 km NNE of Mawlaik, Myanmar",usp000jfjg
2012-03-01 17:25:48.650,27.447,91.237,53.6,4.6,"19 km N of Mongar, Bhutan",usp000jfnj
2012-03-01 17:52:43.870,13.004,92.558,37.9,4.8,"145 km N of Bamboo Flat, India",usp000jfnm
2012-03-04 23:40:47.220,12.779,93.448,71.1,4.2,"143 km NE of Bamboo Flat, India",usp000jft4
2012-03-10 12:18:29.480,11.517,92.036,35.0,4.5,"76 km WSW of Bamboo Flat, India",usp000jg1f
2012-03-14 15:39:03.070,10.697,93.994,74.1,4.3,"173 km SE of Port Blair, India",usp000jg8a
2012-03-14 15:40:21.300,22.921,94.466,101.5,4.0,Myanmar,usp000jg8b
2012-03-14 17:01:50.650,10.679,94.004,68.3,4.9,"Andaman Islands, India region",usp000jg8g
2012-03-14 17:41:10.140,10.535,93.854,58.2,5.0,"174 km SE of Port Blair, India",usp000jg8m
2012-03-15 14:39:09.120,10.753,93.908,57.1,4.3,"162 km SE of Port Blair, India",usp000jga2
2012-03-15 14:56:00.590,10.535,93.768,35.0,4.6,"167 km SE of Port Blair, India",usp000jga3
2012-03-15 15:10:17.560,10.441,93.714,20.1,4.4,"171 km SE of Port Blair, India",usp000jga5
2012-03-15 20:45:56.400,10.465,93.691,35.0,4.2,"168 km SE of Port Blair, India",usp000jgag
2012-03-15 20:46:35.020,10.533,93.746,35.0,4.6,"166 km SE of Port Blair, India",usp000jgah
2012-03-16 04:57:03.740,10.573,93.734,39.1,4.2,"162 km SE of Port Blair, India",usp000jgaz
2012-03-16 05:58:16.980,10.478,93.661,35.0,4.6,"165 km SE of Port Blair, India",usp000jgb1
2012-03-16 07:07:23.310,10.542,93.808,35.0,4.8,"170 km SE of Port Blair, India",usp000jgb4
2012-03-16 17:11:06.040,10.694,93.997,70.5,4.3,"173 km SE of Port Blair, India",usp000jgbp
2012-03-18 02:56:13.390,23.662,90.259,44.0,4.5,"14 km ENE of Doh?r, Bangladesh",usp000jgdy
2012-03-19 17:46:02.200,29.434,94.873,35.0,4.7,"111 km NNE of Shi Yomi, India",usp000jgfz
2012-03-23 19:16:55.320,10.161,91.865,35.0,4.3,"192 km SSW of Port Blair, India",usp000jgpe
2012-03-29 00:23:21.690,21.619,94.754,120.3,4.5,"46 km NW of Pakokku, Myanmar",usp000jgxk
2012-04-09 14:45:46.610,28.421,104.94,15.9,4.4,"22 km E of Xunchang, China",usp000jhev
2012-04-13 10:11:53.520,25.244,94.983,85.1,4.5,"67 km SE of Phek, India",usp000jhuu
2012-04-14 20:31:22.550,29.318,100.088,14.0,4.9,"169 km NNE of Shangri-La, China",usp000jhz8
2012-04-16 01:45:26.410,10.398,92.952,82.5,4.3,"142 km S of Port Blair, India",usp000jj1k
2012-04-25 17:33:25.220,11.61,92.482,10.0,4.3,"27 km WSW of Bamboo Flat, India",usp000jjkr
2012-04-30 13:06:58.740,14.405,93.327,35.0,5.2,"Andaman Islands, India region",usp000jjtm
2012-05-01 14:30:43.850,10.037,93.633,29.0,4.7,"204 km SSE of Port Blair, India",usp000jjv0
2012-05-01 22:43:12.350,26.252,92.274,35.0,4.2,"7 km W of Morigaon, India",usp000jjvy
2012-05-03 01:18:09.280,10.1,93.101,74.0,4.9,"177 km SSE of Port Blair, India",usp000jjxw
2012-05-04 20:09:28.020,27.403,95.395,45.9,4.4,"9 km ENE of Duli?gaon, India",usp000jk0a
2012-05-08 23:12:44.320,20.206,94.677,79.8,4.4,"20 km W of Minbu, Myanmar",usp000jk6k
2012-05-11 12:41:35.300,26.175,92.889,43.3,5.4,"19 km N of Hoj?i, India",usp000jka9
2012-05-19 19:10:38.070,15.17,96.828,10.0,4.6,"127 km SW of Kyaikkami, Myanmar",usp000jkmm
2012-05-24 19:39:27.860,14.42,93.318,46.1,4.9,"Andaman Islands, India region",usp000jkw3
2012-05-25 03:11:39.630,18.105,93.403,35.0,4.3,"203 km NW of Pathein, Myanmar",usp000jkwf
2012-05-26 04:21:05.700,12.902,92.007,26.7,4.3,"153 km NNW of Bamboo Flat, India",usp000jkxx
2012-05-27 15:01:27.040,26.491,91.1,34.7,4.3,"13 km E of Barpeta Road, India",usp000jm05
2012-05-30 09:28:14.190,24.517,95.085,108.7,4.5,"103 km E of W?ngjing, India",usp000jm4d
2012-06-06 04:38:58.010,25.137,96.577,54.7,4.5,"86 km WSW of Myitkyina, Myanmar",usp000jmdn
2012-06-12 13:40:42.150,28.111,104.416,21.6,4.7,"48 km SW of Xunchang, China",usp000jmp1
2012-06-12 17:02:02.660,23.71,94.305,45.3,4.7,"12 km NW of Mawlaik, Myanmar",usp000jmpa
2012-06-22 03:20:28.230,21.757,98.345,10.0,4.2,"144 km SSE of Lashio, Myanmar",usp000jn2s
2012-06-24 07:59:34.860,27.767,100.781,10.0,5.5,"105 km E of Shangri-La, China",usp000jn65
2012-06-26 06:21:17.140,27.766,100.919,10.0,4.4,"119 km E of Shangri-La, China",usp000jn87
2012-06-30 19:43:25.210,28.638,96.393,43.1,4.7,"64 km NNW of Hayuliang, India",usp000jned
2012-07-01 04:13:52.090,25.592,94.696,58.0,5.6,"21 km ESE of Phek, India",usp000jnev
2012-07-01 04:54:04.390,25.587,94.723,58.2,4.3,"24 km ESE of Phek, India",usp000jney
2012-07-08 10:28:10.240,12.69,91.311,36.2,4.7,"188 km NW of Bamboo Flat, India",usp000jnrt
2012-07-09 20:13:07.390,25.347,96.529,31.0,5.1,"87 km W of Myitkyina, Myanmar",usp000jntd
2012-07-10 13:03:55.050,27.074,90.663,35.0,4.7,"15 km S of Shemgang, Bhutan",usp000jnuf
2012-07-13 19:18:49.710,29.307,102.973,10.0,4.8,"81 km WSW of Leshan, China",usp000jnzb
2012-07-14 19:55:17.950,25.424,94.48,52.1,5.2,"26 km S of Phek, India",usp000jp0s
2012-07-16 23:16:12.980,25.437,96.546,41.1,4.4,"85 km W of Myitkyina, Myanmar",usp000jp33
2012-07-17 06:00:41.110,23.054,93.074,47.6,4.4,"8 km S of North Vanlaiphai, India",usp000jp3e
2012-07-17 20:18:50.800,29.022,102.538,54.8,4.2,"122 km SSE of Kangding, China",usp000jp4p
2012-07-22 02:11:12.210,24.998,96.427,22.6,5.1,"106 km WSW of Myitkyina, Myanmar",usp000jpa0
2012-07-22 03:08:48.100,25.059,96.725,10.0,4.3,"76 km WSW of Myitkyina, Myanmar",usp000jpa3
2012-07-28 05:09:13.770,28.453,104.879,10.0,4.6,"16 km E of Xunchang, China",usp000jphs
2012-07-29 02:21:12.600,22.935,94.299,75.3,5.7,"63 km E of Falam, Myanmar",usp000jpkd
2012-07-29 16:05:33.080,23.036,101.289,10.0,4.3,"129 km NNE of Jinghong, China",usp000jpm9
2012-08-01 21:58:38.880,26.055,96.311,43.8,4.7,"52 km WSW of Sarupathar, India",usp000jprc
2012-08-02 19:06:12.700,26.103,96.324,55.6,5.1,"49 km WSW of Sarupathar, India",usp000jpsz
2012-08-02 19:08:31.520,23.076,94.22,35.0,4.2,"58 km ENE of Falam, Myanmar",usp000jpt0
2012-08-05 06:36:51.140,24.714,91.863,56.8,4.2,"20 km S of Sylhet, Bangladesh",usp000jpx3
2012-08-05 14:29:10.420,13.936,93.099,23.3,4.5,"250 km N of Bamboo Flat, India",usp000jpxh
2012-08-07 01:49:53.350,13.942,93.077,37.9,4.5,"251 km N of Bamboo Flat, India",usp000jpzj
2012-08-18 04:01:58.410,20.726,97.264,10.0,4.1,"24 km ESE of Taunggyi, Myanmar",usp000jqep
2012-08-19 09:24:49.380,26.599,92.57,48.9,4.8,"14 km SE of Dhekiajuli, India",usp000jqgm
2012-08-19 12:13:30.950,10.539,91.705,7.8,4.3,"168 km SW of Port Blair, India",usp000jqgv
2012-08-19 19:04:57.560,26.561,92.622,57.0,4.0,"18 km NE of Dhing, India",usp000jqh4
2012-08-24 18:35:04.910,13.432,93.443,10.0,4.0,"207 km NNE of Bamboo Flat, India",usp000jqp7
2012-08-25 08:52:49.040,28.352,104.842,10.0,4.4,"16 km SE of Xunchang, China",usp000jqq6
2012-08-27 12:05:23.410,10.21,92.802,57.6,5.2,"161 km S of Port Blair, India",usp000jqwz
2012-08-31 19:10:10.910,25.175,96.895,35.0,4.6,"55 km WSW of Myitkyina, Myanmar",usp000jrak
2012-09-06 18:27:11.800,25.455,91.208,45.1,4.5,"8 km SW of Nongstoin, India",usp000jrvu
2012-09-07 03:19:42.530,27.575,103.983,10.0,5.5,"38 km NE of Zhaotong, China",usp000jrwu
2012-09-07 03:58:00.970,27.576,104.051,10.0,4.8,"43 km NE of Zhaotong, China",usp000jrww
2012-09-07 04:06:03.030,27.599,103.931,10.0,4.2,"37 km NE of Zhaotong, China",usp000jrwx
2012-09-07 04:16:30.490,27.572,104.007,10.0,5.3,"40 km NE of Zhaotong, China",usp000jrwz
2012-09-07 05:12:48.070,27.683,104.145,15.5,4.7,"58 km NE of Zhaotong, China",usp000jrx3
2012-09-08 11:47:28.860,27.572,103.923,10.0,4.3,"34 km NE of Zhaotong, China",usp000jrzw
2012-09-10 06:19:20.580,13.643,92.848,30.5,4.9,"215 km N of Bamboo Flat, India",usp000js2z
2012-09-10 13:11:31.470,10.358,93.475,35.0,4.2,"165 km SSE of Port Blair, India",usp000js3g
2012-09-10 13:16:23.360,10.397,93.408,50.0,4.5,"157 km SSE of Port Blair, India",usp000js3j
2012-09-10 14:35:42.810,10.459,93.616,38.7,5.2,"163 km SE of Port Blair, India",usp000js3m
2012-09-10 18:52:18.100,10.548,93.673,60.3,4.4,"159 km SE of Port Blair, India",usp000js3s
2012-09-10 21:38:21.810,10.433,93.423,55.0,4.6,"155 km SSE of Port Blair, India",usp000js41
2012-09-11 03:20:18.090,24.688,99.281,10.0,4.6,"136 km SW of Dali, China",usp000js4g
2012-09-11 03:21:21.220,24.647,99.267,10.0,5.0,"140 km SW of Dali, China",usp000js4h
2012-09-11 11:09:46.660,23.803,94.382,50.5,4.8,"17 km N of Mawlaik, Myanmar",usp000js54
2012-09-11 18:09:49.790,24.41,93.53,60.4,4.5,"16 km WNW of Chur?ch?ndpur, India",usp000js60
2012-09-12 21:15:04.300,27.61,104.125,10.0,4.1,"51 km NE of Zhaotong, China",usp000js7x
2012-09-17 23:28:36.680,23.344,100.147,10.0,4.4,"150 km SW of Jianshui, China",usp000jsgq
2012-09-18 09:37:50.610,27.636,104.027,10.0,4.7,"46 km NE of Zhaotong, China",usp000jshh
2012-09-19 06:28:34.480,22.035,93.881,72.3,4.6,"73 km SSE of Hakha, Myanmar",usp000jsjr
2012-09-22 20:42:48.230,25.459,96.682,42.8,4.6,"72 km W of Myitkyina, Myanmar",usp000jsrb
2012-10-02 18:37:38.700,26.879,92.818,36.8,5.2,"15 km ENE of Rang?p?ra, India",usp000jte2
2012-10-02 18:40:42.920,26.953,92.994,35.0,4.6,"34 km ENE of Rang?p?ra, India",usp000jte5
2012-10-02 18:51:38.010,26.913,92.939,37.8,4.5,"28 km ENE of Rang?p?ra, India",usp000jte6
2012-10-10 05:29:56.710,26.064,96.368,52.6,4.2,"46 km WSW of Sarupathar, India",usp000jttc
2012-10-12 23:16:14.620,24.548,94.017,35.0,4.0,"6 km SW of W?ngjing, India",usp000jtx5
2012-10-14 23:07:59.380,25.196,101.917,10.0,4.7,"63 km NNW of Longquan, China",usp000jtzy
2012-10-20 18:27:09.840,28.319,91.838,25.9,4.2,"82 km N of Tawang, India",usp000ju7f
2012-10-21 07:54:46.990,13.694,96.175,35.0,4.7,"222 km WSW of Dawei, Myanmar",usp000ju8j
2012-10-24 21:07:40.670,28.858,94.39,10.0,4.0,"36 km N of Shi Yomi, India",usp000judc
2012-10-26 04:42:30.490,24.869,96.116,10.0,4.0,"132 km WNW of Bhamo, Myanmar",usp000juf4
2012-10-27 18:50:52.600,13.643,92.925,21.1,4.4,"216 km N of Bamboo Flat, India",usp000jugz
2012-10-28 03:08:52.410,10.345,92.575,58.3,5.0,"147 km S of Port Blair, India",usp000juj1
2012-10-28 11:04:14.700,23.005,94.681,103.8,4.3,"76 km SSE of Mawlaik, Myanmar",usp000jumm
2012-10-30 01:40:26.490,26.117,92.337,62.0,4.6,"14 km S of Morigaon, India",usp000jus2
2012-11-02 21:31:48.630,24.893,95.088,106.1,4.5,"104 km SE of Phek, India",usp000juy9
2012-11-09 19:54:29.470,25.368,102.562,21.4,4.7,"38 km NNW of Majie, China",usp000jv9k
2012-11-11 01:12:38.870,23.005,95.885,13.7,6.8,"51 km NNE of Shwebo, Myanmar",usp000jvbq
2012-11-11 01:21:16.510,22.81,95.926,17.5,4.9,"35 km NE of Shwebo, Myanmar",usp000jvbs
2012-11-11 01:29:58.670,22.794,95.919,10.0,4.8,"33 km NE of Shwebo, Myanmar",usp000jvbt
2012-11-11 01:31:47.630,23.356,95.963,20.0,4.3,"74 km NW of Mogok, Myanmar",usp000jvbu
2012-11-11 01:32:27.630,22.679,95.839,13.7,4.9,"18 km NE of Shwebo, Myanmar",usp000jvbv
2012-11-11 01:37:39.160,22.985,96.148,10.0,4.5,"37 km WNW of Mogok, Myanmar",usp000jvbw
2012-11-11 01:40:00.160,23.082,95.922,12.0,4.4,"61 km NNE of Shwebo, Myanmar",usp000jvbx
2012-11-11 01:49:23.510,22.711,95.92,10.0,4.1,"27 km NE of Shwebo, Myanmar",usp000jvbz
2012-11-11 10:54:41.350,22.72,95.832,6.0,5.8,"21 km NE of Shwebo, Myanmar",usp000jvcs
2012-11-11 14:45:03.020,22.749,95.938,8.8,4.8,"31 km NE of Shwebo, Myanmar",usp000jvd0
2012-11-11 18:19:45.080,23.132,95.866,28.4,5.5,"64 km NNE of Shwebo, Myanmar",usp000jvd9
2012-11-13 01:52:19.810,19.121,95.999,22.0,4.8,"49 km WNW of Taungoo, Myanmar",usp000jvgf
2012-11-13 08:36:24.210,23.1,96.013,10.0,4.7,"54 km WNW of Mogok, Myanmar",usp000jvhe
2012-11-13 08:42:02.470,23.105,96.156,10.0,4.2,"41 km WNW of Mogok, Myanmar",usp000jvhg
2012-11-13 18:28:12.810,22.895,95.943,10.0,5.0,"43 km NE of Shwebo, Myanmar",usp000jvj3
2012-11-14 11:42:59.460,26.601,102.763,35.0,4.7,"105 km E of Dadukou, China",usp000jvk4
2012-11-14 14:04:36.070,22.821,96.06,10.0,4.4,"46 km NE of Shwebo, Myanmar",usp000jvk9
2012-11-18 16:46:19.100,19.235,95.652,11.8,4.6,Myanmar,usp000jvs5
2012-11-19 17:25:53.010,22.992,95.959,31.1,4.9,"53 km NNE of Shwebo, Myanmar",usp000jvuh
2012-11-23 10:24:26.910,22.402,95.736,10.0,4.4,"18 km SSE of Shwebo, Myanmar",usp000jvzh
2012-11-25 06:01:45.530,23.62,91.482,39.8,4.5,"9 km N of Udaipur, India",usp000jw1n
2012-11-26 23:13:52.470,13.85,93.637,53.7,5.1,"257 km NNE of Bamboo Flat, India",usp000jw44
2012-11-28 12:11:43.980,22.692,96.033,10.0,4.3,"37 km ENE of Shwebo, Myanmar",usp000jw6s
2012-11-29 12:22:15.260,14.469,94.174,74.9,4.7,"240 km SSW of Bogale, Myanmar",usp000jw7v
2012-11-30 03:52:20.700,25.683,95.998,97.2,4.4,"99 km SW of Sarupathar, India",usp000jw8p
2012-11-30 12:58:08.180,22.827,95.94,10.0,4.2,"37 km NE of Shwebo, Myanmar",usp000jw9b
2012-12-03 11:55:27.520,23.11,95.889,35.4,4.6,"63 km NNE of Shwebo, Myanmar",usp000jwd3
2012-12-05 08:05:03.300,25.019,95.094,105.1,4.2,"93 km SE of Phek, India",usp000jwfx
2012-12-09 15:23:19.280,27.416,103.788,6.1,4.2,"13 km NNE of Zhaotong, China",usp000jwrk
2012-12-11 07:19:04.920,23.192,93.892,67.5,4.2,"37 km NE of Falam, Myanmar",usp000jwu5
2012-12-12 18:58:25.820,27.103,102.86,10.0,4.9,"88 km WSW of Zhaotong, China",usp000jww5
2012-12-13 10:05:22.710,22.222,92.592,10.0,4.2,"38 km E of B?ndarban, Bangladesh",usp000jwwy
2012-12-13 16:13:23.590,23.117,96.041,10.0,4.3,"52 km WNW of Mogok, Myanmar",usp000jwx5
2012-12-14 02:17:30.990,22.745,95.874,10.0,4.7,"26 km NE of Shwebo, Myanmar",usp000jwxp
2012-12-18 01:32:46.310,19.333,95.652,38.3,4.4,"46 km E of Myaydo, Myanmar",usp000jx3b
2012-12-18 11:51:57.960,25.399,96.61,32.1,4.6,"79 km W of Myitkyina, Myanmar",usp000jx3x
2012-12-20 05:56:04.350,22.862,95.99,10.0,4.7,"44 km NE of Shwebo, Myanmar",usp000jx66
2012-12-22 16:41:45.740,22.443,94.782,134.4,5.5,"51 km NW of Monywa, Myanmar",usp000jx9b
2012-12-26 08:48:47.870,23.208,96.18,35.0,4.4,"46 km NW of Mogok, Myanmar",usp000jxe1
2012-12-26 13:59:46.060,22.783,95.908,18.0,4.9,"32 km NE of Shwebo, Myanmar",usp000jxe7
2012-12-26 15:20:40.130,22.794,95.92,3.8,4.4,"33 km NE of Shwebo, Myanmar",usp000jxe8
2012-12-29 22:51:26.300,25.139,99.993,10.0,4.2,"54 km SSW of Dali, China",usp000jxka
2012-12-30 08:16:43.130,24.209,91.782,22.5,4.3,"5 km WNW of Kamalpur, India",usp000jxkz
2012-12-30 10:43:41.880,22.96,95.96,37.3,4.2,"50 km NNE of Shwebo, Myanmar",usp000jxm8
2013-01-02 17:25:40.480,22.624,94.02,63.8,4.4,"42 km E of Hakha, Myanmar",usp000jxre
2013-01-03 05:47:27.730,24.886,94.002,73.8,4.4,"10 km NE of Imph?l, India",usp000jxs4
2013-01-07 05:32:42.820,28.216,94.242,10.0,4.2,"37 km SSW of Shi Yomi, India",usp000jy0m
2013-01-09 01:41:53.260,25.329,95.048,93.0,5.8,"66 km SE of Phek, India",usp000jy3c
2013-01-11 09:10:14.980,13.304,92.342,35.0,4.9,"182 km NNW of Bamboo Flat, India",usp000jy7t
2013-01-15 11:17:00.400,23.61,94.707,110.9,4.7,"31 km E of Mawlaik, Myanmar",usp000jyeh
2013-01-30 13:37:02.140,16.78,96.17,10.0,3.4,"3 km SSE of Yangon, Myanmar",usp000jywp
2013-01-31 20:31:00.640,13.975,93.088,46.3,4.6,"254 km N of Bamboo Flat, India",usc000ezb1
2013-02-04 01:19:28.890,11.724,92.699,44.8,4.6,"3 km NW of Bamboo Flat, India",usp000jyzk
2013-02-05 03:57:27.240,13.857,92.933,16.4,4.8,"239 km N of Bamboo Flat, India",usc000f18y
2013-02-07 14:57:24.870,28.004,104.237,47.5,4.6,"68 km SW of Xunchang, China",us2013likq
2013-02-19 02:47:01.210,27.226,103.071,10.0,4.9,"64 km W of Zhaotong, China",usc000f9z8
2013-02-19 07:55:31.330,28.373,104.957,10.0,4.7,"25 km ESE of Xunchang, China",usc000fa1d
2013-02-19 08:25:40.460,28.269,104.824,10.0,4.2,"23 km SSE of Xunchang, China",us2013lvdx
2013-02-20 05:01:58.340,23.241,101.713,10.0,4.6,"125 km SSE of Jianshui, China",usc000fai2
2013-02-21 21:43:41.760,26.734,100.76,10.0,4.3,"55 km ESE of Lijiang, China",us2013lxb8
2013-02-24 14:33:21.710,11.011,91.998,19.9,4.7,"109 km SW of Port Blair, India",us2013maan
2013-02-24 15:16:42.440,29.945,94.95,35.0,4.0,"166 km NNE of Shi Yomi, India",us2013maat
2013-02-26 12:12:03.760,13.253,95.792,35.0,4.2,"275 km WSW of Dawei, Myanmar",usp000jzj2
2013-02-26 12:23:38.860,13.277,95.919,35.0,4.2,"261 km WSW of Dawei, Myanmar",usp000jzj3
2013-02-26 14:42:29.380,13.228,95.809,10.0,4.5,"274 km WSW of Dawei, Myanmar",usp000jzj5
2013-02-28 18:32:26.760,22.609,94.557,104.1,4.6,"81 km NW of Monywa, Myanmar",usb000fmnf
2013-03-02 01:30:38.630,24.677,92.222,38.7,5.2,"25 km SSW of Kar?mganj, India",usc000ff4h
2013-03-03 05:41:16.940,25.98,99.812,8.0,5.2,"59 km NW of Dali, China",usc000fff5
2013-03-17 04:17:39.470,29.101,95.869,27.0,4.4,"126 km NNE of P?sigh?t, India",us2013mwaf
2013-03-19 01:47:13.930,23.107,101.143,10.0,4.3,"129 km S of Jianshui, China",usp000jztn
2013-03-19 03:47:06.670,23.095,101.062,10.0,4.2,"126 km NNE of Jinghong, China",usp000jztq
2013-03-20 02:10:26.630,12.599,93.703,103.6,4.7,"146 km NE of Bamboo Flat, India",usb000fpdb
2013-03-20 23:02:05.960,14.37,93.123,32.0,4.3,"298 km N of Bamboo Flat, India",us2013mza2
2013-03-26 04:26:19.060,11.05,93.477,129.8,4.5,"104 km SE of Port Blair, India",usb000fsld
2013-03-26 08:21:55.170,19.262,95.071,73.9,4.4,"13 km WSW of Thayetmyo, Myanmar",usb000fsnm
2013-03-30 20:04:45.850,23.071,95.976,10.0,4.8,"57 km WNW of Mogok, Myanmar",usb000fwr0
2013-04-03 16:35:45.110,19.223,95.646,6.0,5.4,"48 km ESE of Myaydo, Myanmar",usb000fz1t
2013-04-03 23:00:22.350,19.25,95.748,10.0,4.6,"57 km ESE of Myaydo, Myanmar",usb000fzej
2013-04-04 15:16:26.520,19.247,95.745,10.7,5.1,"57 km ESE of Myaydo, Myanmar",usb000fzn7
2013-04-05 06:44:32.590,19.243,95.611,10.0,4.6,"43 km ESE of Myaydo, Myanmar",us2013nqd3
2013-04-10 22:05:52.720,18.787,97.479,10.0,4.6,Myanmar-Thailand border region,usb000g4i5
2013-04-11 03:47:02.930,19.258,95.623,9.9,5.5,"44 km ESE of Myaydo, Myanmar",usb000g4nw
2013-04-12 06:32:41.790,19.647,95.887,16.2,4.3,"27 km WSW of Nay Pyi Taw, Myanmar",usb000g5l5
2013-04-12 08:42:03.330,19.281,95.759,10.1,4.6,"57 km E of Myaydo, Myanmar",usb000g5mv
2013-04-14 09:55:42.660,13.027,93.436,94.3,4.1,"166 km NNE of Bamboo Flat, India",usp000k07d
2013-04-16 01:23:23.420,26.06,91.979,43.8,4.4,"19 km ESE of Dispur, India",usb000g7ns
2013-04-16 08:34:14.090,28.887,95.15,39.5,5.2,"Arunachal Pradesh, India",usb000g7uy
2013-04-17 01:46:00.090,25.953,99.782,38.3,5.1,"59 km NW of Dali, China",usb000g8qd
2013-04-18 03:00:00.470,22.802,94.093,54.6,4.3,"44 km ESE of Falam, Myanmar",usp000k0aj
2013-04-18 21:18:43.630,13.912,93.101,34.4,4.2,"248 km N of Bamboo Flat, India",us2013pddr
2013-04-20 03:40:21.030,29.847,102.817,10.0,4.3,"84 km ESE of Kangding, China",us2013pfgf
2013-04-21 01:29:28.140,29.639,102.885,10.0,4.1,"85 km W of Leshan, China",us2013pgdb
2013-04-21 19:35:38.670,22.999,94.028,74.3,4.6,"37 km ENE of Falam, Myanmar",usb000gd6n
2013-04-24 22:10:30.700,28.382,104.956,10.0,5.3,"24 km ESE of Xunchang, China",usb000gfau
2013-04-24 22:12:49.360,28.255,104.95,10.0,4.4,"31 km SE of Xunchang, China",usp000k0ec
2013-04-25 18:21:08.710,27.48,103.263,39.2,4.3,"48 km WNW of Zhaotong, China",usb000gflj
2013-04-27 03:17:13.120,27.608,92.992,28.9,4.1,"67 km NE of Bomdila, India",us2013pmcc
2013-04-27 05:16:56.250,27.513,92.644,28.3,4.4,"35 km NE of Bomdila, India",us2013pmce
2013-05-03 04:16:09.700,12.887,93.333,62.7,4.5,"147 km NNE of Bamboo Flat, India",usc000gmi9
2013-05-06 20:18:04.320,20.667,99.851,35.6,4.9,"24 km N of Tachilek, Myanmar",usc000gphx
2013-05-06 20:53:55.860,13.151,92.244,32.6,4.4,"168 km NNW of Bamboo Flat, India",usc000gpk4
2013-05-06 21:07:06.690,25.047,96.535,53.0,4.2,"94 km WSW of Myitkyina, Myanmar",usa000hjh9
2013-05-07 08:59:30.140,15.218,96.242,10.0,4.2,"132 km SSE of Pyapon, Myanmar",us2013pxdj
2013-05-07 15:01:45.820,13.817,92.914,30.1,4.3,"235 km N of Bamboo Flat, India",us2013pxdb
2013-05-07 21:04:54.000,15.196,96.28,23.8,4.3,"136 km SSE of Pyapon, Myanmar",usp000k0m2
2013-05-10 22:11:15.770,21.816,94.717,121.1,4.3,"54 km SW of Monywa, Myanmar",us2013qada
2013-05-14 14:57:00.920,13.898,93.068,30.7,4.1,"246 km N of Bamboo Flat, India",us2013qecn
2013-05-17 14:37:45.310,29.214,100.072,23.9,4.7,"158 km NNE of Shangri-La, China",usb000gxpj
2013-05-19 01:23:24.730,27.595,104.152,16.2,4.4,"Sichuan-Yunnan-Guizhou region, China",us2013qjac
2013-05-30 10:31:20.540,18.84,95.638,66.9,4.3,"40 km NNE of Paungde, Myanmar",usp000k115
2013-06-01 15:54:48.870,24.107,97.943,65.4,4.2,"73 km ESE of Bhamo, Myanmar",usp000k126
2013-06-06 13:03:26.000,10.549,91.699,24.2,4.6,"168 km SW of Port Blair, India",usc000hh4l
2013-06-23 17:54:14.380,25.663,99.514,31.4,4.3,"70 km W of Dali, China",usp000k1e3
2013-06-28 15:35:55.270,10.623,93.507,109.7,4.8,"142 km SE of Port Blair, India",usb000i2kc
2013-07-06 21:41:53.420,25.937,93.412,48.9,4.1,"10 km N of Diphu, India",usp000k1s8
2013-07-08 03:44:20.050,23.84,91.359,10.1,4.1,"0 km NW of R?n?r B?z?r, India",usp000k1tj
2013-07-08 13:27:46.580,24.138,95.795,58.4,4.3,"146 km W of Bhamo, Myanmar",usp000k1u0
2013-07-11 18:48:12.420,29.094,95.935,26.4,4.2,"127 km NNW of Hayuliang, India",usp000k1wu
2013-07-11 23:25:59.490,10.913,91.681,30.7,4.2,"142 km SW of Bamboo Flat, India",usp000k1x3
2013-07-12 07:01:32.200,26.267,90.7,48.2,4.1,"6 km SSE of Abhay?puri, India",usp000k1xk
2013-07-16 18:01:39.980,28.281,104.959,37.9,4.0,"30 km SE of Xunchang, China",usp000k22v
2013-07-18 23:56:19.870,25.9,99.009,39.4,4.7,"125 km WNW of Dali, China",usb000ihjf
2013-07-19 01:53:52.140,19.455,94.735,35.4,4.6,"49 km WNW of Thayetmyo, Myanmar",usp000k252
2013-07-20 09:14:15.060,22.044,94.427,99.5,4.4,"73 km W of Monywa, Myanmar",usb000iifh
2013-07-24 19:51:54.990,12.978,93.235,34.5,4.7,"152 km NNE of Bamboo Flat, India",usb000ilwn
2013-07-25 01:38:15.820,27.637,104.279,14.7,4.1,"65 km ENE of Zhaotong, China",usb000isz9
2013-07-29 02:26:29.740,14.038,92.892,29.1,4.5,"259 km N of Bamboo Flat, India",usc000ircx
2013-08-02 12:04:30.140,23.9377,94.7314,100.98,5.0,"46 km NE of Mawlaik, Myanmar",usb000itzy
2013-08-07 23:59:23.070,20.5931,93.9641,61.46,4.8,"95 km WSW of Chauk, Myanmar",usb000iy9d
2013-08-11 23:48:18.940,29.976,97.9127,10.0,4.9,"146 km SSE of Qamdo, China",usb000j0uv
2013-08-12 07:26:45.650,29.9642,97.8799,10.0,4.3,"145 km SSE of Qamdo, China",usb000j7pr
2013-08-13 21:25:27.690,25.5549,96.2594,57.67,4.3,"90 km SW of Sarupathar, India",usb000j2ka
2013-08-15 16:51:35.710,11.0299,95.039,22.65,4.6,"259 km ESE of Port Blair, India",usb000j3xu
2013-08-17 14:41:18.980,11.183,93.3084,62.42,4.6,"81 km SE of Port Blair, India",usb000j5jv
2013-08-18 00:14:38.750,11.1044,95.1931,10.2,4.2,"274 km ESE of Port Blair, India",usb000jabt
2013-08-21 06:57:21.490,26.6306,92.5269,54.4,4.2,"9 km SSE of Dhekiajuli, India",usb000j80x
2013-08-21 08:41:51.110,26.6379,92.5235,53.17,4.2,"8 km SSE of Dhekiajuli, India",usb000j81c
2013-08-21 12:56:30.410,24.5651,94.7308,95.01,4.2,"67 km E of W?ngjing, India",usb000jc6e
2013-08-27 20:44:53.360,28.239,99.3276,10.0,5.2,"59 km NW of Shangri-La, China",usb000jccs
2013-08-27 23:53:05.840,28.3438,99.364,10.17,4.5,"66 km NNW of Shangri-La, China",usb000jcfh
2013-08-29 20:13:28.630,28.1574,99.3895,10.0,4.3,"48 km NW of Shangri-La, China",usb000jdf1
2013-08-31 00:04:17.750,28.2425,99.3502,8.0,5.6,"58 km NW of Shangri-La, China",usb000je5n
2013-08-31 00:13:28.940,28.2316,99.4322,10.0,4.9,"52 km NNW of Shangri-La, China",usb000je5u
2013-08-31 00:27:01.770,28.2199,99.3432,10.0,5.0,"56 km NW of Shangri-La, China",usb000je5y
2013-08-31 00:56:21.740,27.8615,98.9762,10.0,4.2,"72 km W of Shangri-La, China",usc000jqsa
2013-08-31 01:18:46.200,28.2123,99.3107,10.05,4.6,"58 km NW of Shangri-La, China",usb000je6k
2013-08-31 01:30:09.100,28.2166,99.4835,10.08,4.2,"48 km NNW of Shangri-La, China",usc000jqsc
2013-08-31 11:17:19.120,28.3408,99.4096,10.0,4.2,"64 km NNW of Shangri-La, China",usb000jed2
2013-08-31 11:18:34.560,28.2569,99.4852,10.0,4.1,"52 km NNW of Shangri-La, China",usc000jqti
2013-08-31 21:06:34.490,28.7788,94.4454,29.91,4.5,"28 km NNE of Shi Yomi, India",usb000jehx
2013-08-31 23:18:00.040,29.997,99.7169,10.0,4.6,"216 km W of Kangding, China",usb000jein
2013-09-02 14:52:34.620,28.2704,99.2852,10.0,4.6,"64 km NW of Shangri-La, China",usb000jf5e
2013-09-03 14:32:36.760,28.2649,99.4911,10.0,4.9,"53 km NNW of Shangri-La, China",usb000jfs3
2013-09-03 16:08:39.600,28.1012,99.2489,10.0,4.1,"54 km NW of Shangri-La, China",usc000jqwj
2013-09-04 04:52:48.320,27.9434,99.4837,41.12,4.1,"25 km WNW of Shangri-La, China",usc000jqx8
2013-09-06 15:04:11.350,28.2694,99.4118,10.0,4.4,"57 km NNW of Shangri-La, China",usb000jjt0
2013-09-07 03:24:56.240,25.3564,95.0718,81.93,4.5,"66 km ESE of Phek, India",usb000jkq0
2013-09-08 05:54:04.540,28.1881,99.3815,10.0,4.2,"51 km NW of Shangri-La, China",usc000jww0
2013-09-09 03:28:31.970,22.9608,95.9365,10.0,5.0,"49 km NNE of Shwebo, Myanmar",usb000jlv7
2013-09-09 11:58:16.360,27.1438,92.3593,10.0,4.5,"14 km SSW of Bomdila, India",usb000jm0y
2013-09-11 10:09:40.650,10.4984,92.3039,27.68,4.5,"137 km SSW of Port Blair, India",usc000jrh5
2013-09-15 22:47:27.640,16.6433,94.6248,16.37,4.3,"18 km SW of Pathein, Myanmar",usb000jye2
2013-09-18 15:43:05.060,13.0868,93.2103,53.16,4.4,"162 km NNE of Bamboo Flat, India",usb000jyfq
2013-09-20 11:53:26.430,22.8604,95.8765,10.0,4.9,"37 km NNE of Shwebo, Myanmar",usb000jwlv
2013-09-20 12:24:46.270,22.9341,95.9607,4.0,5.7,"48 km NE of Shwebo, Myanmar",usb000jwly
2013-09-22 09:59:31.590,21.3987,100.6775,9.38,4.0,"65 km S of Jinghong, China",usb000jxip
2013-09-26 05:30:05.660,23.8621,93.2795,55.92,4.6,"39 km ESE of Darlawn, India",usb000k60p
2013-09-28 19:50:32.960,24.8368,94.7407,91.29,4.2,"72 km ENE of Yairipok, India",usb000k1re
2013-10-05 08:52:05.500,25.1435,98.1357,10.68,4.4,"79 km ESE of Myitkyina, Myanmar",usb000kacz
2013-10-06 06:59:11.030,12.9734,92.981,35.19,4.5,"143 km NNE of Bamboo Flat, India",usb000k7lw
2013-10-06 07:55:35.480,28.3161,99.6157,10.0,4.2,"55 km N of Shangri-La, China",usb000kisl
2013-10-07 20:09:14.380,28.1983,99.4535,11.11,4.4,"48 km NNW of Shangri-La, China",usb000k855
2013-10-07 20:53:58.620,26.2602,92.9225,7.87,4.2,"29 km NNE of Hoj?i, India",usb000kdfs
2013-10-09 11:35:59.580,10.2984,92.2811,9.84,4.3,"159 km SSW of Port Blair, India",usb000k9ep
2013-10-10 17:54:53.560,23.1303,95.9927,9.6,4.4,"58 km WNW of Mogok, Myanmar",usb000ka7a
2013-10-10 18:19:19.020,19.0669,98.9924,34.6,4.2,"30 km N of Chiang Mai, Thailand",usb000kfex
2013-10-13 05:52:59.140,10.7355,91.7454,10.03,4.1,"150 km SW of Port Blair, India",usb000kiuq
2013-10-14 03:18:59.990,28.0938,102.8744,15.03,4.6,"63 km ENE of Xichang, China",usb000kcl6
2013-10-15 00:41:03.450,10.6106,91.4722,10.0,4.6,"181 km SW of Bamboo Flat, India",usb000kiwf
2013-10-15 09:22:26.800,23.0423,101.4703,16.08,4.4,"138 km NNE of Jinghong, China",usb000kixy
2013-10-15 14:46:20.460,28.0259,102.9137,39.84,4.1,"65 km ENE of Xichang, China",usb000kiye
2013-10-17 00:33:14.310,14.0582,93.0065,31.88,4.2,"262 km N of Bamboo Flat, India",usc000kpbk
2013-10-21 20:11:34.000,23.0293,94.4506,96.78,4.4,"68 km S of Mawlaik, Myanmar",usb000kx68
2013-10-22 10:20:22.720,27.9928,101.5551,44.96,4.4,"70 km W of Xichang, China",usb000kib8
2013-10-24 17:57:36.970,14.2917,93.0654,23.0,5.4,"289 km N of Bamboo Flat, India",usc000kmdj
2013-10-24 20:14:31.690,14.3021,92.9677,30.17,4.2,"289 km N of Bamboo Flat, India",usb000kx8x
2013-10-26 11:06:22.610,14.3674,93.0966,10.0,4.2,"297 km N of Bamboo Flat, India",usb000kxat
2013-10-28 01:08:09.480,25.2388,95.5348,44.81,4.0,"114 km ESE of Phek, India",usb000ky9i
2013-10-29 07:51:27.090,23.0264,94.4265,84.87,4.6,"68 km S of Mawlaik, Myanmar",usc000kqin
2013-10-29 18:09:15.470,27.2426,91.3813,38.19,4.3,"14 km ESE of Mongar, Bhutan",usc000kqwk
2013-10-30 13:53:03.150,23.661,100.8091,15.39,4.5,"80 km SSW of Jianshui, China",usc000krhz
2013-11-01 15:54:23.830,13.7263,96.7124,39.17,4.3,"164 km WSW of Dawei, Myanmar",usb000kyeu
2013-11-03 06:54:07.290,10.5493,92.8679,54.51,4.8,"124 km S of Port Blair, India",usb000kry8
2013-11-04 12:56:22.710,14.2853,93.1914,41.67,4.8,"290 km N of Bamboo Flat, India",usb000ksbm
2013-11-06 04:16:16.060,26.4118,93.6451,34.32,5.4,"24 km SSW of Num?ligarh, India",usb000ktbm
2013-11-06 04:19:20.640,26.3701,93.5345,46.84,4.8,"30 km SSW of Bok?kh?t, India",usb000kylc
2013-11-06 09:34:45.100,14.1439,93.0686,35.0,4.4,"273 km N of Bamboo Flat, India",usb000ktdx
2013-11-10 20:30:04.820,11.0579,91.893,31.1,4.4,"114 km SW of Bamboo Flat, India",usb000kz2g
2013-11-11 21:19:39.700,28.4508,98.9693,15.02,4.1,"100 km NW of Shangri-La, China",usb000kz5e
2013-11-12 04:45:07.010,28.2538,99.4184,30.45,4.3,"55 km NNW of Shangri-La, China",usb000l23u
2013-11-12 19:52:14.180,24.4844,94.6661,88.79,4.4,"62 km E of W?ngjing, India",usb000kwcc
2013-11-16 15:36:42.890,26.3683,103.2016,26.33,4.6,"114 km NNW of Qujing, China",usb000kzxe
2013-11-20 10:09:18.430,12.3975,95.1481,10.26,5.5,"273 km ENE of Port Blair, India",usb000l2rk
2013-11-21 23:49:45.170,28.0963,101.6671,14.25,4.4,"62 km WNW of Xichang, China",usb000l3zv
2013-11-27 17:29:33.670,26.2586,96.153,89.8,4.5,"65 km W of Sarupathar, India",usb000la0x
2013-11-28 08:23:53.550,25.4965,100.5706,10.03,4.9,"37 km ESE of Dali, China",usb000l7m5
2013-11-29 01:54:49.070,28.8721,95.8701,35.15,5.0,"103 km NNE of P?sigh?t, India",usb000l7uv
2013-11-29 12:13:53.100,28.1744,99.2997,10.0,4.5,"55 km NW of Shangri-La, China",usb000l80x
2013-12-03 10:02:58.240,23.0163,96.1736,17.03,4.1,"36 km WNW of Mogok, Myanmar",usb000lcpm
2013-12-04 03:59:16.650,13.8291,92.9508,32.44,4.7,"236 km N of Bamboo Flat, India",usb000lb11
2013-12-07 01:06:38.870,11.4417,93.7452,154.3,4.6,"111 km ESE of Port Blair, India",usb000ld6f
2013-12-08 15:01:07.050,27.8536,101.5851,41.99,4.1,"66 km W of Xichang, China",usc000li6p
2013-12-15 07:35:39.950,23.0989,94.2789,95.54,4.1,"61 km SSW of Mawlaik, Myanmar",usc000ln84
2013-12-15 19:01:20.850,28.1439,99.4396,31.15,4.4,"44 km NW of Shangri-La, China",usc000ll89
2013-12-20 03:04:36.230,14.3321,93.0763,41.49,4.9,"293 km N of Bamboo Flat, India",usc000lnmu
2013-12-23 16:16:48.380,20.5592,94.7299,93.96,4.8,"18 km NW of Yenangyaung, Myanmar",usc000lxnw
2013-12-25 02:58:01.870,10.9511,91.8813,28.0,4.3,"123 km SW of Port Blair, India",usc000ly96
2013-12-25 13:25:48.000,22.6063,94.3609,109.25,4.3,"77 km E of Hakha, Myanmar",usc000ly9a
2013-12-29 00:29:12.300,29.8926,102.1974,10.0,4.1,"26 km ESE of Kangding, China",usc000m08m
2013-12-29 11:45:32.180,12.2956,95.1078,23.44,4.4,"266 km ENE of Port Blair, India",usc000m09n
2013-12-29 11:49:53.110,11.7702,95.5246,21.93,4.1,"Andaman Islands, India region",usc000m09m
2013-12-30 09:44:13.340,24.1788,93.1207,38.13,4.2,"27 km NE of Darlawn, India",usb000m2pi
2013-12-30 21:08:17.410,21.6226,94.0575,76.58,4.6,"111 km WNW of Pakokku, Myanmar",usb000m2pu
2013-12-30 23:41:56.920,28.126,99.4321,10.0,4.0,"42 km NW of Shangri-La, China",usb000m2pz
2014-01-03 18:11:50.000,27.9497,101.4765,38.43,4.0,"77 km W of Xichang, China",usb000m4pb
2014-01-07 16:32:10.710,22.929,94.1357,52.67,4.2,"47 km E of Falam, Myanmar",usb000m77k
2014-01-10 21:40:36.000,28.2474,93.3721,15.05,4.1,"85 km NNW of Ziro, India",usb000m7f8
2014-01-11 02:04:04.300,21.4081,93.9132,59.42,4.1,"109 km WNW of Chauk, Myanmar",usb000m8r0
2014-01-14 19:17:48.500,26.9059,101.1773,44.64,4.8,"65 km NW of Dadukou, China",usb000m0yh
2014-01-17 22:26:50.130,15.3763,96.5031,31.96,4.2,"133 km SE of Pyapon, Myanmar",usc000men3
2014-01-18 00:55:47.690,15.375,96.16,25.04,4.6,"113 km SSE of Pyapon, Myanmar",usc000mem0
2014-01-18 14:01:11.630,25.0098,98.2656,42.61,4.1,"96 km ESE of Myitkyina, Myanmar",usc000memd
2014-01-20 13:18:26.930,22.1231,92.7127,32.08,4.1,"49 km SW of Saiha, India",usc000mi0d
2014-01-21 14:08:27.330,25.8578,100.6549,47.15,4.5,"53 km NE of Dali, China",usb000m5mk
2014-01-24 00:51:35.500,23.8426,93.9346,70.85,4.0,"52 km WNW of Mawlaik, Myanmar",usc000mk9k
2014-01-24 13:49:01.180,13.2429,95.7026,30.04,4.4,"284 km WSW of Dawei, Myanmar",usc000mkac
2014-01-24 23:25:25.940,22.6167,95.7353,24.58,4.1,"6 km NE of Shwebo, Myanmar",usb000m7tx
2014-01-26 12:38:37.240,23.0007,95.9078,12.43,5.2,"52 km NNE of Shwebo, Myanmar",usb000m8ca
2014-01-27 20:12:46.480,14.2125,93.228,39.11,4.3,"283 km NNE of Bamboo Flat, India",usc000mnww
2014-01-28 12:02:00.510,22.5756,101.2739,10.01,4.5,"85 km NE of Jinghong, China",usb000m9ll
2014-01-29 13:46:50.340,23.8428,93.9581,59.11,5.1,"50 km WNW of Mawlaik, Myanmar",usc000mcu0
2014-01-30 12:17:14.780,22.8394,94.3778,90.83,4.7,"72 km E of Falam, Myanmar",usc000mdkf
2014-02-02 16:45:24.860,22.7971,96.0226,13.81,4.4,"41 km NE of Shwebo, Myanmar",usc000mfqb
2014-02-02 23:44:01.200,12.2849,95.0592,34.18,5.2,"261 km ENE of Port Blair, India",usc000mftb
2014-02-06 15:07:53.130,27.4652,96.9988,47.88,4.5,"80 km SSE of Hayuliang, India",usc000mj84
2014-02-07 02:05:00.460,11.9395,95.1092,36.09,4.1,"259 km E of Port Blair, India",usc000mvfg
2014-02-07 03:15:20.800,11.8466,94.8755,61.21,4.5,"232 km E of Port Blair, India",usc000mjuy
2014-02-09 23:24:30.640,23.7689,96.0719,51.92,4.1,"104 km NNW of Mogok, Myanmar",usc000mluk
2014-02-13 06:23:38.100,11.4883,93.5434,139.49,4.2,"89 km ESE of Port Blair, India",usb000my2k
2014-02-13 16:08:21.120,22.6262,94.5476,92.4,4.5,"83 km NW of Monywa, Myanmar",usb000my32
2014-02-19 15:02:09.580,13.8225,92.8729,26.97,4.4,"235 km N of Bamboo Flat, India",usb000n0s2
2014-02-23 17:04:52.940,27.013,92.5521,53.66,4.4,"22 km NNW of Rang?p?ra, India",usc000mx12
2014-02-26 20:58:55.070,24.4736,93.7131,59.51,4.4,"7 km WSW of Moir?ng, India",usc000mypg
2014-02-28 13:11:30.330,23.7432,91.3541,37.8,3.9,"10 km S of R?n?r B?z?r, India",usb000mywm
2014-03-01 03:22:06.930,25.3458,96.5402,49.69,4.1,"86 km W of Myitkyina, Myanmar",usc000n8xs
2014-03-01 06:06:28.310,11.0427,91.8594,29.74,4.6,"118 km SW of Bamboo Flat, India",usc000n8xu
2014-03-09 16:02:59.690,19.1942,95.7207,24.93,5.1,"56 km ESE of Myaydo, Myanmar",usc000n5yd
2014-03-09 23:01:13.630,12.4854,93.2534,68.68,4.1,"104 km NE of Bamboo Flat, India",usc000nnrt
2014-03-11 11:23:54.090,13.6975,92.9178,35.0,4.8,"222 km N of Bamboo Flat, India",usc000n7lq
2014-03-15 05:09:12.070,23.8952,93.8661,63.44,4.3,"52 km SSE of Chur?ch?ndpur, India",usc000nnyl
2014-03-17 14:43:16.800,25.6279,99.5717,10.0,4.2,"64 km W of Dali, China",usc000nsts
2014-03-18 12:48:43.290,12.8824,95.5253,35.0,4.2,"Andaman Islands, India region",usc000nswq
2014-03-18 19:20:45.220,22.9114,95.9723,22.09,4.4,"47 km NE of Shwebo, Myanmar",usc000nfvi
2014-03-19 14:02:13.300,13.9102,94.0153,34.2,4.4,"282 km NNE of Bamboo Flat, India",usc000nujm
2014-03-20 04:00:21.220,23.362,94.4366,71.15,4.5,"31 km S of Mawlaik, Myanmar",usc000nhzd
2014-03-21 12:39:54.180,24.1764,94.2542,60.59,4.0,"45 km SE of Kakching, India",usc000njr9
2014-03-22 08:35:34.160,22.9777,94.2498,86.24,4.5,"59 km E of Falam, Myanmar",usc000nkwj
2014-03-26 08:34:40.070,13.8067,92.8859,32.1,4.6,"233 km N of Bamboo Flat, India",usc000p59t
2014-03-26 14:31:25.890,25.9277,96.7983,50.45,4.1,"30 km S of Sarupathar, India",usc000p5a5
2014-03-28 03:09:53.690,26.4089,95.8483,97.33,4.1,"72 km SSE of Khonsa, India",usc000nu6m
2014-03-31 04:36:32.410,12.6077,95.2356,10.0,4.1,"290 km ENE of Port Blair, India",usb000pmi8
2014-03-31 11:07:28.550,28.1024,103.6179,10.0,4.2,"87 km N of Zhaotong, China",usb000pmij
2014-04-01 17:45:04.700,26.2313,92.9947,41.23,4.4,"28 km NNE of Hoj?i, India",usc000nz4i
2014-04-01 20:51:40.770,27.9843,101.6321,13.54,4.3,"62 km W of Xichang, China",usb000pmkc
2014-04-03 15:34:06.640,26.1904,100.7567,38.52,4.5,"86 km NE of Dali, China",usc000p367
2014-04-04 01:27:29.050,26.197,100.6917,36.49,4.4,"83 km NE of Dali, China",usc000p4a5
2014-04-04 06:57:43.460,23.0504,93.1676,41.45,4.2,"13 km SE of North Vanlaiphai, India",usc000p4ip
2014-04-04 22:40:35.440,28.1736,103.6189,24.74,5.4,"95 km N of Zhaotong, China",usc000p61s
2014-04-06 06:37:58.910,25.461,93.8616,52.33,4.4,"34 km SW of Koh?ma, India",usc000p7dd
2014-04-09 15:12:50.360,28.1125,103.6652,33.49,4.2,"88 km N of Zhaotong, China",usb000qlm9
2014-04-11 00:45:05.810,12.2036,93.1363,68.97,4.8,"72 km NE of Bamboo Flat, India",usc000pfib
2014-04-14 11:07:21.110,11.0186,93.4677,148.61,4.2,"106 km SE of Port Blair, India",usb000qq46
2014-04-19 18:35:43.580,24.4044,103.801,35.91,4.6,"12 km SSE of Zhongshu, China",usb000ql3e
2014-04-23 17:19:41.450,28.1044,103.5131,10.0,4.3,"89 km NNW of Zhaotong, China",usb000qqst
2014-04-24 22:49:50.230,22.6909,96.0692,13.14,4.1,"40 km ENE of Shwebo, Myanmar",usb000qqug
2014-04-27 07:29:55.990,15.3152,96.461,24.4,4.1,"136 km SE of Pyapon, Myanmar",usb000qr0x
2014-04-29 13:17:57.400,28.3821,104.9656,33.73,4.7,"25 km ESE of Xunchang, China",usb000qwcb
2014-04-29 20:16:17.180,26.0417,100.6494,41.01,4.5,"66 km NE of Dali, China",usb000qwcq
2014-04-30 07:46:57.260,23.157,94.3501,89.17,4.3,"54 km S of Mawlaik, Myanmar",usb000qwhh
2014-05-01 00:56:11.700,13.6122,92.937,28.8,4.1,"212 km N of Bamboo Flat, India",usb000q65l
2014-05-01 18:08:55.130,21.3703,101.1727,24.71,4.1,"52 km NNW of Luang Namtha, Laos",usb000qy19
2014-05-05 11:08:43.420,19.6557,99.6696,6.0,6.1,"32 km SSW of Chiang Rai, Thailand",usb000qack
2014-05-05 11:19:36.410,19.6647,99.6675,10.0,4.6,"32 km SSW of Chiang Rai, Thailand",usb000r4ay
2014-05-05 11:22:18.650,19.6347,99.7028,10.0,4.3,"33 km SSW of Chiang Rai, Thailand",usb000r4az
2014-05-05 12:20:59.590,19.6733,99.7106,10.0,4.1,"29 km SSW of Chiang Rai, Thailand",usb000r4bw
2014-05-05 13:34:29.510,19.6713,99.674,10.0,4.4,"31 km SSW of Chiang Rai, Thailand",usb000qagm
2014-05-05 16:07:26.190,19.5734,99.5475,10.0,4.0,"37 km NW of Mae Chai, Thailand",usb000r4bb
2014-05-05 19:12:05.320,19.7518,99.677,10.0,4.1,"23 km SW of Chiang Rai, Thailand",usb000r4bg
2014-05-05 20:05:24.170,19.6258,99.5304,10.0,4.2,"42 km NW of Mae Chai, Thailand",usb000qb2s
2014-05-05 21:17:03.470,19.7666,99.6121,10.0,4.4,"27 km SW of Chiang Rai, Thailand",usb000qb7j
2014-05-05 23:04:55.920,19.6331,99.5995,10.0,4.3,"38 km NW of Mae Chai, Thailand",usb000r4br
2014-05-06 00:50:16.270,19.7013,99.6272,10.0,5.0,"31 km SW of Chiang Rai, Thailand",usb000qbj3
2014-05-06 00:58:20.540,19.6185,99.4702,10.0,5.0,"42 km SE of Fang, Thailand",usb000qbj8
2014-05-06 12:42:13.380,19.595,99.5403,10.0,4.3,"39 km NW of Mae Chai, Thailand",usb000r5ci
2014-05-06 13:47:04.020,19.6651,99.5005,11.56,4.2,"40 km SE of Fang, Thailand",usb000r5cl
2014-05-06 14:50:14.150,19.6832,99.5271,10.0,4.6,"40 km SW of Chiang Rai, Thailand",usb000qc0x
2014-05-06 20:52:28.270,19.6291,99.5605,10.0,4.2,"41 km NW of Mae Chai, Thailand",usb000r5d4
2014-05-07 09:38:58.200,19.6549,99.5832,10.0,4.5,"38 km SW of Chiang Rai, Thailand",usb000r5e5
2014-05-07 14:11:45.660,25.5485,102.0658,28.08,4.9,"81 km NNW of Lianran, China",usb000qcw9
2014-05-08 20:43:36.820,19.7197,99.6905,10.0,4.1,"25 km SW of Chiang Rai, Thailand",usb000r6gh
2014-05-09 07:12:32.530,19.6138,99.4219,10.0,4.1,"39 km SSE of Fang, Thailand",usb000r6jg
2014-05-09 09:51:59.650,27.9895,101.7176,10.0,4.3,"54 km W of Xichang, China",usb000r6jf
2014-05-09 20:23:23.760,13.4908,93.505,51.61,4.3,"215 km NNE of Bamboo Flat, India",usb000r6k6
2014-05-12 08:33:30.570,12.1894,95.2604,28.78,4.5,"279 km ENE of Port Blair, India",usc000r92m
2014-05-12 11:05:30.290,19.6666,99.7099,10.0,4.3,"29 km SSW of Chiang Rai, Thailand",usb000qix3
2014-05-18 19:33:55.750,26.4109,92.9493,52.02,4.2,"28 km SSE of Tezpur, India",usb000qtv9
2014-05-23 20:49:21.970,24.9737,97.8437,8.0,5.8,"63 km SE of Myitkyina, Myanmar",usb000r1y6
2014-05-28 03:19:11.050,25.2405,95.1224,97.0,4.4,"78 km SE of Phek, India",usb000r69q
2014-05-29 03:23:46.560,24.2536,94.4977,85.55,4.6,"57 km SE of W?ngjing, India",usc000r8fh
2014-05-30 01:20:15.170,24.9997,97.845,10.0,5.9,"62 km SE of Myitkyina, Myanmar",usc000r8xg
2014-05-30 02:52:23.170,24.9482,98.06,10.0,4.1,"82 km SE of Myitkyina, Myanmar",usc000rgsn
2014-05-30 04:25:04.210,25.0416,98.0195,10.0,4.2,"73 km ESE of Myitkyina, Myanmar",usc000rgr3
2014-05-30 06:37:48.980,26.5567,90.227,10.0,4.0,"17 km NNW of Kokrajhar, India",usc000rgqv
2014-05-30 15:53:39.090,24.9766,97.912,10.0,4.7,"68 km SE of Myitkyina, Myanmar",usc000r95w
2014-05-30 19:19:41.030,24.9052,97.7444,10.0,4.4,Myanmar-China border region,usc000rgrr
2014-05-31 17:31:47.280,16.5243,95.6809,22.44,4.7,"9 km NNW of Kyaiklat, Myanmar",usc000r9hr
2014-06-03 05:34:50.060,24.8779,97.7542,17.5,4.5,"66 km SSE of Myitkyina, Myanmar",usc000rabz
2014-06-04 07:20:14.170,22.5351,93.3926,55.25,4.6,"25 km WSW of Hakha, Myanmar",usc000rarb
2014-06-07 22:23:21.680,23.3067,94.1108,67.31,4.4,"47 km SW of Mawlaik, Myanmar",usc000rcms
2014-06-08 09:15:02.260,19.6266,96.1897,27.03,4.6,"12 km S of Pyinmana, Myanmar",usc000rcpy
2014-06-09 12:59:27.200,20.5472,99.9555,10.0,4.4,"13 km NE of Tachilek, Myanmar",usc000rcvg
2014-06-09 17:40:23.230,24.1878,91.5293,31.79,4.1,"13 km NNW of Khowai, India",usc000rn31
2014-06-10 19:45:45.760,10.9021,91.8209,27.97,4.0,"131 km SW of Port Blair, India",usc000rlqs
2014-06-11 15:07:31.670,23.2957,94.3076,45.51,4.2,"39 km SSW of Mawlaik, Myanmar",usc000rdzi
2014-06-12 18:37:20.150,25.0891,98.171,10.0,4.1,"84 km ESE of Myitkyina, Myanmar",usc000rmkr
2014-06-14 05:24:27.440,26.8748,92.5167,10.0,4.3,"15 km WNW of Rang?p?ra, India",usc000rfff
2014-06-16 17:39:48.080,24.9963,97.8614,10.0,4.4,"63 km SE of Myitkyina, Myanmar",usc000rg9n
2014-06-16 21:30:01.230,10.3833,93.925,73.8,4.4,"191 km SE of Port Blair, India",usc000rmsq
2014-06-18 03:04:09.550,24.7211,95.1007,101.17,4.3,"105 km E of W?ngjing, India",usc000rh4v
2014-06-20 03:13:37.030,25.8912,97.3375,10.0,4.1,"56 km N of Myitkyina, Myanmar",usc000rijf
2014-06-24 00:15:39.960,28.3124,104.8773,10.0,4.1,"22 km SE of Xunchang, China",usc000rksf
2014-06-24 03:52:25.200,23.153,94.2199,64.24,4.1,"57 km SSW of Mawlaik, Myanmar",usb000rvze
2014-06-25 00:03:15.420,27.9942,101.4053,10.0,4.1,"85 km W of Xichang, China",usb000rvjh
2014-06-28 05:57:06.280,11.6352,93.4306,37.53,4.4,"74 km E of Port Blair, India",usb000rvmt
2014-07-01 20:06:29.070,25.0114,94.1629,69.7,4.3,"31 km NE of Imph?l, India",usb000rvv3
2014-07-04 04:11:28.790,28.0136,101.5142,10.0,4.1,"74 km W of Xichang, China",usb000ruzu
2014-07-11 11:56:39.990,29.5886,103.0098,10.0,4.5,"73 km W of Leshan, China",usb000rwf3
2014-07-13 22:50:47.880,24.156,94.4741,81.69,4.2,"57 km N of Mawlaik, Myanmar",usb000rwlm
2014-07-19 12:14:59.470,21.4894,103.9767,17.12,4.6,"19 km NNE of S?n La, Vietnam",usb000rujk
2014-07-20 06:51:01.350,21.7702,93.5718,54.58,4.5,"96 km S of Hakha, Myanmar",usb000rz2i
2014-07-26 13:26:24.850,25.7952,100.5245,47.84,4.4,"39 km NE of Dali, China",usb000s0s6
2014-07-29 07:07:07.130,14.3603,93.0904,12.0,5.3,"297 km N of Bamboo Flat, India",usb000ry7u
2014-07-29 07:42:41.540,23.7831,94.4006,41.3,4.1,"15 km N of Mawlaik, Myanmar",usb000s1er
2014-07-29 10:23:24.210,22.4269,94.6179,121.57,4.6,"63 km WNW of Monywa, Myanmar",usb000s1e1
2014-07-31 04:33:42.920,25.9044,100.6799,10.0,4.4,"58 km NE of Dali, China",usb000s23q
2014-07-31 13:41:00.830,12.4337,95.2033,10.0,5.8,"280 km ENE of Port Blair, India",usb000ryuh
2014-07-31 14:21:11.960,12.4404,95.3165,10.0,4.6,"292 km ENE of Port Blair, India",usb000s24c
2014-07-31 17:33:29.240,12.4743,95.2033,10.0,4.9,"282 km ENE of Port Blair, India",usb000ryxu
2014-07-31 17:34:08.620,12.3436,95.0439,26.23,5.1,"261 km ENE of Port Blair, India",usb000s24x
2014-08-01 16:20:21.740,12.0898,95.6271,25.63,4.1,"Andaman Islands, India region",usb000s2pg
2014-08-01 20:27:50.430,24.3849,94.7039,85.67,4.7,"68 km ESE of W?ngjing, India",usb000s2p9
2014-08-01 21:11:08.780,12.4019,95.5705,10.0,4.6,"Andaman Islands, India region",usb000s2pc
2014-08-01 21:47:04.450,11.9976,95.1248,10.0,4.6,"261 km E of Port Blair, India",usb000s2pb
2014-08-02 01:02:00.150,12.5741,95.5532,21.24,4.0,"Andaman Islands, India region",usb000s2pq
2014-08-02 16:18:59.530,11.8708,93.6433,129.36,4.7,"100 km ENE of Port Blair, India",usb000rzhf
2014-08-03 08:30:13.570,27.1891,103.4086,12.0,6.2,"33 km WSW of Zhaotong, China",usb000rzmg
2014-08-03 10:12:44.560,27.1037,103.5176,10.0,4.3,"30 km SW of Zhaotong, China",usb000s2wg
2014-08-03 10:34:03.070,27.1625,103.3621,10.0,4.5,"39 km WSW of Zhaotong, China",usb000s2w4
2014-08-03 11:07:22.280,27.1651,103.6709,10.0,4.4,"17 km SSW of Zhaotong, China",usb000rzmw
2014-08-03 11:46:33.860,27.0826,103.5382,10.0,4.4,"31 km SW of Zhaotong, China",usb000s2w6
2014-08-03 13:47:09.950,27.2425,103.3889,10.0,4.6,"33 km WSW of Zhaotong, China",usb000rznf
2014-08-03 14:28:31.600,27.1502,103.4774,10.0,4.7,"30 km SW of Zhaotong, China",usb000rznh
2014-08-03 15:08:31.970,27.1281,103.4039,10.0,4.3,"37 km SW of Zhaotong, China",usb000s2wf
2014-08-03 19:30:32.290,27.1612,103.4425,10.0,4.6,"32 km WSW of Zhaotong, China",usb000rzp2
2014-08-03 23:06:11.160,27.2216,103.3272,10.0,4.3,"39 km WSW of Zhaotong, China",usb000s2ws
2014-08-04 09:11:50.500,16.1393,96.0109,10.0,2.9,"39 km ESE of Pyapon, Myanmar",usb000s0pa
2014-08-05 15:34:09.120,15.8472,96.2235,22.9,4.2,"75 km SE of Pyapon, Myanmar",usb000s30w
2014-08-05 16:11:53.300,15.8545,96.2541,24.31,4.6,"77 km SE of Pyapon, Myanmar",usb000s31a
2014-08-05 23:28:34.780,15.9283,96.1768,10.0,4.2,near the south coast of Myanmar,usb000s31e
2014-08-08 06:39:30.010,27.1939,103.3072,10.0,4.6,"42 km WSW of Zhaotong, China",usb000s4u0
2014-08-09 21:11:48.350,12.5912,95.3368,21.33,4.3,"299 km ENE of Port Blair, India",usb000s4wq
2014-08-09 22:18:37.270,10.5702,91.7169,29.52,4.4,"165 km SW of Port Blair, India",usb000s4ws
2014-08-10 04:39:13.090,27.1479,103.4239,10.0,4.1,"34 km WSW of Zhaotong, China",usb000s4zl
2014-08-13 12:16:31.730,27.1294,103.5083,30.05,4.1,"29 km SW of Zhaotong, China",usb000s685
2014-08-16 16:39:55.170,24.593,94.5693,91.24,5.0,"51 km E of W?ngjing, India",usb000s3dx
2014-08-16 22:07:59.640,28.1251,103.5463,10.0,5.0,"91 km N of Zhaotong, China",usb000s3gk
2014-08-16 22:18:37.200,28.2464,103.6539,10.0,4.3,"103 km N of Zhaotong, China",usb000s3gp
2014-08-17 08:45:52.980,28.1095,103.5805,10.0,4.4,"88 km N of Zhaotong, China",usb000s3jl
2014-08-17 09:11:45.500,28.1851,103.7061,10.0,4.7,"96 km N of Zhaotong, China",usb000s3jp
2014-08-17 20:34:32.440,23.6717,91.4071,38.0,4.1,"7 km NE of Barjala, India",usc000s7yq
2014-08-17 23:10:40.320,19.713,95.663,32.61,4.2,"34 km SSE of Taungdwingyi, Myanmar",usc000s7yp
2014-08-20 08:05:03.110,27.5614,92.5625,38.3,4.1,"Arunachal Pradesh, India",usc000s8xh
2014-08-20 10:20:58.010,28.1525,103.5911,31.46,4.6,"eastern Sichuan, China",usc000s8xt
2014-08-21 04:11:06.690,25.8874,100.6999,38.86,4.3,"59 km NE of Dali, China",usc000s8z7
2014-08-21 23:15:35.080,18.2994,94.5089,49.45,4.3,"85 km W of Myanaung, Myanmar",usc000s8zt
2014-08-23 02:29:13.610,27.0989,103.5564,10.0,4.6,"28 km SSW of Zhaotong, China",usc000s9wr
2014-08-24 22:32:48.420,19.5784,99.4487,20.44,4.5,"44 km SSE of Fang, Thailand",usb000s5wt
2014-08-24 23:10:12.870,26.1235,100.5916,10.0,4.3,"70 km NNE of Dali, China",usb000s9p0
2014-08-25 08:43:03.870,14.3762,93.1925,37.18,4.6,"Andaman Islands, India region",usb000s9q5
2014-08-27 10:45:13.420,22.9985,101.1224,9.14,4.3,"118 km NNE of Jinghong, China",usb000sadl
2014-09-04 07:30:46.190,23.8778,94.111,10.0,4.4,"39 km NW of Mawlaik, Myanmar",usb000scjw
2014-09-06 17:12:18.440,25.0074,95.365,134.14,4.7,Myanmar,usb000sa01
2014-09-08 02:40:38.940,27.2017,103.4539,10.0,4.4,"28 km WSW of Zhaotong, China",usb000sdir
2014-09-08 13:11:00.360,14.2877,92.8678,27.77,4.6,"286 km N of Bamboo Flat, India",usb000sabl
2014-09-09 09:28:22.190,22.1989,93.244,10.0,5.4,"42 km SE of Saiha, India",usb000samy
2014-09-09 23:11:50.690,10.6033,91.7456,27.11,4.0,"160 km SW of Port Blair, India",usb000se03
2014-09-10 08:59:31.550,27.1556,103.5516,10.0,4.7,"24 km SW of Zhaotong, China",usb000sazs
2014-09-11 16:29:38.060,28.1711,103.5875,33.23,4.4,"95 km N of Zhaotong, China",usb000sbe9
2014-09-13 03:31:26.050,27.737,92.9356,51.18,4.1,"72 km NE of Bomdila, India",usb000sfhk
2014-09-15 08:19:25.760,20.5933,92.9736,10.0,4.5,"50 km N of Sittwe, Myanmar",usb000sfwp
2014-09-15 21:38:59.490,24.5258,94.7457,90.15,4.3,"69 km E of W?ngjing, India",usb000sfxh
2014-09-16 11:06:20.650,25.9103,99.8438,35.0,4.3,"51 km NW of Dali, China",usb000sgb5
2014-09-16 15:33:59.750,26.2304,98.0613,10.0,4.3,"115 km NE of Myitkyina, Myanmar",usb000sd00
2014-09-17 05:05:43.250,27.1324,103.4737,10.0,4.5,"31 km SW of Zhaotong, China",usb000sgdi
2014-09-17 10:04:40.560,23.1078,94.3299,90.01,4.3,"59 km S of Mawlaik, Myanmar",usb000sgdu
2014-09-20 13:16:38.410,23.4256,94.6821,95.97,4.5,"37 km SE of Mawlaik, Myanmar",usb000seh9
2014-09-21 01:46:09.280,29.8495,95.2495,26.68,4.1,"169 km NNE of Shi Yomi, India",usb000shqs
2014-09-21 06:31:20.640,29.8636,95.3383,24.81,4.0,"175 km NNE of Shi Yomi, India",usb000shr0
2014-09-24 00:59:17.040,14.0956,93.1949,40.58,4.3,"270 km N of Bamboo Flat, India",usb000sff0
2014-09-26 04:21:24.080,12.5193,95.2254,20.22,5.5,"285 km ENE of Port Blair, India",usb000sg5e
2014-09-30 17:44:21.830,28.3916,104.9703,35.64,4.4,"25 km ESE of Xunchang, China",usb000shf7
2014-10-01 01:23:29.420,28.3998,102.7906,9.32,5.1,"76 km NE of Xichang, China",usb000shjw
2014-10-03 03:48:44.910,10.5141,92.0977,30.65,4.3,"145 km SSW of Port Blair, India",usb000smdp
2014-10-06 14:10:21.210,14.2611,93.1258,35.18,4.6,"286 km N of Bamboo Flat, India",usb000snd2
2014-10-06 23:25:21.450,27.138,103.2024,10.0,4.3,"54 km WSW of Zhaotong, China",usb000snde
2014-10-07 13:49:39.720,23.3834,100.4702,8.51,6.1,"125 km SW of Jianshui, China",usb000sjim
2014-10-07 14:38:52.830,23.3609,100.5503,16.14,4.2,"122 km SW of Jianshui, China",usb000sjj0
2014-10-07 19:01:15.320,23.3384,100.5155,15.15,4.2,"126 km SW of Jianshui, China",usb000sjmi
2014-10-08 00:22:53.570,10.8841,92.7316,49.34,4.0,"86 km S of Port Blair, India",usb000sngr
2014-10-08 09:01:50.570,23.2846,100.4191,15.11,4.1,"137 km SW of Jianshui, China",usb000snh8
2014-10-09 01:41:20.090,14.0353,93.0968,32.52,4.4,"261 km N of Bamboo Flat, India",usb000spfj
2014-10-09 10:03:28.490,18.2953,95.2938,59.14,4.5,Myanmar,usb000sk7j
2014-10-11 06:05:14.930,23.4364,100.5024,15.58,4.7,"118 km SW of Jianshui, China",usb000skzt
2014-10-12 03:32:46.310,12.8728,93.8655,136.26,4.9,"180 km NE of Bamboo Flat, India",usb000sl7f
2014-10-16 20:51:03.150,24.7913,97.685,10.0,4.3,"71 km SSE of Myitkyina, Myanmar",usb000sn6v
2014-10-17 09:44:50.750,27.1694,97.0744,10.0,4.7,"109 km NNE of Sarupathar, India",usb000snbu
2014-10-24 00:05:26.880,23.9814,93.9631,69.37,4.6,"49 km SE of Chur?ch?ndpur, India",usb000sq85
2014-10-24 05:11:56.070,23.6866,94.6864,108.67,4.6,"29 km E of Mawlaik, Myanmar",usb000sq9d
2014-10-24 05:56:45.470,27.8491,91.8364,10.0,4.3,"31 km NNW of Tawang, India",usb000sq9f
2014-10-26 16:02:34.790,27.1132,103.5467,33.26,4.6,"28 km SW of Zhaotong, China",usb000sqrp
2014-10-27 14:33:47.490,17.5671,94.343,38.31,4.4,"96 km NNW of Pathein, Myanmar",usc000sver
2014-11-02 05:41:04.300,26.7052,94.045,57.37,4.3,"7 km E of Dergaon, India",usc000sx9z
2014-11-08 17:06:46.170,24.8777,96.298,66.19,4.8,"117 km NW of Bhamo, Myanmar",usc000svpv
2014-11-08 18:19:39.990,24.8744,94.866,87.48,4.8,"85 km ENE of Yairipok, India",usc000svq2
2014-11-10 10:34:29.100,19.4662,94.9167,67.46,4.6,"32 km WNW of Thayetmyo, Myanmar",usc000svzk
2014-11-11 18:35:50.430,23.5981,94.0857,71.86,4.7,"32 km W of Mawlaik, Myanmar",usb000sytb
2014-11-13 21:29:29.760,24.8093,95.2728,129.63,4.4,"122 km SE of Phek, India",usb000t0gn
2014-11-16 20:33:34.210,24.0419,93.581,60.62,4.3,"33 km SSW of Chur?ch?ndpur, India",usc000sxxk
2014-11-17 02:06:37.150,27.5222,90.3078,31.87,4.2,"19 km W of Trongsa, Bhutan",usb000t235
2014-11-17 04:34:12.360,20.7795,94.4211,66.0,5.3,"43 km WSW of Chauk, Myanmar",usc000sy0y
2014-11-20 09:50:32.480,23.3318,100.5036,15.27,4.5,"127 km SW of Jianshui, China",usb000sy73
2014-11-20 18:14:37.790,23.5081,93.5148,49.0,5.6,"42 km ENE of Khawhai, India",usb000sybr
2014-11-20 22:45:24.230,23.4809,93.4722,63.57,4.1,"36 km ENE of Khawhai, India",usb000sye7
2014-11-20 23:16:12.520,27.0442,103.3629,10.0,4.1,"46 km SW of Zhaotong, China",usb000syes
2014-11-21 16:11:16.370,23.5043,93.5255,67.72,4.6,"42 km ENE of Khawhai, India",usb000syke
2014-11-21 21:07:36.430,27.9211,101.5369,10.0,4.4,"71 km W of Xichang, China",usc000t3xh
2014-11-23 10:45:27.990,23.8065,93.7677,65.96,4.5,"59 km S of Chur?ch?ndpur, India",usc000t424
2014-11-26 13:43:04.210,28.0876,101.8508,15.63,4.5,"45 km WNW of Xichang, China",usc000t56c
2014-11-26 15:56:40.590,21.1981,93.7431,60.4,4.2,"116 km WNW of Chauk, Myanmar",usc000t571
2014-11-27 11:17:29.720,22.1044,95.8985,22.23,4.1,"23 km NW of Mandalay, Myanmar",usc000t5kf
2014-11-28 01:09:41.670,17.2751,96.3481,15.39,4.4,"15 km WSW of Bago, Myanmar",usb000t0sp
2014-11-28 01:18:45.610,12.5135,92.7957,43.76,5.3,"90 km N of Bamboo Flat, India",usb000t0sq
2014-11-29 18:01:01.570,11.1086,93.6105,128.58,4.6,"112 km ESE of Port Blair, India",usb000t17l
2014-12-04 23:53:51.870,26.886,92.6206,53.1,4.6,"7 km NW of Rang?p?ra, India",usc000t3w5
2014-12-05 18:43:46.290,23.3363,100.4736,11.0,5.6,"129 km SW of Jianshui, China",usc000t440
2014-12-06 10:20:01.520,23.3577,100.533,10.0,5.6,"123 km SW of Jianshui, China",usc000t48q
2014-12-07 09:23:06.290,23.3802,100.5213,10.0,4.6,"122 km SW of Jianshui, China",usc000t4ef
2014-12-08 05:39:01.540,11.8283,93.5972,126.47,4.5,"94 km E of Port Blair, India",usc000t4jd
2014-12-10 14:44:46.300,24.401,94.5466,84.1,4.2,"53 km ESE of W?ngjing, India",usc000t9r6
2014-12-11 19:27:36.410,24.405,94.5261,79.9,4.7,"51 km ESE of W?ngjing, India",usc000t9t1
2014-12-15 18:19:13.350,27.0832,103.5394,30.49,4.4,"Sichuan-Yunnan-Guizhou region, China",usc000t714
2014-12-21 05:09:41.350,27.883,101.4748,35.03,4.2,"77 km W of Xichang, China",usc000t8u8
2014-12-21 05:37:39.090,24.2001,94.6939,99.66,5.1,"68 km NNE of Mawlaik, Myanmar",usc000t8ua
2014-12-22 23:24:48.140,22.4184,93.0824,48.25,4.4,"13 km SE of Saiha, India",usc000t9ae
2014-12-26 06:07:09.660,21.4859,98.4374,10.0,4.8,"164 km ENE of Taunggyi, Myanmar",usc000ta1e
2014-12-27 02:02:34.830,23.2423,94.908,122.04,4.2,"67 km SE of Mawlaik, Myanmar",usc000ta5t
2014-12-28 17:22:52.590,22.6329,94.1131,54.32,4.5,"51 km E of Hakha, Myanmar",usc000tg2l
2014-12-29 16:08:35.090,28.1269,104.8471,32.91,4.2,"38 km SSE of Xunchang, China",usc000tf91
2014-12-29 17:26:57.600,26.2946,91.6204,45.02,4.0,"10 km ENE of H?jo, India",usc000taqh
2014-12-31 16:12:02.950,21.9688,93.3698,57.44,4.5,"70 km SE of Saiha, India",usc000taym
2015-01-02 23:23:20.420,22.7664,96.0449,16.27,4.1,"41 km ENE of Shwebo, Myanmar",usc000tbct
2015-01-03 00:16:22.860,28.5062,103.8311,10.0,4.3,"83 km WSW of Yibin, China",usc000tgdx
2015-01-05 15:39:33.240,24.257,93.6863,61.69,4.2,"8 km S of Chur?ch?ndpur, India",usc000th5a
2015-01-10 13:06:35.640,10.9378,93.5415,123.96,4.6,"118 km SE of Port Blair, India",usc000tegh
2015-01-14 05:21:38.830,29.3525,103.1991,10.0,5.3,"59 km WSW of Leshan, China",usc000tfjg
2015-01-15 01:33:04.600,22.6215,92.6144,50.37,4.3,"32 km SSW of Lunglei, India",usc000tfx6
2015-01-18 13:09:51.220,26.0195,95.5982,78.99,4.2,"82 km ESE of Tuensang, India",usc000tgy8
2015-01-19 15:30:49.670,25.9991,99.7074,10.0,4.4,"68 km NW of Dali, China",usc000th7c
2015-01-22 07:43:14.270,12.8591,93.048,35.0,4.0,"Andaman Islands, India region",usc000tkcy
2015-01-23 00:29:41.070,12.4886,92.8765,33.17,4.2,"88 km NNE of Bamboo Flat, India",usc000tkxl
2015-01-24 16:11:42.660,25.0231,95.1923,120.19,4.7,"99 km SE of Phek, India",usc000tit8
2015-01-26 18:29:23.530,12.3316,92.7859,29.61,4.4,"70 km N of Bamboo Flat, India",usc000tj70
2015-01-27 12:41:34.870,23.1027,95.9982,38.62,4.2,"56 km WNW of Mogok, Myanmar",usc000tli6
2015-01-27 18:14:34.350,28.584,103.7738,32.57,4.0,"86 km WSW of Yibin, China",usc000tlij
2015-01-28 14:43:42.420,28.4383,104.8748,10.0,4.6,"15 km E of Xunchang, China",usc000tljz
2015-01-30 06:37:34.860,12.5865,95.2811,10.0,4.2,"294 km ENE of Port Blair, India",usc000tmgy
2015-02-01 13:33:06.580,24.8923,96.4688,61.78,4.1,"104 km NW of Bhamo, Myanmar",usc000tndf
2015-02-01 16:00:48.230,26.4166,93.3551,45.22,4.2,"34 km SW of Bok?kh?t, India",usc000tkr7
2015-02-02 00:20:31.360,28.0496,104.6463,10.0,4.0,"45 km S of Xunchang, China",usc000tnpe
2015-02-06 21:01:07.800,28.3512,104.8941,10.0,5.0,"20 km ESE of Xunchang, China",usc000tmuq
2015-02-07 00:47:37.830,28.3171,104.9368,35.61,4.2,"26 km SE of Xunchang, China",usb000tp02
2015-02-09 14:13:06.360,10.1025,92.9256,43.86,4.7,"174 km S of Port Blair, India",usc000tncd
2015-02-10 15:45:33.980,27.1564,103.4086,31.37,4.2,"35 km WSW of Zhaotong, China",usb000tppd
2015-02-11 03:30:11.780,13.2332,92.3474,20.15,5.1,"174 km NNW of Bamboo Flat, India",usc000tnwj
2015-02-12 14:33:07.830,23.9982,93.923,65.84,4.8,"45 km SE of Chur?ch?ndpur, India",usb000tnl7
2015-02-12 15:33:50.100,23.7765,93.7186,54.61,4.4,"61 km S of Chur?ch?ndpur, India",usb000tqaa
2015-02-16 05:31:15.360,25.1347,95.3089,35.0,4.0,"100 km SE of Phek, India",usc000trvb
2015-02-19 09:18:19.650,26.5563,96.7339,56.84,4.0,"39 km N of Sarupathar, India",usc000trec
2015-02-20 22:37:50.280,23.0097,101.7553,10.0,4.5,"148 km WSW of Gejiu, China",usc000ts0n
2015-02-23 06:32:07.690,10.8233,92.0612,29.72,4.5,"119 km SW of Port Blair, India",usc000tses
2015-02-23 06:36:34.870,25.7707,95.1743,94.12,4.4,"65 km SSE of Tuensang, India",usc000tseu
2015-03-01 10:24:41.360,23.5657,98.8539,10.0,5.2,"132 km ENE of Lashio, Myanmar",usc000tu67
2015-03-03 09:23:53.540,23.4662,99.0155,10.0,4.5,"142 km ENE of Lashio, Myanmar",usc000tumq
2015-03-08 05:45:15.900,22.5853,95.8284,10.0,4.4,"13 km E of Shwebo, Myanmar",usc000twi8
2015-03-08 15:43:47.220,13.4596,92.7483,40.08,4.6,"194 km N of Bamboo Flat, India",us10001ll4
2015-03-09 09:59:43.550,25.32,103.1386,10.0,4.6,"52 km NE of Kunming, China",usc000twqa
2015-03-17 15:28:39.650,24.3192,94.6817,98.9,4.3,"69 km ESE of W?ngjing, India",us10001p7g
2015-03-25 10:13:10.700,13.474,91.9212,29.3,4.3,"214 km NNW of Bamboo Flat, India",us10001s9z
2015-04-02 18:01:48.190,28.8937,104.1194,10.0,4.2,"52 km WNW of Yibin, China",us200025mj
2015-04-03 12:23:55.350,23.255,94.263,109.7,4.5,"45 km SSW of Mawlaik, Myanmar",us200025np
2015-04-03 12:45:21.710,10.5197,93.3413,104.21,4.6,"142 km SSE of Port Blair, India",us10001tkc
2015-04-09 22:49:42.590,14.0702,92.8474,27.94,5.1,"262 km N of Bamboo Flat, India",us200025i0
2015-04-11 01:17:50.560,28.2564,104.7238,10.0,4.1,"21 km S of Xunchang, China",us200027aw
2015-04-13 05:55:04.530,13.7526,93.8242,35.0,4.3,"256 km NNE of Bamboo Flat, India",us20002825
2015-04-13 10:28:45.300,24.0083,102.9801,10.0,4.7,"47 km NW of Kaiyuan, China",us20002630
2015-04-14 22:01:59.150,10.8469,93.8077,138.56,4.1,"147 km SE of Port Blair, India",us2000283r
2015-04-15 17:57:00.890,24.3994,96.1785,42.01,4.2,"108 km W of Bhamo, Myanmar",us200026rk
2015-04-16 22:05:49.650,26.7924,92.7714,35.0,4.8,"11 km ESE of Rang?p?ra, India",us20002763
2015-04-18 17:22:28.990,10.6798,93.2625,101.08,4.2,"122 km SSE of Port Blair, India",us200028tx
2015-04-21 00:17:28.930,14.1208,92.9493,27.07,5.1,"269 km N of Bamboo Flat, India",us200027ye
2015-04-23 23:58:22.380,12.2983,94.9874,34.43,4.9,"253 km ENE of Port Blair, India",us200028p4
2015-04-24 11:49:06.070,28.152,104.8369,30.44,4.2,"35 km SSE of Xunchang, China",us20002afm
2015-04-29 01:29:52.960,13.8314,93.0926,64.87,4.2,"239 km N of Bamboo Flat, India",us20002c90
2015-04-30 19:21:18.100,26.2401,94.7996,10.0,4.8,"3 km SW of Tuensang, India",us20002aid
2015-05-01 08:58:41.800,10.7112,91.9645,29.31,5.3,"135 km SW of Port Blair, India",us20002aml
2015-05-01 10:14:02.210,28.065,103.5546,32.76,4.1,"84 km N of Zhaotong, China",us20002dh4
2015-05-06 14:45:25.850,12.5837,95.1783,18.77,4.4,"283 km ENE of Port Blair, India",us100029ai
2015-05-08 03:02:32.780,13.6955,92.8907,32.32,4.5,"221 km N of Bamboo Flat, India",us20002dp4
2015-05-21 12:43:35.350,22.7454,95.8893,22.56,4.2,"27 km NE of Shwebo, Myanmar",us10002b3j
2015-05-24 06:27:33.910,20.465,98.9465,10.0,4.6,"66 km NNW of Fang, Thailand",us20002ln3
2015-05-25 15:59:02.060,22.1323,93.2059,53.29,4.5,"46 km SSE of Saiha, India",us20002m1h
2015-05-26 17:24:13.450,24.2488,93.9733,64.58,4.3,"27 km S of Kakching, India",us10002c8y
2015-05-26 18:07:53.220,19.1827,103.829,13.27,4.5,"73 km ESE of Muang Phônsavan, Laos",us20002mav
2015-06-01 07:12:08.970,26.2683,95.7989,114.83,4.3,"86 km SSE of Khonsa, India",us20002pay
2015-06-07 19:47:29.440,19.0767,94.8369,62.42,4.2,"45 km SW of Thayetmyo, Myanmar",us20002qqc
2015-06-12 00:24:19.850,22.8401,94.7168,97.79,4.2,"91 km NNW of Monywa, Myanmar",us10002ld2
2015-06-12 18:29:30.290,14.0119,93.5776,48.57,5.2,"272 km NNE of Bamboo Flat, India",us20002pfu
2015-06-15 21:39:20.250,22.0838,94.1411,75.37,4.3,"82 km SE of Hakha, Myanmar",us10002lym
2015-06-28 01:05:28.560,26.6384,90.41,26.0,5.1,"18 km N of B?sugaon, India",us10002m67
2015-06-30 13:15:57.200,26.0436,90.7596,42.34,4.0,"19 km SE of Go?lp?ra, India",us20002xmg
2015-06-30 15:48:07.630,11.1788,94.7854,45.33,4.5,"228 km ESE of Port Blair, India",us20002xmm
2015-07-01 02:42:40.790,27.2728,91.2869,35.46,4.5,"4 km E of Mongar, Bhutan",us20002xqe
2015-07-03 00:37:45.350,13.1543,93.2895,50.79,4.8,"172 km NNE of Bamboo Flat, India",us10002n4u
2015-07-03 02:20:32.030,11.4867,94.9322,10.0,4.8,"239 km E of Port Blair, India",us10002n5i
2015-07-03 03:16:35.510,11.4234,95.032,8.71,5.5,"250 km E of Port Blair, India",us10002n5q
2015-07-03 17:01:22.160,23.7112,94.6007,81.49,4.0,"21 km ENE of Mawlaik, Myanmar",us20002yxw
2015-07-04 18:41:36.360,12.9416,93.2393,48.47,4.5,"148 km NNE of Bamboo Flat, India",us20002z7w
2015-07-04 23:08:20.420,24.7918,95.3332,131.72,4.4,"128 km SE of Phek, India",us20002z7t
2015-07-10 01:53:14.730,27.4318,94.1447,14.66,4.1,"22 km N of North Lakhimpur, India",us200031b2
2015-07-10 12:53:23.250,26.6628,90.5991,19.67,4.3,"20 km N of Bongaigaon, India",us20002wjm
2015-07-13 11:03:03.810,26.4644,96.5118,101.35,4.5,"41 km NW of Sarupathar, India",us20002x3y
2015-07-14 14:25:14.430,15.1174,98.4765,14.21,4.4,"4 km SSE of Sangkhla Buri, Thailand",us10002xvh
2015-07-21 01:27:07.530,19.0777,96.2302,9.49,5.0,"26 km NW of Taungoo, Myanmar",us20002ysq
2015-07-21 08:21:37.980,24.0249,93.694,59.71,4.2,"34 km S of Chur?ch?ndpur, India",us1000312b
2015-07-27 07:33:41.920,27.3538,91.184,32.22,4.4,"10 km NNW of Mongar, Bhutan",us200030c1
2015-07-28 21:29:07.560,13.1078,92.4848,30.23,4.2,"157 km N of Bamboo Flat, India",us100032vy
2015-08-03 20:47:48.290,11.7006,92.3479,30.39,4.7,"40 km W of Bamboo Flat, India",us10002xlp
2015-08-07 09:49:06.490,27.2107,103.3367,35.0,4.2,"39 km WSW of Zhaotong, China",us100034pu
2015-08-10 17:05:25.620,18.4281,95.9666,21.22,4.5,"49 km E of Paungde, Myanmar",us100030uk
2015-08-12 02:44:51.250,24.6339,94.8588,42.8,4.5,"80 km E of W?ngjing, India",us100031bx
2015-08-15 11:45:51.350,23.5475,96.886,40.5,4.1,Myanmar,us20003fba
2015-08-16 08:24:16.780,18.3756,95.7085,10.0,4.5,"24 km ESE of Paungde, Myanmar",us20003fd9
2015-08-16 21:35:31.560,13.257,93.6061,110.3,4.5,"197 km NNE of Bamboo Flat, India",us100032qj
2015-08-18 04:13:34.990,27.42,102.4566,10.0,4.4,"56 km SSE of Xichang, China",us20003frf
2015-08-20 19:21:14.810,26.0142,90.2598,42.95,3.9,"4 km WSW of Lakhipur, India",us100033t5
2015-08-26 18:05:05.270,29.6875,95.8334,27.31,4.3,"186 km NNE of P?sigh?t, India",us20003hjx
2015-08-29 02:05:17.340,13.8085,92.9054,28.8,4.2,"234 km N of Bamboo Flat, India",us20003htb
2015-08-29 16:31:16.400,24.8239,95.143,113.11,4.1,"111 km E of Yairipok, India",us20003htp
2015-08-31 01:52:54.080,23.1486,94.8938,59.66,4.1,"74 km SE of Mawlaik, Myanmar",us20003ita
2015-09-03 08:30:33.350,27.6512,100.2813,26.91,4.3,"59 km ESE of Shangri-La, China",us20003jnv
2015-09-03 20:49:23.600,24.5826,94.8224,43.17,4.5,"76 km E of W?ngjing, India",us20003g4d
2015-09-05 05:39:03.450,26.1923,92.8261,47.23,4.2,"21 km N of Hoj?i, India",us20003kq2
2015-09-06 17:51:23.710,29.1072,102.0902,73.39,4.3,"100 km S of Kangding, China",us20003gzq
2015-09-13 15:43:29.150,22.9668,96.0216,35.0,4.2,"50 km W of Mogok, Myanmar",us20003nyk
2015-09-14 09:45:39.480,27.6703,100.2728,10.0,4.6,"58 km ESE of Shangri-La, China",us20003p1e
2015-09-17 18:34:17.230,24.5969,94.6668,80.13,4.7,"61 km E of W?ngjing, India",us20003kra
2015-09-17 22:59:44.230,28.4215,104.9219,29.64,4.3,"20 km E of Xunchang, China",us10003j7e
2015-09-18 20:25:19.330,23.6991,93.8603,64.09,4.0,"55 km W of Mawlaik, Myanmar",us10003jik
2015-09-18 21:16:45.700,23.3233,93.9401,80.2,4.4,"52 km NNE of Falam, Myanmar",us10003jin
2015-09-22 09:33:46.950,12.1895,95.0107,28.09,4.7,"253 km ENE of Port Blair, India",us10003lcs
2015-09-22 13:19:20.760,22.9503,94.4498,82.76,4.7,"76 km S of Mawlaik, Myanmar",us20003mvp
2015-09-23 04:51:32.590,13.0849,92.4507,28.2,4.4,"155 km N of Bamboo Flat, India",us10003ldq
2015-09-25 16:57:41.390,26.5308,91.6928,48.82,4.4,"11 km NE of Rangia, India",us20003p4y
2015-09-25 20:28:38.850,23.1474,94.5161,90.41,4.1,"56 km SSE of Mawlaik, Myanmar",us20003p7w
2015-09-29 01:59:35.790,21.0922,94.5437,89.18,4.4,"35 km NW of Chauk, Myanmar",us10003n0k
2015-09-29 19:05:17.550,10.2513,93.803,90.34,4.3,"194 km SE of Port Blair, India",us10003n07
2015-10-02 11:29:24.030,22.5271,93.4444,42.65,4.6,"21 km SW of Hakha, Myanmar",us10003jra
2015-10-10 23:54:35.280,24.2558,96.0264,49.02,4.5,"122 km W of Bhamo, Myanmar",us10003mrj
2015-10-13 23:41:24.440,29.3733,104.9559,10.0,4.0,"17 km ENE of Zigong, China",us10003pf6
2015-10-17 06:29:39.650,24.7157,94.4863,63.02,4.3,"44 km E of Yairipok, India",us10003qwy
2015-10-24 11:29:47.850,29.2072,102.1703,58.11,4.7,"90 km SSE of Kangding, China",us10003r62
2015-10-27 13:50:48.860,24.5022,94.9918,93.35,4.1,"94 km E of W?ngjing, India",us10003rut
2015-10-28 20:12:09.500,27.55,100.3,10.0,4.7,"65 km ESE of Shangri-La, China",us200040av
2015-10-28 23:54:49.660,24.1002,92.8262,38.49,4.3,"13 km NW of Darlawn, India",us200040cl
2015-10-29 22:15:56.450,24.6819,92.4488,36.31,4.8,"11 km W of Hail?k?ndi, India",us200040l5
2015-10-30 11:26:43.400,25.0907,99.5721,24.61,5.2,"84 km SW of Dali, China",us200040pj
2015-10-31 02:05:19.820,26.6982,96.7414,29.65,4.3,"54 km N of Sarupathar, India",us2000411q
2015-11-02 18:43:34.960,22.5565,102.2361,10.0,4.0,"97 km N of Phôngsali, Laos",us20004208
2015-11-07 09:29:27.590,23.4416,94.5795,104.83,4.3,"28 km SE of Mawlaik, Myanmar",us10003x1q
2015-11-09 12:28:31.600,25.53,101.88,6.0,4.1,"90 km NW of Lianran, China",us10003xv5
2015-11-13 01:56:21.860,24.4982,94.6561,70.68,4.2,"60 km E of W?ngjing, India",us10003yy9
2015-11-13 16:55:10.220,23.2826,100.4655,14.97,4.3,"134 km SW of Jianshui, China",us10003y5k
2015-11-15 09:18:57.800,13.714,93.5448,47.89,4.5,"240 km NNE of Bamboo Flat, India",us10003zbg
2015-11-15 23:24:40.040,24.7399,94.8163,89.65,4.4,"77 km ENE of W?ngjing, India",us10003yjs
2015-11-25 16:15:10.640,26.4076,92.9745,54.52,4.7,"30 km SE of Tezpur, India",us1000419g
2015-11-27 12:04:18.890,22.5864,94.9855,13.79,4.6,"55 km NNW of Monywa, Myanmar",us100041qe
2015-11-27 18:58:53.130,10.2874,91.622,26.52,4.4,"195 km SW of Port Blair, India",us20004fz6
2015-11-28 07:02:35.570,18.2175,95.8133,65.62,4.1,"44 km SE of Paungde, Myanmar",us100042pp
2015-11-28 18:32:56.410,12.5328,93.687,111.54,4.4,"Andaman Islands, India region",us100042qf
2015-11-30 15:02:52.640,28.3819,104.9701,10.0,4.6,"26 km ESE of Xunchang, China",us1000432q
2015-12-01 23:27:08.550,22.0764,94.4847,35.0,4.2,"67 km W of Monywa, Myanmar",us100043bq
2015-12-09 12:00:19.910,10.4689,93.9392,10.0,4.5,"185 km SE of Port Blair, India",us20004ggj
2015-12-11 22:09:40.200,29.6312,95.7458,24.84,4.3,"178 km NNE of P?sigh?t, India",us20004gm1
2015-12-13 11:17:29.250,24.5749,95.0379,146.62,4.0,"98 km E of W?ngjing, India",us100047wa
2015-12-16 04:48:19.990,12.6843,93.4126,72.62,4.7,"132 km NE of Bamboo Flat, India",us20004hhu
2015-12-21 23:52:28.680,24.4134,90.5812,14.16,4.0,"3 km SE of Gafargaon, Bangladesh",us100048nw
2015-12-23 09:22:06.370,26.2583,93.0894,48.5,4.3,"36 km NE of Hoj?i, India",us10004b7b
2016-01-03 15:44:31.580,29.4466,104.1184,10.0,4.6,"11 km NE of Luocheng, China",us10004b17
2016-01-03 23:05:22.270,24.8036,93.6505,55.0,6.7,"29 km W of Imph?l, India",us10004b2n
2016-01-04 02:28:04.870,12.0291,93.1309,68.01,4.2,"57 km NE of Bamboo Flat, India",us10004dzl
2016-01-06 10:25:13.360,24.8896,93.4003,58.15,4.3,"40 km ENE of Lakhipur, India",us10004c4z
2016-01-07 04:18:04.800,29.5976,104.7897,41.27,4.2,"21 km SSW of Chonglong, China",us10004e51
2016-01-11 06:56:37.000,13.5519,92.7103,35.0,4.1,"204 km N of Bamboo Flat, India",us10004ews
2016-01-12 14:59:35.080,16.5725,96.4762,50.56,4.4,"21 km SSW of Thongwa, Myanmar",us10004dsd
2016-01-15 19:24:52.540,11.7568,92.8636,50.41,4.3,"16 km NE of Port Blair, India",us10004g1b
2016-01-18 03:24:41.880,28.3547,104.8962,32.29,4.2,"20 km ESE of Xunchang, China",us10004gcs
2016-01-18 06:04:53.130,24.1868,94.9004,84.65,4.3,"78 km NE of Mawlaik, Myanmar",us10004gcx
2016-01-27 22:09:56.710,13.7261,93.8004,88.89,4.6,"253 km NNE of Bamboo Flat, India",us20004v6u
2016-02-03 15:24:07.060,10.3608,93.3475,96.08,4.4,"158 km SSE of Port Blair, India",us20004y5a
2016-02-04 15:30:49.930,14.2933,93.204,10.0,5.1,"291 km N of Bamboo Flat, India",us20004x3a
2016-02-07 23:30:55.400,26.0834,99.5903,10.0,4.6,"83 km NW of Dali, China",us20004ym9
2016-02-07 23:39:12.280,26.1789,99.573,10.0,4.3,"91 km NW of Dali, China",us20004zc2
2016-02-15 07:59:11.150,27.3516,103.7083,32.77,4.4,"3 km NNW of Zhaotong, China",us10004qte
2016-02-16 23:06:59.690,26.196,93.4977,39.72,4.7,"34 km NW of Bokaj?n, India",us200050p4
2016-02-24 01:10:15.370,22.2024,103.3251,10.0,4.5,"55 km WSW of Sa Pa, Vietnam",us10004sy0
2016-02-27 00:31:05.120,13.4762,93.915,98.7,4.5,"235 km NNE of Bamboo Flat, India",us10004t24
2016-02-28 23:11:03.470,10.2974,93.6503,127.6,4.0,"180 km SSE of Port Blair, India",us10004ude
2016-03-02 04:03:50.420,26.4817,95.4216,21.67,4.1,"45 km SE of Mon, India",us10004ur6
2016-03-05 11:20:26.100,21.6851,101.3736,15.79,4.5,"74 km ESE of Jinghong, China",us10004uwq
2016-03-07 01:24:44.730,22.5182,102.1082,10.0,4.3,"92 km N of Phôngsali, Laos",us10004wjg
2016-03-07 03:13:58.190,20.98,95.0238,100.99,4.6,"23 km ENE of Chauk, Myanmar",us10004vst
2016-03-07 12:23:01.700,22.7585,93.9433,50.03,4.5,"32 km ESE of Falam, Myanmar",us10004vu1
2016-03-10 15:02:10.940,22.6044,93.8341,34.99,4.2,"23 km E of Hakha, Myanmar",us10004xt3
2016-03-11 11:07:22.630,28.0616,101.4009,35.0,4.7,"86 km WNW of Xichang, China",us10004wqt
2016-03-12 09:39:37.700,10.3914,92.4579,27.86,4.2,"144 km SSW of Port Blair, India",us20005a7q
2016-03-13 10:30:11.160,26.245,92.2565,53.71,4.5,"9 km W of Morigaon, India",us10004x9h
2016-03-13 15:04:36.930,10.2834,93.5317,125.89,4.3,"175 km SSE of Port Blair, India",us20005ag9
2016-03-15 04:28:26.460,29.8667,98.0065,23.73,4.7,"161 km SSE of Qamdo, China",us10004xp3
2016-03-17 17:19:53.950,29.654,102.0897,10.0,4.6,"40 km SSE of Kangding, China",us20005aja
2016-03-19 02:54:59.260,29.5979,102.0829,10.0,4.1,"46 km SSE of Kangding, China",us20005bsb
2016-03-19 23:17:30.070,20.0446,97.6713,27.05,4.3,Myanmar,us20005bt5
2016-03-20 16:54:13.110,29.9569,93.1989,10.0,4.7,"195 km NW of Shi Yomi, India",us20005b94
2016-03-21 03:35:51.790,29.6153,101.9619,10.0,4.8,"42 km S of Kangding, China",us20005c89
2016-03-21 15:23:30.240,29.611,102.0989,10.0,4.4,"45 km SSE of Kangding, China",us20005c8m
2016-03-23 10:50:02.380,24.6302,96.1321,57.15,4.5,"119 km WNW of Bhamo, Myanmar",us20005c0c
2016-03-23 17:55:41.190,29.6372,102.2029,10.0,4.5,"46 km SSE of Kangding, China",us20005c2m
2016-03-24 22:03:56.310,29.6197,102.146,10.0,4.3,"46 km SSE of Kangding, China",us20005cbw
2016-03-28 18:40:06.780,25.9519,90.6891,10.0,4.0,"25 km SSE of Go?lp?ra, India",us20005dxs
2016-04-03 10:58:32.640,23.7551,94.3079,62.6,4.1,"15 km NW of Mawlaik, Myanmar",us20005gfd
2016-04-05 07:42:24.390,25.7595,90.5452,10.0,5.0,"38 km SE of Lakhipur, India",us20005fj8
2016-04-13 13:55:17.800,23.0944,94.8654,136.0,6.9,"76 km SE of Mawlaik, Myanmar",us20005hqz
2016-04-13 14:14:03.240,12.5623,95.1787,10.0,4.9,"282 km ENE of Port Blair, India",us20005kel
2016-04-14 05:41:53.140,23.816,94.1986,61.25,4.6,"28 km NW of Mawlaik, Myanmar",us20005hyf
2016-04-18 15:29:54.930,12.9466,92.3335,37.35,4.7,"144 km NNW of Bamboo Flat, India",us20005ji4
2016-04-19 20:32:57.090,10.2153,93.6895,10.0,5.3,"190 km SSE of Port Blair, India",us20005jx7
2016-04-19 20:47:57.190,10.2564,93.7772,42.83,4.4,"192 km SE of Port Blair, India",us20005jxp
2016-04-22 07:50:43.770,24.5441,96.0794,57.11,4.3,"121 km WNW of Bhamo, Myanmar",us20005ksy
2016-04-22 23:00:58.600,21.9221,102.3517,10.0,4.5,"37 km NE of Phôngsali, Laos",us20005l2s
2016-04-24 21:55:42.770,10.2055,91.5917,22.65,4.3,"205 km SW of Port Blair, India",us10005dnx
2016-05-01 07:08:41.920,22.6224,94.7197,79.46,4.2,"71 km NW of Monywa, Myanmar",us10005gbx
2016-05-02 15:49:02.290,22.2751,94.6863,119.97,4.2,"49 km WNW of Monywa, Myanmar",us10005gia
2016-05-04 07:51:52.290,23.3064,103.3432,15.54,4.5,"20 km ESE of Gejiu, China",us10005dk5
2016-05-04 07:57:44.780,23.2399,103.2772,14.29,4.2,"18 km SE of Gejiu, China",us10005gst
2016-05-04 09:24:02.600,23.2498,103.2962,14.72,4.5,"19 km SE of Gejiu, China",us10005dkq
2016-05-06 03:06:44.170,23.4241,94.287,26.82,4.1,"27 km SSW of Mawlaik, Myanmar",us10005h52
2016-05-07 09:43:39.640,25.4013,91.7893,37.62,4.1,"14 km NE of Cherrapunji, India",us10005h6s
2016-05-09 16:00:22.140,11.2676,91.4012,10.0,4.3,"151 km WSW of Bamboo Flat, India",us10005i7u
2016-05-09 16:03:47.250,11.3506,91.5047,10.0,5.2,"137 km WSW of Bamboo Flat, India",us10005g2n
2016-05-10 11:57:49.180,27.6518,102.5263,10.0,4.4,"37 km SE of Xichang, China",us10005i8w
2016-05-12 07:54:19.140,24.2716,94.3125,71.48,4.8,"41 km SE of Kakching, India",us10005gr5
2016-05-16 18:03:47.500,25.9006,90.2255,35.12,4.3,"16 km SSW of Lakhipur, India",us10005jku
2016-05-17 16:48:55.930,26.0476,99.492,53.99,4.9,"88 km NW of Dali, China",us10005i09
2016-05-17 17:05:17.500,26.0846,99.575,51.35,4.8,"84 km NW of Dali, China",us10005i0l
2016-05-19 23:10:24.720,22.7638,93.9152,42.42,4.8,Myanmar-India border region,us10005inb
2016-05-21 21:57:39.400,23.9073,94.5819,83.75,4.0,"34 km NNE of Mawlaik, Myanmar",us20005yhm
2016-05-22 22:32:36.380,10.2558,92.2057,30.04,4.1,"166 km SSW of Port Blair, India",us20005yjx
2016-05-23 05:47:51.970,27.8862,101.362,35.0,4.3,"88 km W of Xichang, China",us20005ykn
2016-05-27 05:03:10.200,26.5252,96.4968,64.3,4.6,"47 km NW of Sarupathar, India",us20005yf1
2016-05-30 17:40:24.090,29.8731,92.142,36.89,4.0,"103 km ENE of Lhasa, China",us200061qx
2016-06-02 06:02:40.850,18.5171,96.5261,10.0,4.6,"10 km ENE of Pyu, Myanmar",us200062sb
2016-06-03 10:01:57.990,26.2247,99.7473,35.0,4.3,"84 km NNW of Dali, China",us200061na
2016-06-10 14:21:08.660,22.6959,93.8121,40.58,4.3,"21 km ENE of Hakha, Myanmar",us200064sm
2016-06-11 18:12:23.380,25.7858,95.2245,83.12,4.5,"66 km SE of Tuensang, India",us200063uf
2016-06-16 15:12:26.710,28.1782,103.5829,29.68,4.2,"96 km N of Zhaotong, China",us200065zj
2016-06-20 08:05:22.150,20.5353,93.9691,49.03,4.5,"94 km W of Yenangyaung, Myanmar",us200066i3
2016-06-22 13:03:20.220,22.6845,94.6296,109.32,4.6,"82 km NW of Monywa, Myanmar",us200065yc
2016-06-27 00:27:43.780,22.7084,92.0667,10.0,4.7,"24 km NE of Raoj?n, Bangladesh",us2000672m
2016-07-01 19:22:40.040,24.9691,95.3737,132.35,4.7,"117 km SE of Phek, India",us10005zam
2016-07-02 05:04:15.390,20.8076,94.2046,78.31,4.3,"64 km W of Chauk, Myanmar",us100061vj
2016-07-04 12:07:23.030,22.4144,93.7739,37.11,4.5,"30 km SSE of Hakha, Myanmar",us100062jv
2016-07-05 09:43:44.490,24.8397,95.2089,101.26,4.4,"116 km SE of Phek, India",us1000600x
2016-07-13 09:33:32.000,24.5435,94.8081,91.5,4.0,"75 km E of W?ngjing, India",us20006fts
2016-07-13 17:56:32.830,12.0821,95.1704,10.0,4.5,"268 km E of Port Blair, India",us20006fub
2016-07-15 16:08:02.180,15.4873,93.8979,10.0,4.6,"168 km SSW of Pathein, Myanmar",us20006g61
2016-07-20 03:23:43.710,22.8487,94.5868,91.45,4.4,"89 km SSE of Mawlaik, Myanmar",us20006hh5
2016-07-24 15:33:07.260,12.7303,93.3143,62.76,4.4,"Andaman Islands, India region",us20006h9w
2016-07-24 23:09:49.190,14.9748,96.4342,27.75,5.0,"166 km SSE of Pyapon, Myanmar",us1000680u
2016-07-27 04:20:28.200,21.5143,94.5705,96.84,4.9,Myanmar,us20006i0y
2016-07-29 14:02:51.100,21.809,99.8216,14.46,4.7,"96 km WSW of Jinghong, China",us100068dq
2016-07-30 11:58:56.360,29.068,94.6895,28.23,4.1,"67 km NNE of Shi Yomi, India",us100069uf
2016-08-01 10:01:08.200,21.3109,94.9305,131.47,5.1,"16 km W of Pakokku, Myanmar",us1000696h
2016-08-08 22:30:40.330,26.054,99.9187,43.43,4.2,"59 km NNW of Dali, China",us10006cxe
2016-08-12 06:56:56.310,27.1902,103.4697,10.0,4.7,"28 km WSW of Zhaotong, China",us10006d7x
2016-08-12 11:25:23.300,27.09,103.6535,10.0,4.6,"25 km SSW of Zhaotong, China",us10006edh
2016-08-13 13:22:38.470,27.2261,103.4576,10.0,4.3,"27 km WSW of Zhaotong, China",us10006dkp
2016-08-15 08:57:07.030,22.5185,94.7324,115.1,4.5,"61 km NW of Monywa, Myanmar",us10006f2b
2016-08-18 18:23:56.270,11.9017,93.5881,107.98,4.6,"95 km ENE of Port Blair, India",us10006gdk
2016-08-19 10:45:55.470,22.3558,95.6586,22.28,4.2,"23 km S of Shwebo, Myanmar",us10006ggt
2016-08-23 02:11:12.810,23.8972,94.6983,101.74,5.0,"41 km NE of Mawlaik, Myanmar",us10006fx8
2016-08-24 10:34:54.580,20.9228,94.569,82.0,6.8,"26 km W of Chauk, Myanmar",us10006gbf
2016-08-24 10:57:16.300,20.9317,94.6688,93.15,4.5,"15 km WNW of Chauk, Myanmar",us20006v9y
2016-09-02 14:31:00.980,28.6255,94.9397,23.69,4.6,"52 km NNE of Along, India",us10006jnm
2016-09-03 21:38:58.200,27.2224,96.8182,43.69,4.5,"98 km SSE of Hayuliang, India",us10006k6e
2016-09-04 13:05:48.740,28.0653,92.032,28.78,4.0,"55 km N of Tawang, India",us10006mr6
2016-09-04 22:28:38.650,13.5061,92.7137,31.34,4.2,"199 km N of Bamboo Flat, India",us10006kdx
2016-09-10 02:44:57.420,29.1898,104.6593,10.0,4.3,"20 km SW of Zigong, China",us10006puf
2016-09-13 11:59:49.020,10.2454,91.637,27.71,4.7,"198 km SW of Port Blair, India",us10006r4n
2016-09-15 02:30:46.460,10.1636,91.7111,20.94,5.0,"201 km SW of Port Blair, India",us10006pnx
2016-09-16 05:18:49.780,12.8909,92.492,29.95,4.3,"133 km N of Bamboo Flat, India",us10006s0d
2016-09-17 02:46:23.340,24.368,93.9151,63.47,4.3,"15 km SSW of Kakching, India",us10006sux
2016-09-19 12:57:31.930,10.3504,92.6927,33.56,4.6,"145 km S of Port Blair, India",us10006ttk
2016-09-19 21:11:27.000,29.1247,97.8313,66.57,4.2,"171 km NE of Hayuliang, India",us10006qxc
2016-09-20 09:10:11.230,13.301,93.048,35.0,4.3,"180 km NNE of Bamboo Flat, India",us10006tvk
2016-09-22 13:23:43.950,25.2601,95.6127,141.47,4.6,"120 km ESE of Phek, India",us10006rn5
2016-09-23 02:18:36.800,29.9005,99.7532,10.0,4.2,"213 km W of Kangding, China",us10006uni
2016-09-25 08:00:30.390,29.633,101.9338,56.98,4.2,"40 km S of Kangding, China",us10006v68
2016-09-26 08:03:25.350,28.3452,103.5493,10.0,4.3,"eastern Sichuan, China",us20007c5d
2016-09-28 21:36:31.970,29.6438,101.9644,10.0,4.5,"39 km S of Kangding, China",us10006tmm
2016-10-06 14:47:57.210,26.443,92.773,56.85,4.3,"21 km S of Tezpur, India",us20007dug
2016-10-07 19:28:41.000,23.1834,94.1855,37.84,4.5,"55 km SSW of Mawlaik, Myanmar",us20007dvz
2016-10-09 00:08:40.980,22.3856,93.8353,51.54,4.4,"36 km SE of Hakha, Myanmar",us20007e4n
2016-10-11 07:30:14.280,25.2519,95.0006,95.33,4.7,"68 km SE of Phek, India",us20007d7h
2016-10-11 17:41:01.150,24.8275,96.2738,26.73,4.6,"116 km WNW of Bhamo, Myanmar",us20007d97
2016-10-19 07:20:49.170,24.7872,91.2146,29.79,4.4,"33 km NNW of Baniachang, Bangladesh",us20007fac
2016-10-23 15:56:41.960,26.0659,90.2619,24.31,4.6,"5 km NW of Lakhipur, India",us20007g8h
2016-10-26 02:21:58.690,22.899,94.6,107.88,4.9,"84 km SSE of Mawlaik, Myanmar",us20007grv
2016-10-26 06:29:09.950,23.1261,92.8708,50.3,4.7,"18 km S of Serchh?p, India",us20007gsu
2016-10-29 17:47:11.680,21.7014,93.4678,61.66,4.4,"100 km SSE of Saiha, India",us100073s9
2016-11-13 21:22:24.700,10.6904,93.6834,8.78,4.6,"148 km SE of Port Blair, India",us100077fm
2016-11-15 02:10:21.120,24.6475,92.3284,32.42,4.6,"23 km W of Hail?k?ndi, India",us1000781i
2016-11-17 04:10:35.060,25.5932,99.8455,31.85,4.1,"36 km W of Dali, China",us10007dk9
2016-11-17 04:22:47.690,25.7955,99.9766,10.0,4.5,"33 km NW of Dali, China",us1000798q
2016-11-23 19:44:32.350,24.3743,99.3413,10.0,4.4,"160 km SSW of Dali, China",us10007e2k
2016-11-25 11:17:10.660,13.1382,93.0599,32.79,4.6,"163 km NNE of Bamboo Flat, India",us10007c91
2016-12-03 19:42:11.180,10.9345,91.886,10.0,4.7,"123 km SW of Port Blair, India",us10007emp
2016-12-08 07:46:22.410,23.447,94.8822,35.56,4.6,"53 km ESE of Mawlaik, Myanmar",us20007z3m
2016-12-08 09:32:56.890,24.6052,94.8888,99.72,4.3,"83 km E of W?ngjing, India",us20007z4c
2016-12-11 20:32:32.210,23.146,94.5533,89.75,4.4,"57 km SSE of Mawlaik, Myanmar",us2000801f
2016-12-15 03:44:13.010,22.7969,94.5033,97.7,4.3,"85 km E of Falam, Myanmar",us200080xi
2016-12-23 04:56:16.820,12.3232,91.9315,27.78,4.4,"109 km NW of Bamboo Flat, India",us10007sbb
2016-12-24 23:26:08.740,28.0362,101.4146,10.0,4.7,"84 km W of Xichang, China",us10007mkd
2016-12-26 17:25:42.030,22.763,94.5877,104.09,4.2,"91 km NW of Monywa, Myanmar",us10007mx7
2016-12-27 10:50:19.090,12.763,92.9305,35.0,4.3,"119 km N of Bamboo Flat, India",us10007t4j
2016-12-27 21:21:53.720,13.341,92.327,28.8,4.4,"186 km NNW of Bamboo Flat, India",us10007n39
2016-12-28 12:03:10.390,28.1681,104.8434,10.0,4.1,"34 km SSE of Xunchang, China",us10007thr
2016-12-29 05:52:03.910,16.7482,94.12,14.89,4.4,"65 km W of Pathein, Myanmar",us10007nhk
2017-01-01 16:54:06.710,21.1208,98.4506,64.29,4.6,"151 km ENE of Taunggyi, Myanmar",us10007p3t
2017-01-03 09:09:02.080,24.0151,92.0177,32.0,5.7,"18 km ENE of ?mb?sa, India",us10007pfk
2017-01-03 18:49:53.560,23.3168,94.5035,88.62,5.1,"37 km SSE of Mawlaik, Myanmar",us10007phv
2017-01-03 19:32:26.800,27.9089,93.8486,18.03,4.4,"34 km N of Ziro, India",us10007ud9
2017-01-04 12:41:18.010,22.8948,96.0688,13.0,4.2,"45 km W of Mogok, Myanmar",us10007ugg
2017-01-04 14:28:07.760,22.9682,94.7422,123.35,4.6,"82 km SSE of Mawlaik, Myanmar",us10007pp8
2017-01-04 15:14:32.360,29.7448,102.2706,10.0,4.7,"41 km SE of Kangding, China",us10007px0
2017-01-12 09:32:08.120,26.4049,95.364,68.8,4.5,"47 km SE of Mon, India",us10007ssz
2017-01-15 10:05:39.570,28.0958,104.765,31.99,4.5,"eastern Sichuan, China",us10007tdf
2017-01-15 11:20:59.100,28.1323,104.7425,35.68,4.4,"35 km S of Xunchang, China",us10007wg0
2017-01-15 11:29:21.650,28.1162,104.6715,31.92,4.1,"37 km S of Xunchang, China",us10007wg1
2017-01-18 03:03:21.970,24.559,94.5655,63.0,4.5,"50 km E of W?ngjing, India",us10007tuu
2017-01-18 14:35:19.790,28.1707,104.8738,44.71,4.9,"35 km SSE of Xunchang, China",us10007ty6
2017-01-18 15:42:40.480,12.2,94.9698,27.49,4.9,"249 km ENE of Port Blair, India",us10007tz3
2017-01-19 19:18:36.830,28.1784,92.6836,40.21,4.1,"100 km NE of Tawang, India",us10007u64
2017-01-19 20:12:26.170,28.148,104.7973,33.68,4.3,"34 km SSE of Xunchang, China",us10007u6h
2017-01-21 21:49:18.510,19.8125,94.7635,71.98,4.3,"41 km SSW of Magway, Myanmar",us10007unu
2017-01-24 12:25:38.780,25.6419,91.8799,35.0,4.3,"8 km N of Shillong, India",us20008ih1
2017-01-27 18:46:36.360,28.1832,104.8275,32.24,5.3,"32 km SSE of Xunchang, China",us10007vts
2017-01-29 21:36:08.190,25.9321,96.4968,41.14,4.5,"43 km SW of Sarupathar, India",us10007w3d
2017-02-02 00:34:33.470,28.1777,104.7993,33.37,4.6,"31 km SSE of Xunchang, China",us20008fsq
2017-02-08 11:11:42.050,27.303,103.4248,10.0,4.9,"28 km W of Zhaotong, China",us20008ig7
2017-02-08 20:46:16.710,22.5372,94.7713,121.0,4.5,"60 km NW of Monywa, Myanmar",us20008ik6
2017-02-12 04:05:33.570,25.548,91.1035,36.94,4.4,"16 km WNW of Nongstoin, India",us20008j9t
2017-02-17 03:12:30.290,29.8635,102.2877,10.0,4.2,"Western Sichuan, China",us20008mr6
2017-02-24 12:02:50.650,24.0437,93.4825,59.8,5.0,"37 km SSW of Chur?ch?ndpur, India",us20008m0e
2017-02-28 10:42:06.570,10.1937,92.501,32.34,4.2,"165 km S of Port Blair, India",us100087qh
2017-03-01 03:16:52.370,12.2124,93.2046,67.58,4.5,"77 km NE of Bamboo Flat, India",us100085w3
2017-03-01 16:21:04.660,11.6696,92.2347,29.78,4.1,"52 km W of Bamboo Flat, India",us10008848
2017-03-03 23:30:03.100,24.8454,94.5486,65.83,4.1,"53 km ENE of Yairipok, India",us100086vs
2017-03-04 02:11:53.820,25.1865,94.6658,74.07,5.1,"55 km SSE of Phek, India",us100086x4
2017-03-06 21:30:06.950,25.1149,95.1428,89.95,4.3,"88 km SE of Phek, India",us100087d0
2017-03-09 02:55:11.360,24.7062,94.5703,69.71,4.7,"52 km ENE of W?ngjing, India",us100087vi
2017-03-12 12:21:23.710,27.204,103.5744,37.34,4.8,"18 km SW of Zhaotong, China",us100088iq
2017-03-13 14:19:06.670,17.3991,95.9998,10.0,5.1,"36 km SE of Tharyarwady, Myanmar",us100088mq
2017-03-14 16:39:56.790,27.2997,96.7901,54.22,4.4,"89 km SSE of Hayuliang, India",us100088wt
2017-03-17 14:01:43.070,11.1741,92.8778,46.01,4.8,"56 km SSE of Port Blair, India",us20008spa
2017-03-18 15:58:21.640,12.91,95.8132,23.33,4.4,"288 km WSW of Dawei, Myanmar",us20008t0j
2017-03-21 15:40:45.410,25.3798,92.5623,34.67,4.4,"51 km WNW of H?flong, India",us20008vc0
2017-03-25 02:05:56.400,25.0469,95.0201,104.0,4.5,"86 km SE of Phek, India",us20008uhk
2017-03-26 23:40:31.620,25.8832,99.8842,10.0,4.6,"46 km NW of Dali, China",us20008uw4
2017-03-26 23:55:06.280,25.9382,99.8406,27.61,5.0,"54 km NW of Dali, China",us20008uw7
2017-03-27 01:10:25.410,25.9263,100.0053,10.0,4.1,"43 km NNW of Dali, China",us20008uwd
2017-03-29 23:48:19.670,27.2118,103.6919,10.0,4.1,"11 km SSW of Zhaotong, China",us10008d74
2017-03-30 10:34:52.380,17.236,95.8795,5.99,4.2,"33 km NE of Nyaungdon, Myanmar",us10008ddy
2017-04-03 20:57:53.230,28.532,103.5628,37.63,4.1,"104 km SSW of Luocheng, China",us10008fj7
2017-04-05 16:44:36.740,14.4592,93.0491,31.8,5.3,"Andaman Islands, India region",us10008ep4
2017-04-18 09:13:10.100,20.7105,100.1532,9.87,4.7,"40 km NE of Tachilek, Myanmar",us10008ijh
2017-04-18 14:01:34.540,25.0632,91.6394,34.06,4.5,"4 km NW of Chh?tak, Bangladesh",us10008n34
2017-04-25 16:14:55.930,25.6263,90.8833,31.19,4.3,"40 km WNW of Nongstoin, India",us10008na7
2017-04-30 22:57:14.470,28.177,104.9952,35.55,4.4,"41 km SE of Xunchang, China",us10008ps4
2017-05-01 06:50:59.270,13.6394,92.851,27.84,4.4,"215 km N of Bamboo Flat, India",us10008ptb
2017-05-01 18:59:31.990,11.7813,94.8399,28.01,4.7,"228 km E of Port Blair, India",us10008mp9
2017-05-04 05:40:22.770,28.1573,104.9116,10.0,4.9,"38 km SSE of Xunchang, China",us10008p5s
2017-05-05 17:58:35.880,13.7401,92.548,19.13,5.0,"226 km N of Bamboo Flat, India",us10008puy
2017-05-05 22:10:04.310,19.8989,101.5207,16.78,4.5,"64 km W of Luang Prabang, Laos",us10008pxv
2017-05-06 14:48:51.480,23.9172,93.9828,68.35,4.3,"52 km NW of Mawlaik, Myanmar",us10008q3v
2017-05-16 14:04:40.080,11.4865,95.052,20.79,4.6,"252 km E of Port Blair, India",us10008sqi
2017-05-17 17:45:54.770,12.7126,93.5971,100.98,4.6,"147 km NE of Bamboo Flat, India",us10008t21
2017-05-19 16:02:16.700,25.818,99.7761,10.0,4.4,"50 km WNW of Dali, China",us10008tkj
2017-05-21 17:38:11.660,11.5138,95.0885,20.77,4.6,"256 km E of Port Blair, India",us10008u1l
2017-05-24 03:16:29.050,27.5189,90.1818,28.39,4.4,"28 km E of Wangdue Phodrang, Bhutan",us10008wn2
2017-05-24 20:53:36.480,23.6295,103.5116,10.0,4.3,"22 km ESE of Kaiyuan, China",us10008wnm
2017-05-29 15:36:53.250,23.2203,94.9352,107.23,4.1,"71 km SE of Mawlaik, Myanmar",us20009j94
2017-05-30 22:24:43.880,10.3004,93.2343,82.18,4.4,"160 km SSE of Port Blair, India",us10008wqa
2017-06-03 02:42:58.150,24.7698,95.1741,108.98,4.1,"114 km E of W?ngjing, India",us20009kft
2017-06-09 11:48:06.920,25.2784,95.1091,92.06,4.6,"74 km SE of Phek, India",us20009mr4
2017-06-09 13:17:45.460,28.0901,104.9566,30.39,4.6,"46 km SSE of Xunchang, China",us20009mr9
2017-06-16 21:43:11.230,29.9367,95.1768,24.75,4.2,"174 km NNE of Shi Yomi, India",us20009n6t
2017-06-18 22:35:46.460,24.6306,93.9674,21.47,4.6,"3 km WSW of Thoub?l, India",us20009nhw
2017-06-20 08:50:40.090,23.0408,94.4765,94.73,4.6,"67 km S of Mawlaik, Myanmar",us20009pbi
2017-06-20 12:16:25.000,29.4452,99.4611,35.0,4.2,"181 km N of Shangri-La, China",us20009pbp
2017-06-24 14:26:44.820,10.0742,93.5741,35.0,4.4,"197 km SSE of Port Blair, India",us100095hy
2017-06-27 09:37:36.890,23.974,94.7144,93.17,4.4,"48 km NE of Mawlaik, Myanmar",us100096qp
2017-07-01 07:01:14.640,23.8429,94.7107,89.67,4.6,"38 km NE of Mawlaik, Myanmar",us100095q4
2017-07-02 05:27:45.280,24.3592,94.7001,83.62,4.9,"69 km ESE of W?ngjing, India",us100095u3
2017-07-09 07:59:49.770,29.0249,95.7052,19.48,4.5,"112 km NNE of P?sigh?t, India",us100098ci
2017-07-10 10:44:46.240,10.4269,93.8907,42.73,4.5,"185 km SE of Port Blair, India",us20009xxd
2017-07-13 05:03:31.770,23.5329,94.5573,89.22,4.8,"19 km SE of Mawlaik, Myanmar",us20009vw9
2017-07-13 22:18:37.040,14.384,93.7029,37.99,4.2,"277 km SW of Mawlamyinegyunn, Myanmar",us20009w5v
2017-07-15 21:13:58.670,22.832,95.9721,9.04,4.2,"40 km NE of Shwebo, Myanmar",us20009yf2
2017-07-17 13:23:00.400,20.9992,93.5667,46.16,4.6,"117 km NE of Sittwe, Myanmar",us20009z0x
2017-07-17 20:20:25.590,24.8683,95.1618,122.77,4.3,"110 km SE of Phek, India",us20009z1c
2017-07-21 00:23:42.350,24.1789,92.2002,38.77,4.4,"21 km S of Dharmanagar, India",us2000a1bp
2017-07-22 20:06:47.850,25.1098,94.8989,68.66,4.0,"73 km SSE of Phek, India",us2000a1ps
2017-07-25 09:09:01.960,23.3761,90.7422,10.0,4.4,"17 km NW of H?j?ganj, Bangladesh",us2000a27x
2017-08-02 18:18:08.620,24.3214,93.6199,53.23,5.1,"5 km WSW of Chur?ch?ndpur, India",us2000a3r9
2017-08-08 00:35:38.010,24.3109,93.5456,62.84,4.2,"12 km WSW of Chur?ch?ndpur, India",us2000a7bq
2017-08-11 03:34:53.600,13.639,92.8043,25.23,4.5,"214 km N of Bamboo Flat, India",us2000a76w
2017-08-17 07:38:33.100,25.8288,94.5263,61.1,4.6,"15 km S of Zunheboto, India",us2000a90q
2017-08-21 00:45:19.650,23.4984,94.4598,89.38,4.0,"16 km SSE of Mawlaik, Myanmar",us2000abnb
2017-08-23 17:21:17.480,22.4087,94.6127,109.87,4.0,"63 km WNW of Monywa, Myanmar",us2000abs2
2017-09-06 00:10:55.750,10.2437,93.1611,83.98,5.0,"163 km SSE of Port Blair, India",us2000agg9
2017-09-07 14:32:03.630,25.275,90.2279,36.67,4.1,"26 km S of Tura, India",us2000ahj3
2017-09-11 01:19:43.010,17.3198,95.953,10.0,4.2,"40 km SSE of Tharyarwady, Myanmar",us2000ar0b
2017-09-11 13:34:39.580,22.421,94.7,111.08,4.2,"56 km NW of Monywa, Myanmar",us2000ar0x
2017-09-11 13:56:11.510,17.4028,95.9326,10.0,4.6,"31 km SSE of Tharyarwady, Myanmar",us2000ar0y
2017-09-11 16:44:54.180,11.1912,93.763,135.46,4.4,"122 km ESE of Port Blair, India",us2000ak6r
2017-09-12 11:26:45.520,27.9136,101.6912,32.74,4.7,"56 km W of Xichang, China",us2000akpn
2017-09-15 01:36:48.460,18.83,94.8786,51.99,4.8,"36 km W of Pyay, Myanmar",us2000an0z
2017-09-15 22:37:56.230,12.8855,91.8312,28.17,4.5,"162 km NW of Bamboo Flat, India",us2000anza
2017-09-17 10:27:11.790,12.7773,92.0628,33.35,4.5,"138 km NNW of Bamboo Flat, India",us2000at5e
2017-09-17 14:48:11.340,12.8183,92.0967,26.18,5.0,"140 km NNW of Bamboo Flat, India",us2000at5x
2017-09-17 21:49:08.620,21.6629,94.5729,97.03,4.5,"64 km NW of Pakokku, Myanmar",us2000aplr
2017-09-21 16:34:33.230,24.9962,94.8861,84.2,4.4,"83 km SSE of Phek, India",us2000asj3
2017-09-25 20:27:11.320,13.0038,92.9286,32.08,4.2,"146 km N of Bamboo Flat, India",us2000b0he
2017-10-01 12:18:17.300,28.6799,96.3197,34.7,4.0,"70 km NNW of Hayuliang, India",us2000b22r
2017-10-01 12:49:04.640,12.7773,91.8903,28.55,4.6,"149 km NW of Bamboo Flat, India",us2000axhf
2017-10-01 14:35:36.080,12.8898,92.3055,29.1,4.5,"139 km NNW of Bamboo Flat, India",us2000axi8
2017-10-02 18:13:51.510,21.4428,94.5413,95.12,4.6,"57 km WNW of Pakokku, Myanmar",us2000axwl
2017-10-02 23:31:42.640,12.8626,91.8995,27.25,4.7,"156 km NW of Bamboo Flat, India",us2000az70
2017-10-03 13:48:34.400,25.0388,94.7337,77.48,4.5,"73 km SSE of Phek, India",us2000b0gm
2017-10-03 15:20:11.200,19.0907,95.0896,43.05,4.6,"27 km SSW of Thayetmyo, Myanmar",us1000apnq
2017-10-06 14:00:31.480,11.9798,95.0763,10.08,5.0,"256 km E of Port Blair, India",us2000b1zv
2017-10-06 20:59:02.460,11.0125,94.7724,38.49,4.1,"232 km ESE of Port Blair, India",us1000arju
2017-10-09 19:32:39.030,12.9368,92.4082,32.5,4.5,"140 km NNW of Bamboo Flat, India",us1000ataj
2017-10-10 14:42:26.530,13.032,93.3537,52.75,4.6,"162 km NNE of Bamboo Flat, India",us1000atp9
2017-10-12 18:34:12.490,25.055,97.9054,10.0,4.0,"62 km SE of Myitkyina, Myanmar",us1000aui7
2017-10-13 01:32:43.410,22.6636,94.6071,117.22,4.1,"82 km NW of Monywa, Myanmar",us1000aul4
2017-10-25 18:20:47.790,13.7225,92.9359,32.74,4.7,"225 km N of Bamboo Flat, India",us1000awth
2017-10-28 14:17:46.560,12.7959,95.4699,10.0,4.5,"Andaman Islands, India region",us2000bhyw
2017-11-04 20:29:36.650,21.8416,95.5762,34.87,4.3,"41 km W of Sagaing, Myanmar",us2000bikw
2017-11-08 04:50:51.960,24.0923,91.2855,29.51,4.9,"28 km N of Agartala, India",us2000bk8n
2017-11-12 01:16:52.400,16.4041,94.9167,15.52,4.2,"35 km SW of Wakema, Myanmar",us2000bscd
2017-11-15 01:39:21.400,18.3914,95.1392,10.0,4.0,"22 km WNW of Myanaung, Myanmar",us2000btym
2017-11-17 22:34:19.450,29.8333,94.9838,8.0,6.4,"156 km NNE of Shi Yomi, India",us2000bqsn
2017-11-18 00:32:01.910,29.9311,94.8843,10.0,5.1,"163 km NNE of Shi Yomi, India",us2000bqtu
2017-11-18 03:36:06.040,29.968,95.2211,10.0,4.2,"179 km NNE of Shi Yomi, India",us2000bqvi
2017-11-18 21:24:49.880,29.8332,95.0334,10.0,4.4,"158 km NNE of Shi Yomi, India",us2000br5p
2017-11-19 08:52:24.170,29.9471,95.4494,10.0,4.1,"188 km NE of Shi Yomi, India",us2000brb3
2017-11-20 08:48:02.250,23.6935,94.543,97.19,4.9,"15 km ENE of Mawlaik, Myanmar",us2000brrl
2017-11-23 02:14:16.930,29.8244,95.2161,26.27,4.5,"165 km NNE of Shi Yomi, India",us2000btdi
2017-11-23 02:59:45.380,29.8252,95.2012,10.0,4.1,"164 km NNE of Shi Yomi, India",us1000bjt0
2017-11-23 07:13:47.230,29.9261,95.1799,10.0,4.7,"173 km NNE of Shi Yomi, India",us2000btfh
2017-11-25 19:29:47.500,19.471,94.3463,62.54,4.5,"89 km W of Thayetmyo, Myanmar",us2000bucm
2017-12-02 19:36:18.430,12.1948,95.085,10.0,4.4,"261 km ENE of Port Blair, India",us2000c22l
2017-12-03 09:47:14.290,22.3606,94.5037,96.76,4.7,"70 km WNW of Monywa, Myanmar",us1000bkj3
2017-12-05 02:24:15.820,26.609,96.3627,89.32,4.2,"63 km NW of Sarupathar, India",us2000c3gs
2017-12-05 15:50:58.340,24.5413,94.6672,80.12,4.3,"61 km E of W?ngjing, India",us2000c3h8
2017-12-09 11:02:34.040,25.6097,96.3486,10.0,4.4,"80 km SW of Sarupathar, India",us2000c2cj
2017-12-10 21:37:05.140,29.9322,95.0733,24.12,4.5,"169 km NNE of Shi Yomi, India",us2000c2pc
2017-12-11 03:35:13.720,25.725,90.8605,10.0,4.6,"46 km WNW of Nongstoin, India",us2000c2rj
2017-12-11 16:49:48.970,11.8055,93.8373,136.55,4.6,"119 km E of Port Blair, India",us2000c2v8
2017-12-17 06:20:41.840,27.6391,94.2556,15.94,4.6,"36 km WNW of Dhem?ji, India",us2000c5d1
2017-12-19 17:40:55.590,29.964,95.0865,27.66,5.1,"173 km NNE of Shi Yomi, India",us1000bt6r
2017-12-22 15:58:49.710,10.0394,93.0186,33.89,4.8,"182 km S of Port Blair, India",us1000bv1g
2017-12-23 15:45:00.470,23.4302,94.6812,111.27,4.6,"36 km SE of Mawlaik, Myanmar",us1000bve1
2017-12-23 20:42:01.700,25.107,96.4527,10.0,4.2,"99 km WSW of Myitkyina, Myanmar",us1000bvfh
2017-12-27 18:12:31.130,24.914,96.4579,55.03,4.2,"107 km NW of Bhamo, Myanmar",us1000bws7
2017-12-28 20:23:34.350,22.0556,94.4044,85.37,5.0,"75 km W of Monywa, Myanmar",us1000bx9g
2017-12-29 16:19:14.310,26.6901,96.1232,76.88,4.7,"66 km ESE of Khonsa, India",us1000bxqd
2018-01-03 21:35:35.960,23.9454,99.2463,10.0,4.6,"189 km NE of Lashio, Myanmar",us1000bzhg
2018-01-04 15:00:40.390,24.9808,96.4161,61.11,4.4,"108 km WSW of Myitkyina, Myanmar",us1000c0p0
2018-01-06 22:56:57.290,17.6825,94.4005,36.26,4.1,"106 km NNW of Pathein, Myanmar",us1000c1k1
2018-01-07 06:47:15.780,24.7382,94.9055,33.0,5.6,"86 km E of W?ngjing, India",us1000c1my
2018-01-07 20:14:20.710,21.3776,103.3743,10.09,4.3,"36 km E of Dien Bien Phu, Vietnam",us1000c1tb
2018-01-08 23:21:25.260,21.3686,103.3746,10.0,4.3,"36 km E of Dien Bien Phu, Vietnam",us1000c2a2
2018-01-11 18:26:24.240,18.3719,96.0717,9.0,6.0,"40 km WSW of Pyu, Myanmar",us2000cifa
2018-01-11 18:28:38.430,18.4229,95.9558,10.0,5.2,"48 km E of Paungde, Myanmar",us2000cpbb
2018-01-11 18:38:11.980,18.3156,96.1079,10.0,4.9,"39 km WSW of Pyu, Myanmar",us2000cifm
2018-01-11 18:42:59.510,18.4505,96.1686,10.0,5.2,"28 km W of Pyu, Myanmar",us2000cifw
2018-01-11 18:43:59.650,18.4183,96.0697,10.0,4.9,"39 km W of Pyu, Myanmar",us2000cig2
2018-01-11 18:53:05.320,18.4286,96.1265,10.0,4.6,"33 km W of Pyu, Myanmar",us2000cpb5
2018-01-11 18:55:04.840,18.348,96.0162,10.0,4.7,"46 km WSW of Pyu, Myanmar",us2000cpaz
2018-01-11 20:08:41.120,18.5356,96.1126,10.0,4.6,"34 km W of Pyu, Myanmar",us2000cihi
2018-01-11 22:30:43.260,18.3199,96.0561,10.0,4.3,"44 km WSW of Pyu, Myanmar",us2000cim0
2018-01-12 04:16:03.750,18.3426,96.0774,10.0,4.4,"41 km WSW of Pyu, Myanmar",us2000ciql
2018-01-12 07:29:48.870,24.9159,95.2518,128.71,4.3,"112 km SE of Phek, India",us2000cpre
2018-01-12 15:23:55.420,18.3926,96.2827,10.0,4.9,"19 km WSW of Pyu, Myanmar",us2000ciw6
2018-01-13 08:19:47.450,16.618,95.9378,10.0,3.8,"10 km S of Twante, Myanmar",us2000cjl0
2018-01-13 13:51:14.760,18.4992,96.215,10.0,4.4,"23 km W of Pyu, Myanmar",us2000cpva
2018-01-13 23:29:46.500,18.3725,96.0922,10.0,4.6,"38 km WSW of Pyu, Myanmar",us2000cjdw
2018-01-14 15:48:09.590,12.1779,92.4336,32.95,4.7,"61 km NNW of Bamboo Flat, India",us2000cjih
2018-01-14 17:49:55.250,18.3202,96.0978,10.0,4.7,"40 km WSW of Pyu, Myanmar",us2000cjiy
2018-01-16 11:23:02.330,24.5799,94.9415,101.42,4.0,"88 km E of W?ngjing, India",us2000cjx2
2018-01-17 07:43:28.090,18.4364,96.0954,10.0,4.5,"36 km W of Pyu, Myanmar",us2000ck92
2018-01-18 02:03:30.260,25.2304,95.0332,83.69,4.5,"72 km SE of Phek, India",us2000ckm4
2018-01-20 10:06:47.390,23.9745,94.6915,86.78,4.2,"46 km NE of Mawlaik, Myanmar",us2000clrs
2018-01-22 07:37:59.270,18.2864,96.0706,10.0,4.7,"44 km WSW of Pyu, Myanmar",us2000cmcq
2018-01-24 11:01:46.430,14.6681,92.6095,10.0,4.3,"Andaman Islands, India region",us1000ceib
2018-01-24 19:21:38.390,22.8042,94.4713,105.17,4.6,"82 km E of Falam, Myanmar",us2000cnxe
2018-02-03 15:29:10.640,20.5966,99.5264,10.0,4.6,"40 km WNW of Tachilek, Myanmar",us1000cfci
2018-02-04 08:41:59.420,16.0664,96.3651,10.0,4.2,"77 km ESE of Pyapon, Myanmar",us1000cfu3
2018-02-05 16:55:35.100,18.2777,96.234,10.0,4.6,"31 km SW of Pyu, Myanmar",us1000cg3x
2018-02-07 16:38:01.640,18.1755,96.1481,10.0,4.1,"45 km SW of Pyu, Myanmar",us1000cibt
2018-02-09 04:41:45.170,18.2361,94.3767,43.31,4.4,"99 km W of Myanaung, Myanmar",us2000czbp
2018-02-09 14:58:05.930,22.2796,100.9456,10.0,4.6,"38 km NE of Jinghong, China",us2000czk0
2018-02-09 18:04:25.560,18.2178,96.1961,20.86,4.3,"38 km SW of Pyu, Myanmar",us2000d4v9
2018-02-13 02:39:51.940,12.3508,93.1579,57.51,5.2,"86 km NE of Bamboo Flat, India",us2000d1a1
2018-02-14 07:14:01.980,18.751,95.3043,85.22,4.7,"11 km SE of Pyay, Myanmar",us2000d1w1
2018-02-15 03:28:07.070,28.3621,97.5473,15.08,4.2,"103 km ENE of Hayuliang, India",us2000d2hu
2018-02-18 20:33:29.390,24.5258,94.3633,49.3,4.1,Myanmar-India border region,us2000d4cn
2018-02-20 08:12:13.350,22.5842,93.3372,37.69,4.3,"28 km WSW of Hakha, Myanmar",us2000d58l
2018-02-20 14:09:57.890,24.4632,100.8439,10.0,4.7,"43 km WNW of Jianshui, China",us2000d5bt
2018-03-04 10:48:10.180,18.4234,96.1598,10.0,4.9,"30 km WSW of Pyu, Myanmar",us2000dc0t
2018-03-06 03:06:51.920,13.9008,92.8633,29.63,4.1,"243 km N of Bamboo Flat, India",us1000d4ql
2018-03-07 20:51:53.100,23.9381,98.4183,10.0,4.4,"125 km ESE of Bhamo, Myanmar",us1000d17e
2018-03-07 21:13:08.040,19.8317,95.9379,10.0,4.8,"22 km WNW of Nay Pyi Taw, Myanmar",us1000d14n
2018-03-09 22:08:42.170,23.5922,98.4028,28.09,4.3,"98 km NE of Lashio, Myanmar",us1000d2jl
2018-03-14 03:15:08.190,25.1354,98.9952,37.15,4.6,"132 km WSW of Dali, China",us1000d457
2018-03-15 02:26:05.630,24.4242,93.5687,55.55,4.5,"14 km NW of Chur?ch?ndpur, India",us1000d4k8
2018-03-15 06:01:06.640,29.6163,104.8352,39.99,4.1,"18 km S of Chonglong, China",us1000d7wa
2018-03-15 16:58:20.600,23.6264,94.7092,107.24,4.3,"31 km E of Mawlaik, Myanmar",us1000d4ub
2018-03-15 17:07:05.630,11.9132,92.2633,42.36,4.3,"54 km WNW of Bamboo Flat, India",us1000d7wy
2018-03-16 19:58:33.840,12.5671,93.7551,109.07,4.3,"148 km NE of Bamboo Flat, India",us1000d5cv
2018-03-17 19:31:04.780,28.0952,104.6884,31.79,4.2,"39 km S of Xunchang, China",us1000d82k
2018-03-17 19:59:03.880,18.3849,96.151,19.05,5.1,"32 km WSW of Pyu, Myanmar",us1000d5rq
2018-03-24 18:41:29.000,21.7838,94.7798,118.82,4.2,"51 km SW of Monywa, Myanmar",us1000d8nb
2018-03-30 22:33:27.350,22.1644,92.8036,32.09,4.1,"40 km SSW of Saiha, India",us2000dvjw
2018-04-01 13:10:11.970,25.7467,103.385,10.0,4.1,"49 km NW of Qujing, China",us1000dc45
2018-04-02 11:42:10.860,26.4448,96.9676,10.0,4.9,"30 km NNE of Sarupathar, India",us1000dcdk
2018-04-03 16:59:30.030,29.8972,95.0012,25.59,4.1,"163 km NNE of Shi Yomi, India",us1000ddqf
2018-04-04 15:21:23.500,24.8388,95.3185,126.84,4.6,"123 km SE of Phek, India",us1000de6e
2018-04-08 17:40:09.280,22.6019,96.0753,10.0,4.5,"38 km E of Shwebo, Myanmar",us2000dwi3
2018-04-09 23:11:38.070,13.8976,92.8286,28.81,4.0,"243 km N of Bamboo Flat, India",us2000e12q
2018-04-10 03:17:51.080,18.2522,95.9845,37.49,4.3,"54 km WSW of Pyu, Myanmar",us2000e1ju
2018-04-14 22:27:32.520,16.1878,95.7911,10.0,4.1,"16 km SE of Pyapon, Myanmar",us2000e0fp
2018-04-15 14:27:50.190,16.1711,95.7135,10.0,3.4,"13 km SSE of Pyapon, Myanmar",us2000e0p0
2018-04-16 13:32:33.660,16.1491,95.6887,10.0,3.4,near the south coast of Myanmar,us2000e16w
2018-04-18 07:55:36.390,16.7728,95.8304,10.0,4.2,"12 km WNW of Twante, Myanmar",us1000dnc3
2018-04-20 04:16:01.950,18.3668,96.1628,10.0,4.9,"31 km WSW of Pyu, Myanmar",us1000dp14
2018-04-20 08:28:01.480,25.2066,95.4783,147.11,4.3,"110 km ESE of Phek, India",us1000dp3g
2018-04-20 22:29:24.470,18.3221,96.1596,17.07,5.0,"34 km WSW of Pyu, Myanmar",us1000dpmh
2018-04-21 22:41:11.370,18.3529,96.0939,10.0,4.7,"38 km WSW of Pyu, Myanmar",us1000dq2n
2018-04-22 18:31:43.620,18.2489,96.0331,10.0,4.9,"49 km WSW of Pyu, Myanmar",us1000dqcv
2018-04-23 18:01:26.520,13.1779,92.3513,26.74,4.9,"168 km NNW of Bamboo Flat, India",us1000dqt3
2018-04-24 01:15:43.610,11.0716,93.5682,97.56,4.4,"111 km SE of Port Blair, India",us1000dr23
2018-04-24 04:08:35.700,22.9621,94.6137,106.27,5.1,"78 km SSE of Mawlaik, Myanmar",us1000dr4k
2018-04-24 12:23:34.070,18.3623,96.1394,10.0,5.1,"34 km WSW of Pyu, Myanmar",us1000dr8g
2018-04-27 03:18:43.660,21.8318,94.8346,124.72,4.3,"43 km SW of Monywa, Myanmar",us1000dx90
2018-04-27 10:46:56.800,23.9282,93.854,61.81,4.4,"48 km SSE of Chur?ch?ndpur, India",us1000dx96
2018-04-29 17:58:57.320,21.1341,94.4582,90.5,4.5,"45 km NW of Chauk, Myanmar",us1000dud8
2018-05-01 20:28:45.990,28.5838,102.768,10.0,4.3,"90 km NNE of Xichang, China",us1000dzy2
2018-05-06 13:37:26.520,24.6396,96.0213,40.78,4.6,"130 km WNW of Bhamo, Myanmar",us1000dzbl
2018-05-08 15:11:34.500,28.2104,103.5613,10.0,4.7,"100 km N of Zhaotong, China",us1000e0pd
2018-05-16 08:26:01.240,25.0197,99.433,10.0,4.3,"100 km SW of Dali, China",us1000e67b
2018-05-16 08:46:14.200,29.4033,102.3732,10.0,4.6,"77 km SSE of Kangding, China",us1000e67v
2018-05-17 18:40:32.630,27.6167,103.8967,10.0,4.2,"37 km NNE of Zhaotong, China",us1000e7gf
2018-05-19 23:12:37.840,21.7974,100.8135,10.0,4.2,"22 km SSE of Jinghong, China",us1000e8ry
2018-05-21 13:20:31.610,21.8982,100.8033,10.0,3.9,"12 km SE of Jinghong, China",us1000e9j2
2018-05-22 11:46:55.690,12.2515,95.9839,10.0,4.7,"285 km W of Myeik, Myanmar",us1000ec0m
2018-05-22 16:58:31.190,22.2389,100.9995,10.0,3.4,"38 km NE of Jinghong, China",us1000ea7f
2018-05-25 12:43:55.610,26.4604,94.3715,59.43,4.4,"20 km NW of Mokokch?ng, India",us1000eek1
2018-05-25 17:41:54.090,10.8902,93.6517,140.2,4.7,"130 km SE of Port Blair, India",us1000ec8d
2018-05-25 20:25:46.260,26.3926,93.5059,49.17,4.0,"29 km SSW of Bok?kh?t, India",us1000eek9
2018-05-26 23:42:23.670,22.9983,94.5796,96.35,4.5,"73 km SSE of Mawlaik, Myanmar",us1000ecu7
2018-05-28 05:43:17.010,23.1945,94.6164,107.26,4.5,"54 km SSE of Mawlaik, Myanmar",us1000egf2
2018-06-02 05:46:07.210,27.1823,96.9851,38.89,4.9,"107 km SSE of Hayuliang, India",us1000ehai
2018-06-05 16:33:54.700,24.5969,95.1002,110.91,4.8,"104 km E of W?ngjing, India",us1000ej24
2018-06-05 23:12:32.290,23.8585,94.4873,82.01,4.7,"25 km NNE of Mawlaik, Myanmar",us1000ejay
2018-06-10 22:38:27.380,13.5505,92.9769,22.79,4.5,"206 km N of Bamboo Flat, India",us1000emwz
2018-06-11 04:53:50.390,26.3263,92.6686,47.34,4.9,"18 km NE of Rah?, India",us1000en44
2018-06-12 13:08:45.390,26.3289,96.4714,116.86,4.2,"36 km WNW of Sarupathar, India",us1000erl8
2018-06-17 13:21:30.230,18.2751,96.0703,10.0,5.0,"45 km WSW of Pyu, Myanmar",us1000etva
2018-06-17 13:42:35.690,18.3467,96.1535,10.0,4.6,"33 km WSW of Pyu, Myanmar",us1000etvs
2018-06-18 13:56:48.180,16.3992,96.3406,68.13,4.3,"42 km SSE of Syriam, Myanmar",us1000euik
2018-06-19 11:06:26.010,21.9403,94.1549,85.51,4.4,"96 km SE of Hakha, Myanmar",us1000evcv
2018-06-20 07:44:26.920,24.6071,94.3727,67.38,4.5,"31 km E of W?ngjing, India",us1000ew9i
2018-06-20 19:04:15.790,10.1921,93.0909,70.72,4.5,"167 km SSE of Port Blair, India",us1000f229
2018-06-21 03:31:23.360,23.927,93.8741,59.13,4.6,"49 km SSE of Chur?ch?ndpur, India",us1000ex34
2018-06-24 11:07:47.100,23.7162,94.856,121.13,4.3,"46 km E of Mawlaik, Myanmar",us1000f08c
2018-06-26 00:02:16.460,22.2092,95.0342,21.81,4.6,"15 km NW of Monywa, Myanmar",us1000f1rs
2018-06-27 13:02:31.370,19.8314,96.1403,10.0,4.7,"9 km N of Nay Pyi Taw, Myanmar",us1000f3az
2018-06-27 22:46:05.910,18.9526,94.7924,10.0,4.4,"47 km WNW of Pyay, Myanmar",us2000fpmm
2018-06-28 19:03:21.900,14.0705,92.8391,27.05,4.4,"262 km N of Bamboo Flat, India",us2000fx10
2018-07-01 15:10:37.390,20.2592,97.9109,10.0,4.6,"97 km NE of Loikaw, Myanmar",us2000ft1f
2018-07-03 23:55:23.540,13.276,93.5947,74.65,4.4,"198 km NNE of Bamboo Flat, India",us2000g18z
2018-07-04 07:12:49.940,13.1648,92.4982,27.4,4.8,"163 km N of Bamboo Flat, India",us2000fwle
2018-07-04 11:08:16.000,15.5507,94.3396,29.61,4.5,"134 km SW of Mawlamyinegyunn, Myanmar",us2000g1d8
2018-07-04 17:54:56.190,11.3442,93.0558,97.52,4.0,"49 km SE of Port Blair, India",us2000g1dj
2018-07-04 20:34:51.770,14.5358,96.4672,8.36,5.1,"192 km WNW of Dawei, Myanmar",us2000fx4h
2018-07-10 07:36:30.940,12.9343,93.4058,79.64,4.5,"155 km NNE of Bamboo Flat, India",us2000g465
2018-07-12 02:40:13.590,15.4142,94.2819,60.23,4.6,"149 km SW of Mawlamyinegyunn, Myanmar",us2000g7xu
2018-07-13 12:07:58.470,18.9496,94.8278,10.0,4.7,"43 km WNW of Pyay, Myanmar",us2000g3y7
2018-07-15 21:29:33.510,28.0956,103.5659,31.74,4.4,"87 km N of Zhaotong, China",us2000g9n5
2018-07-17 14:42:22.060,10.9238,91.8114,10.0,4.6,"130 km SW of Bamboo Flat, India",us2000g728
2018-07-22 23:02:03.470,29.5219,104.5491,10.0,4.7,"29 km NW of Zigong, China",us2000gbgk
2018-07-28 00:49:16.440,24.9529,95.2068,143.19,4.0,"106 km SE of Phek, India",us2000gfr0
2018-07-30 21:23:29.290,29.4195,90.341,19.98,4.0,"70 km SSW of Dêqên, China",us2000ghl9
2018-08-07 21:39:50.820,24.005,96.1862,10.0,4.4,"109 km WSW of Bhamo, Myanmar",us1000g6ei
2018-08-10 17:17:33.520,27.276,104.0029,16.03,4.5,"28 km E of Zhaotong, China",us1000g6gj
2018-08-11 06:11:32.730,28.772,103.4305,10.0,4.4,"89 km SW of Luocheng, China",us1000g6u8
2018-08-11 10:04:15.100,26.7933,90.9506,10.0,3.8,"8 km SSW of Panbang, Bhutan",us1000g7hg
2018-08-12 17:44:26.340,24.2983,102.9096,10.0,5.0,"37 km E of Yuxi, China",us1000g7al
2018-08-12 17:49:23.830,24.0398,102.3396,10.0,4.4,"40 km SSW of Yuxi, China",us1000gbc9
2018-08-13 16:07:11.430,14.0665,93.2233,30.48,4.9,"267 km NNE of Bamboo Flat, India",us1000g835
2018-08-13 19:50:38.250,24.1904,102.8675,10.0,4.9,"37 km ESE of Yuxi, China",us1000g8bq
2018-08-15 13:28:13.360,27.527,103.9975,10.0,4.8,"36 km NE of Zhaotong, China",us1000g9me
2018-08-16 06:50:11.860,16.0979,96.5102,10.0,4.3,"73 km S of Thongwa, Myanmar",us1000gaag
2018-08-16 11:55:19.410,23.9936,94.7501,95.16,4.9,"52 km NE of Mawlaik, Myanmar",us1000gaev
2018-08-17 17:36:40.150,27.5438,104.0108,15.71,4.7,"38 km NE of Zhaotong, China",us1000gbnv
2018-08-17 19:04:19.520,25.6357,90.9299,10.0,3.8,"36 km WNW of Nongstoin, India",us1000gdj7
2018-08-18 12:03:49.520,24.6758,94.7739,85.0,4.5,"72 km E of W?ngjing, India",us1000gc6g
2018-08-24 10:49:27.510,10.5407,91.7115,10.0,5.5,"168 km SW of Port Blair, India",us1000ggp5
2018-08-24 11:29:32.600,10.9995,91.5782,10.0,4.4,"146 km WSW of Bamboo Flat, India",us2000h63y
2018-08-24 12:18:07.220,10.7028,91.5787,10.0,4.6,"166 km SW of Bamboo Flat, India",us1000ggpn
2018-09-01 19:19:46.550,24.7558,95.3651,149.33,4.6,"132 km E of W?ngjing, India",us2000h6kw
2018-09-08 02:31:30.740,23.3322,101.5779,8.0,5.7,"110 km SSE of Jianshui, China",us2000hat7
2018-09-08 02:36:00.040,23.2765,101.5399,10.0,4.6,"115 km SSE of Jianshui, China",us2000hgni
2018-09-08 11:36:46.220,19.0589,95.7362,10.0,4.5,"60 km ENE of Pyay, Myanmar",us2000hgnv
2018-09-10 16:57:40.410,23.1619,94.6759,100.51,4.4,"60 km SSE of Mawlaik, Myanmar",us2000hbyy
2018-09-12 04:50:46.570,26.3711,90.1611,10.0,5.3,"5 km NE of Sapatgr?m, India",us2000hd8v
2018-09-21 01:51:58.380,29.365,104.4998,10.0,4.5,"27 km W of Zigong, China",us1000h3c0
2018-09-25 03:47:30.020,26.0547,90.8859,10.0,4.4,"29 km ESE of Go?lp?ra, India",us2000hjlb
2018-09-25 20:51:04.790,24.2458,93.913,57.72,4.2,"26 km ESE of Chur?ch?ndpur, India",us1000h54v
2018-09-27 13:35:47.410,25.777,95.0062,80.14,4.2,"52 km ENE of Phek, India",us1000h6dw
2018-09-29 08:18:00.730,10.4733,91.652,10.0,4.1,"178 km SW of Port Blair, India",us1000h7h5
2018-10-01 13:24:44.800,12.9046,92.2347,25.65,5.1,"143 km NNW of Bamboo Flat, India",us1000h4z5
2018-10-04 13:29:14.050,19.3133,96.2332,10.0,4.5,"46 km NNW of Taungoo, Myanmar",us1000h6xu
2018-10-05 09:43:16.960,18.9435,95.5839,10.0,4.2,"40 km ENE of Pyay, Myanmar",us1000han6
2018-10-10 10:28:04.560,19.0329,95.6084,10.0,5.1,"46 km ENE of Pyay, Myanmar",us1000h9ws
2018-10-17 05:29:25.910,26.1495,102.2525,35.0,4.5,"70 km SE of Dadukou, China",us1000hd7x
2018-10-26 20:49:52.280,24.6818,95.1058,120.42,4.3,"105 km E of W?ngjing, India",us1000hhrq
2018-10-27 09:16:44.140,19.0858,95.6347,10.0,4.9,"52 km ENE of Pyay, Myanmar",us1000hhxn
2018-10-28 00:25:16.860,27.9012,103.4946,10.0,4.4,"68 km NNW of Zhaotong, China",us2000i5yx
2018-10-29 21:00:06.410,28.15,103.5462,10.0,4.5,"93 km N of Zhaotong, China",us1000hiqt
2018-10-31 08:29:58.930,27.7933,102.2196,24.3,5.1,"12 km SSW of Xichang, China",us2000i4he
2018-11-02 10:31:55.700,29.964,95.158,10.0,4.3,"176 km NNE of Shi Yomi, India",us1000hpqv
2018-11-05 19:48:36.160,19.9145,95.4886,10.0,4.6,"11 km SSW of Taungdwingyi, Myanmar",us2000i74f
2018-11-06 22:50:42.150,24.3823,94.3399,64.34,4.2,"36 km SE of W?ngjing, India",us2000i7rq
2018-11-10 17:15:46.730,23.9724,93.3925,52.39,5.2,"47 km E of Darlawn, India",us1000hqbh
2018-11-19 04:07:54.030,21.5181,94.3974,77.05,4.9,"74 km WNW of Pakokku, Myanmar",us1000htsq
2018-11-19 19:03:06.340,23.3813,94.3227,10.0,4.3,"30 km SSW of Mawlaik, Myanmar",us1000hu10
2018-11-20 17:49:19.920,20.2418,93.6524,44.84,4.5,"79 km E of Sittwe, Myanmar",us1000huhk
2018-11-24 21:03:22.310,27.3188,97.1847,10.0,4.3,"104 km SE of Hayuliang, India",us1000hw7r
2018-11-28 10:17:06.970,27.1986,96.9185,11.0,5.4,"103 km SSE of Hayuliang, India",us1000hxdh
2018-11-29 03:57:37.250,23.5204,94.274,84.06,4.5,"19 km SW of Mawlaik, Myanmar",us1000hxrv
2018-12-01 15:07:26.550,28.0036,92.6174,10.0,4.8,"83 km NE of Tawang, India",us1000hznd
2018-12-04 09:44:47.480,24.5152,94.8152,10.0,4.5,"76 km E of W?ngjing, India",us1000i4ai
2018-12-13 15:32:54.250,29.7432,98.7762,26.49,5.1,"217 km SE of Qamdo, China",us2000it8a
2018-12-13 15:39:45.230,29.6624,98.825,22.78,4.7,"221 km NNW of Shangri-La, China",us2000it8b
2018-12-23 11:21:00.090,27.4151,96.382,10.0,4.3,"60 km SSE of Tezu, India",us2000iwn3
2018-12-23 20:32:19.670,26.4496,96.6002,115.7,4.7,"34 km NW of Sarupathar, India",us2000iwsy
2018-12-27 00:35:50.380,23.3862,94.5614,90.96,5.0,"32 km SSE of Mawlaik, Myanmar",us2000ixwx
2018-12-27 16:46:09.310,12.8155,93.5007,75.11,4.4,"150 km NE of Bamboo Flat, India",us2000iy4l
2018-12-30 15:39:19.810,14.8932,99.1007,10.0,4.3,"70 km SW of Huai Khot, Thailand",us2000izbs
2018-12-31 13:33:11.680,21.8261,93.5644,57.57,4.2,"90 km S of Hakha, Myanmar",us2000izfp
2019-01-03 00:48:08.370,28.1902,104.9182,10.0,4.8,"35 km SE of Xunchang, China",us2000izyd
2019-01-03 14:03:44.980,11.7558,93.3604,111.1,4.5,"67 km E of Port Blair, India",us2000j01m
2019-01-04 07:59:32.360,28.2824,104.9121,10.0,4.2,"27 km SE of Xunchang, China",us2000j7ax
2019-01-06 14:46:34.820,23.0787,101.0628,14.95,4.4,"125 km NNE of Jinghong, China",us2000j0tz
2019-01-07 17:15:44.420,26.7955,99.4683,10.0,4.5,"75 km W of Lijiang, China",us2000j159
2019-01-08 00:49:28.360,28.6268,99.2729,10.0,4.1,"98 km NNW of Shangri-La, China",us2000j8bi
2019-01-10 12:00:55.800,21.3241,101.766,10.0,4.4,"52 km SW of Phôngsali, Laos",us2000j2hq
2019-01-11 14:46:33.830,13.0839,91.6733,10.0,4.4,"190 km NW of Bamboo Flat, India",us2000j8vw
2019-01-14 10:54:50.590,21.3348,101.7691,10.0,4.6,"51 km SW of Phôngsali, Laos",us2000j3qb
2019-01-15 15:52:24.750,28.1278,104.9626,10.0,4.5,"43 km SE of Xunchang, China",us2000jb8l
2019-01-16 21:39:35.480,24.8046,96.3344,10.0,4.7,"109 km WNW of Bhamo, Myanmar",us2000j4r3
2019-01-18 13:19:39.040,14.0245,92.9974,10.0,4.5,"258 km N of Bamboo Flat, India",us2000j5qx
2019-01-19 16:38:29.250,29.2806,104.9294,10.0,4.4,"16 km ESE of Zigong, China",us2000jc01
2019-01-25 14:29:06.050,24.0031,94.8664,47.2,4.5,"61 km NE of Mawlaik, Myanmar",us2000j8rt
2019-01-25 17:07:08.510,24.3098,93.8919,55.87,4.6,"22 km E of Chur?ch?ndpur, India",us2000j8v7
2019-01-27 04:49:20.490,24.8046,94.3026,67.97,4.7,"29 km ENE of Yairipok, India",us2000j9cu
2019-01-27 23:45:56.850,24.4032,94.0239,65.34,4.7,"11 km SSE of Kakching, India",us2000j9j5
2019-01-28 03:52:39.700,18.2393,96.0814,27.66,4.5,"46 km SW of Pyu, Myanmar",us2000j9kz
2019-01-30 23:12:59.480,23.9792,94.4999,82.03,4.0,"38 km NNE of Mawlaik, Myanmar",us2000jheq
2019-02-01 21:26:10.210,27.3105,100.8861,10.0,4.3,"82 km NE of Lijiang, China",us2000jc5g
2019-02-02 17:32:35.330,25.2277,95.2123,101.16,4.1,"86 km SE of Phek, India",us2000jcfu
2019-02-03 17:20:45.350,24.5236,93.8824,66.28,4.5,"9 km S of May?ng Imph?l, India",us2000jcth
2019-02-06 16:21:25.100,23.8991,94.3292,33.81,4.4,"29 km NNW of Mawlaik, Myanmar",us2000je7s
2019-02-07 08:49:37.010,26.0047,96.8478,10.0,4.3,"22 km S of Sarupathar, India",us2000jenq
2019-02-10 03:22:05.370,27.3345,96.3645,10.0,5.0,"68 km SSE of Tezu, India",us2000jfur
2019-02-12 14:49:58.580,22.8653,101.4423,10.34,4.5,"121 km NE of Jinghong, China",us2000jgpf
2019-02-12 20:21:21.610,13.4538,91.7532,10.0,4.4,"220 km NNW of Bamboo Flat, India",us2000jgu3
2019-02-15 22:11:33.610,25.5862,95.6268,48.48,4.1,"110 km SE of Tuensang, India",us2000jnzs
2019-02-17 02:58:32.530,22.4139,92.8472,10.0,4.8,"16 km WSW of Saiha, India",us2000jj1j
2019-02-17 08:22:55.840,18.3005,94.8807,35.0,4.1,"46 km W of Myanaung, Myanmar",us2000jpmv
2019-02-20 09:05:42.270,19.1948,99.615,10.0,4.6,"26 km SW of Mae Chai, Thailand",us2000jkje
2019-02-23 21:38:10.120,29.497,104.5382,10.0,4.9,"28 km NW of Zigong, China",us2000jm6f
2019-02-24 17:12:11.420,10.2536,93.7785,10.0,4.3,"192 km SE of Port Blair, India",us2000jmh9
2019-02-25 00:40:27.400,29.4709,104.5609,10.0,4.6,"25 km NW of Zigong, China",us2000jmlw
2019-02-25 05:15:59.850,29.4699,104.6093,10.0,4.9,"21 km NW of Zigong, China",us2000jmpz
2019-02-26 04:49:57.910,24.0741,90.2941,10.0,3.7,"20 km E of Mirz?pur, Bangladesh",us2000jp8l
2019-03-05 15:34:04.070,26.5453,98.3488,10.69,4.1,"158 km ENE of Sarupathar, India",us1000jfjm
2019-03-07 19:37:22.130,23.9608,99.3999,10.0,4.4,"188 km W of Jianshui, China",us1000jc0h
2019-03-11 01:14:29.020,11.8129,93.6513,115.85,4.5,"99 km E of Port Blair, India",us1000jddw
2019-03-13 13:44:04.300,23.0149,93.9436,79.79,4.5,"29 km ENE of Falam, Myanmar",us1000jere
2019-03-14 15:17:36.774,26.1211,96.9489,45.71,4.3,"16 km SE of Sarupathar, India",us1000jkba
2019-03-16 19:23:40.660,24.0646,94.6842,96.09,4.0,"54 km NNE of Mawlaik, Myanmar",us1000jkdd
2019-03-18 16:54:30.640,21.9349,94.4682,99.63,4.6,"71 km WSW of Monywa, Myanmar",us1000ji13
2019-03-20 10:27:35.183,11.9231,92.8488,56.99,4.9,"Andaman Islands, India region",us1000jj58
2019-03-20 23:37:42.570,22.8271,93.9612,37.59,4.3,"30 km ESE of Falam, Myanmar",us1000jjk8
2019-03-21 14:30:52.863,25.6452,90.9083,10.0,4.4,"38 km WNW of Nongstoin, India",us1000jjsb
2019-03-23 11:29:27.136,14.1145,93.0433,10.0,5.2,"269 km N of Bamboo Flat, India",us1000jkn9
2019-03-23 11:34:01.596,13.9762,93.1001,10.0,4.9,"255 km N of Bamboo Flat, India",us1000jkna
2019-03-25 04:56:41.480,22.1287,94.167,86.04,4.3,"80 km SE of Hakha, Myanmar",us2000k966
2019-03-25 12:41:25.406,24.3186,93.5079,56.65,4.6,"16 km W of Chur?ch?ndpur, India",us1000jl91
2019-03-25 20:04:46.990,23.4028,98.4577,15.59,4.6,"89 km NE of Lashio, Myanmar",us1000jlgz
2019-03-26 13:52:12.900,20.6982,93.4157,35.0,4.7,"81 km NE of Sittwe, Myanmar",us2000k9nt
2019-03-27 16:39:22.159,18.9768,94.3994,57.54,4.3,"88 km W of Pyay, Myanmar",us1000jmhe
2019-03-28 03:08:13.487,11.1534,95.1558,10.0,5.2,"268 km ESE of Port Blair, India",us2000k69x
2019-03-31 06:42:20.572,25.3484,95.5572,125.53,4.1,"111 km ESE of Phek, India",us2000k7vt
2019-04-04 07:45:30.378,25.4467,94.4235,61.78,5.1,"25 km SSW of Phek, India",us2000ka3r
2019-04-08 01:54:52.330,13.1345,95.4198,10.0,5.1,"Andaman Islands, India region",us2000kc24
2019-04-09 19:51:56.538,28.1288,103.6606,35.0,4.3,"90 km N of Zhaotong, China",us700037nh
2019-04-12 01:56:59.713,10.5622,93.7769,10.0,4.2,"166 km SE of Port Blair, India",us700038jr
2019-04-12 11:23:00.001,11.8466,92.8676,48.25,4.7,"23 km NE of Bamboo Flat, India",us700034xc
2019-04-13 23:02:50.523,14.069,93.1441,10.0,4.5,"266 km N of Bamboo Flat, India",us700035l2
2019-04-15 01:39:45.818,22.7481,93.4162,56.21,4.6,"23 km WNW of Hakha, Myanmar",us7000364c
2019-04-15 13:33:49.328,12.4345,93.5064,105.87,4.2,"118 km NE of Bamboo Flat, India",us70003bdi
2019-04-21 07:01:41.619,20.5992,94.1897,62.83,4.2,"72 km WNW of Yenangyaung, Myanmar",us70003en8
2019-04-23 14:14:41.025,10.2311,92.3966,10.0,4.5,"Andaman Islands, India region",us70003ft8
2019-04-23 20:15:50.777,28.4073,94.5605,14.0,5.9,"22 km SE of Shi Yomi, India",us70003axc
2019-04-24 15:55:29.327,28.308,103.4269,10.0,4.5,"113 km NNW of Zhaotong, China",us70003bf3
2019-04-25 18:50:52.865,10.9578,91.7043,10.0,4.2,"137 km SW of Bamboo Flat, India",us70003c3k
2019-04-25 23:37:59.166,23.5884,95.1868,35.38,4.5,"80 km E of Mawlaik, Myanmar",us70003c8v
2019-04-26 17:19:12.978,28.2082,104.873,10.0,4.3,"31 km SSE of Xunchang, China",us70003cmh
2019-04-27 06:27:02.999,26.4403,93.0258,43.81,4.6,"31 km SE of Tezpur, India",us70003cvu
2019-04-27 16:47:56.164,23.8569,95.6844,10.0,4.4,"132 km E of Mawlaik, Myanmar",us70003d0d
2019-04-29 17:39:44.540,23.0333,94.8184,133.05,4.7,"79 km SSE of Mawlaik, Myanmar",us70003e51
2019-05-04 11:04:01.133,26.2288,95.7216,85.93,5.2,"86 km SE of Mon, India",us70003gm1
2019-05-06 14:18:26.521,19.7263,90.8861,10.0,4.9,"193 km SW of Tekn?f, Bangladesh",us70003hcx
2019-05-06 14:53:18.268,12.5345,93.2991,86.56,4.4,"111 km NE of Bamboo Flat, India",us70003lln
2019-05-07 08:24:12.464,10.737,93.5702,77.47,4.6,"136 km SE of Port Blair, India",us70003hv8
2019-05-15 20:33:33.555,28.1354,103.603,10.0,4.9,"91 km N of Zhaotong, China",usd0009i8f
2019-05-15 22:08:19.494,24.4886,100.0363,10.0,4.0,"122 km S of Dali, China",us60003r7j
2019-05-22 00:39:34.963,13.8921,92.9916,29.0,5.6,"244 km N of Bamboo Flat, India",us60003qg7
2019-05-22 12:55:53.738,25.0456,95.2138,95.78,4.4,"99 km SE of Phek, India",us60003qkr
2019-05-24 20:44:35.249,10.6433,91.4323,10.0,4.2,"182 km SW of Bamboo Flat, India",us70003trx
2019-05-24 21:23:34.749,13.8733,92.9509,10.0,5.0,"241 km N of Bamboo Flat, India",us60003rwt
2019-05-24 23:19:53.388,10.8163,91.6187,10.0,4.7,"154 km SW of Bamboo Flat, India",us70003ts3
2019-05-29 01:54:23.829,23.9515,94.7518,95.69,4.5,"49 km NE of Mawlaik, Myanmar",us70003wcv
2019-06-04 13:27:33.983,25.0414,94.8689,65.32,4.6,"78 km SSE of Phek, India",us70003v97
2019-06-05 07:27:01.098,28.1508,103.6451,33.9,4.4,"92 km N of Zhaotong, China",us70003vp1
2019-06-15 06:23:19.694,17.0952,93.9096,10.0,4.0,"94 km WNW of Pathein, Myanmar",us6000448l
2019-06-17 14:55:44.876,28.4056,104.9333,6.0,5.8,"22 km ESE of Xunchang, China",us600041ry
2019-06-17 15:02:37.456,28.4109,104.7703,10.0,4.9,"7 km SE of Xunchang, China",us600045s4
2019-06-17 15:03:08.327,28.3058,104.8033,10.0,4.9,"18 km SSE of Xunchang, China",us600045rc
2019-06-17 15:09:02.512,28.3913,104.8859,10.0,4.6,"18 km ESE of Xunchang, China",us600045rb
2019-06-17 15:23:30.013,28.4474,104.9682,10.0,4.4,"24 km E of Xunchang, China",us600045rd
2019-06-17 15:36:02.681,28.4397,104.8739,10.0,5.1,"15 km E of Xunchang, China",us600041sa
2019-06-17 15:41:37.734,28.317,104.8323,10.0,4.7,"19 km SE of Xunchang, China",us600045rm
2019-06-17 16:29:08.680,28.4923,104.9192,10.0,4.7,"20 km ENE of Xunchang, China",us600041sv
2019-06-17 16:37:56.120,28.4538,104.9579,10.0,4.9,"23 km E of Xunchang, China",us600041t4
2019-06-17 21:03:26.432,28.4658,104.9271,10.0,4.9,"20 km E of Xunchang, China",us6000422t
2019-06-17 22:19:59.453,12.1229,92.709,30.0,4.9,"46 km N of Bamboo Flat, India",us6000424m
2019-06-17 23:34:34.333,28.3995,104.9852,10.0,4.7,"27 km ESE of Xunchang, China",us6000425j
2019-06-18 04:28:20.634,17.8972,96.1277,16.19,4.8,"41 km ENE of Letpandan, Myanmar",us700048dc
2019-06-18 06:38:36.947,28.4087,104.7354,10.0,4.3,"5 km SSE of Xunchang, China",us700048dh
2019-06-18 10:53:58.941,28.3768,104.7872,10.0,4.4,"11 km SE of Xunchang, China",us700048dz
2019-06-20 12:58:41.238,27.5747,104.7599,10.0,4.2,"60 km WNW of Bijie, China",us700046pd
2019-06-20 22:56:49.061,28.3463,104.6388,10.0,4.4,"14 km SSW of Xunchang, China",us700046q7
2019-06-21 16:42:25.085,25.812,95.8922,132.99,4.2,"101 km WSW of Sarupathar, India",us600044cg
2019-06-22 14:29:56.148,28.3946,104.8105,10.0,5.3,"11 km SE of Xunchang, China",us600044mq
2019-06-22 21:08:24.788,28.3651,104.7626,10.0,4.4,"10 km SSE of Xunchang, China",us700046tu
2019-06-23 00:28:18.591,28.4741,104.8907,10.0,4.9,"17 km E of Xunchang, China",us600044qx
2019-06-24 01:23:16.639,28.4861,104.7762,10.0,4.6,"6 km ENE of Xunchang, China",us600044z8
2019-06-24 13:24:22.548,25.0092,101.5906,10.0,4.8,"68 km WNW of Longquan, China",us6000457x
2019-06-25 16:33:19.154,28.5165,104.8604,10.0,4.5,"15 km ENE of Xunchang, China",us700049z4
2019-06-25 16:33:40.875,28.5055,104.7096,10.0,4.7,"5 km N of Xunchang, China",us700049zj
2019-06-30 13:32:31.105,28.4168,104.7767,10.0,4.3,"7 km SE of Xunchang, China",us70004gu6
2019-07-02 00:08:32.929,27.7834,94.8947,10.0,4.4,"26 km NE of Silapathar, India",us70004i8m
2019-07-03 04:26:54.116,28.3847,104.9176,10.0,4.8,"21 km ESE of Xunchang, China",us7000492k
2019-07-03 05:57:40.112,24.9278,94.9219,112.02,4.5,"92 km SSE of Phek, India",us7000493b
2019-07-03 22:45:20.724,28.4031,104.8733,10.0,4.2,"16 km ESE of Xunchang, China",us70004iyh
2019-07-04 02:17:58.120,28.4885,104.8396,10.0,5.1,"12 km ENE of Xunchang, China",us700049qz
2019-07-05 02:11:51.291,18.5189,92.7871,10.0,4.8,"180 km S of Sittwe, Myanmar",us70004kqc
2019-07-05 04:46:31.280,18.6186,92.8565,10.0,4.7,"169 km S of Sittwe, Myanmar",us70004aq6
2019-07-07 16:37:39.738,28.1516,104.8509,10.0,4.5,"36 km SSE of Xunchang, China",us70004mdg
2019-07-13 15:08:59.172,24.9048,94.6999,71.28,4.3,"70 km ENE of Yairipok, India",us70004jl6
2019-07-17 16:55:35.141,11.8122,94.8487,10.0,4.9,"229 km E of Port Blair, India",us70004me9
2019-07-19 09:22:15.514,27.7188,92.8302,15.0,5.5,"64 km NE of Bomdila, India",us70004nrn
2019-07-19 09:52:01.986,27.7047,92.7236,10.0,4.7,"57 km NNE of Bomdila, India",us70004ns7
2019-07-19 22:54:24.714,27.7365,92.8044,10.0,4.9,"64 km NE of Bomdila, India",us70004pfb
2019-07-21 12:23:29.873,26.2639,100.7307,10.0,4.8,"84 km SE of Lijiang, China",us70004q16
2019-07-22 08:26:37.470,28.3497,104.8904,10.0,4.7,"20 km SE of Xunchang, China",us70004qei
2019-07-23 06:56:57.384,28.8184,95.9771,10.0,4.5,"99 km NW of Hayuliang, India",us60004y1s
2019-07-23 14:25:24.486,28.2136,104.641,10.0,4.5,"27 km SSW of Xunchang, China",us60004y1v
2019-07-24 10:31:13.522,24.8601,95.1097,120.67,4.0,"108 km SE of Phek, India",us60004ykk
2019-07-29 17:04:35.745,28.2749,104.784,10.0,4.5,"21 km SSE of Xunchang, China",us60004x33
2019-08-01 00:43:18.690,14.1694,93.4565,10.0,4.5,"284 km NNE of Bamboo Flat, India",us600052t0
2019-08-02 14:37:37.982,23.627,94.6517,93.37,4.6,"25 km E of Mawlaik, Myanmar",us60004zkl
2019-08-03 12:19:16.719,25.2858,96.8919,10.0,4.8,"51 km WSW of Myitkyina, Myanmar",us6000505r
2019-08-04 00:10:32.307,24.7977,94.315,48.6,4.0,"30 km ENE of Yairipok, India",us600052yn
2019-08-04 01:26:14.607,11.9126,95.0085,10.0,5.0,"248 km E of Port Blair, India",us600050es
2019-08-05 09:43:03.209,25.6762,96.6433,10.0,4.7,"61 km SSW of Sarupathar, India",us600050ru
2019-08-12 22:31:54.894,28.4127,104.954,10.0,4.7,"23 km E of Xunchang, China",us600054ap
2019-08-18 03:24:21.878,18.4733,94.5394,26.14,5.2,"81 km WSW of Pyay, Myanmar",us600056k3
2019-08-18 03:38:13.321,18.3975,94.5477,35.0,4.8,"82 km W of Myanaung, Myanmar",us600056kk
2019-08-18 06:28:34.730,24.0196,93.858,63.38,5.0,"39 km SSE of Chur?ch?ndpur, India",us600056lz
2019-08-26 02:49:16.737,26.4642,96.1069,105.63,4.7,"75 km WNW of Sarupathar, India",us7000585z
2019-08-28 13:40:06.063,13.092,93.2507,47.93,4.9,"164 km NNE of Bamboo Flat, India",us7000595a
2019-08-31 15:09:21.828,22.7414,95.522,10.0,5.4,"26 km NW of Shwebo, Myanmar",us70005alm
2019-09-03 19:18:39.698,25.0899,95.0419,88.22,4.5,"84 km SE of Phek, India",us70005blu
2019-09-06 07:25:36.304,28.6904,104.7746,10.0,4.6,"15 km ESE of Yibin, China",us70005cng
2019-09-06 10:09:49.013,21.2484,94.7538,101.57,4.7,"35 km WSW of Pakokku, Myanmar",us70005cqm
2019-09-07 22:42:14.817,29.5295,104.9309,10.0,5.0,"14 km WSW of Neijiang, China",us70005dar
2019-09-08 02:36:22.936,29.4776,104.5995,10.0,4.9,"22 km NW of Zigong, China",us70005dbp
2019-09-10 20:18:44.667,16.2362,95.0235,10.0,4.6,"30 km WSW of Mawlamyinegyunn, Myanmar",us70005ekb
2019-09-11 15:40:17.181,10.9512,91.8646,24.99,4.6,"Andaman Islands, India region",us60005l0t
2019-09-12 12:17:56.940,28.6523,104.8154,10.0,4.5,"20 km SE of Yibin, China",us70005m6b
2019-09-13 10:34:55.698,26.1445,102.0802,10.0,4.7,"58 km SE of Dadukou, China",us60005lcy
2019-09-16 18:49:44.136,14.0514,93.5854,35.0,4.0,"276 km NNE of Bamboo Flat, India",us60005mvl
2019-09-20 16:33:11.773,28.2843,102.3476,10.0,4.3,"43 km N of Xichang, China",us70005mjm
2019-09-22 02:31:24.605,24.2307,93.6361,63.66,4.4,"11 km SSW of Chur?ch?ndpur, India",us60005lwz
2019-09-23 09:36:26.024,29.4512,95.0638,10.0,4.3,"122 km NNE of Shi Yomi, India",us60005m5l
2019-09-26 19:15:33.160,10.8407,91.6606,10.0,4.7,"149 km SW of Bamboo Flat, India",us70005lxa
2019-09-26 19:32:00.160,10.9418,91.7174,10.0,4.2,"137 km SW of Bamboo Flat, India",us70005s0k
2019-09-29 09:02:11.934,10.9759,91.65,10.0,4.7,"141 km SW of Bamboo Flat, India",us70005nfl
2019-10-03 06:24:43.382,24.8695,94.1024,59.2,4.8,"17 km ENE of Imph?l, India",us70005q55
2019-10-07 12:35:46.401,27.293,91.3145,10.0,4.7,"7 km ENE of Mongar, Bhutan",us70005rkb
2019-10-12 06:50:56.055,13.3676,93.5713,63.94,4.4,"206 km NNE of Bamboo Flat, India",us70005vkd
2019-10-16 05:36:35.022,17.5785,101.6253,10.0,4.5,"14 km NW of Loei, Thailand",us60006275
2019-10-16 18:45:42.992,23.1646,94.2211,79.56,4.4,"56 km SSW of Mawlaik, Myanmar",us70005ur2
2019-10-18 14:46:26.456,18.8969,99.2514,10.0,3.8,"21 km NE of San Kamphaeng, Thailand",us70005w67
2019-10-18 16:48:10.169,23.1641,94.2177,76.27,4.9,"56 km SSW of Mawlaik, Myanmar",us70005vlj
2019-10-19 13:35:36.906,22.5731,93.3104,45.24,4.3,"31 km WSW of Hakha, Myanmar",us600062aj
2019-10-20 13:12:17.091,25.2638,97.0073,10.0,4.3,"41 km WSW of Myitkyina, Myanmar",us600064cf
2019-10-21 00:25:38.614,28.2976,104.8979,10.0,4.5,"24 km SE of Xunchang, China",us7000616j
2019-10-22 01:30:40.682,19.2642,95.695,10.0,4.3,"51 km ESE of Myaydo, Myanmar",us70005x14
2019-10-31 08:03:33.558,28.8341,102.4021,10.0,4.3,"104 km N of Xichang, China",us6000698g
2019-10-31 19:37:25.290,24.4789,102.8855,10.0,4.4,"37 km ENE of Yuxi, China",us6000698r
2019-11-09 22:46:51.935,28.1941,104.9831,10.0,4.5,"39 km SE of Xunchang, China",us600069tw
2019-11-10 13:28:07.990,28.5346,104.7737,10.0,4.6,"10 km NNE of Xunchang, China",us60006c3v
2019-11-12 15:24:18.323,16.7637,96.1838,10.0,3.8,near the south coast of Myanmar,us60006awz
2019-11-13 13:10:54.879,26.1728,93.3051,51.25,4.7,"38 km NNW of Diphu, India",us60006b1v
2019-11-17 23:05:55.674,11.2863,92.9571,53.39,5.1,"47 km SSE of Port Blair, India",us7000699n
2019-11-18 20:14:19.799,28.3132,100.7915,10.0,4.6,"119 km ENE of Shangri-La, China",us700069js
2019-11-20 14:06:55.919,10.9867,95.1124,10.0,4.6,"269 km ESE of Port Blair, India",us70006aek
2019-11-20 21:03:57.835,19.4452,101.2534,10.0,5.7,"44 km ENE of Chiang Klang, Thailand",us70006anm
2019-11-20 21:19:24.395,19.3945,101.3767,10.0,4.5,"38 km WNW of Sainyabuli, Laos",us70006any
2019-11-20 23:50:43.955,19.4533,101.3558,10.0,6.2,"43 km WNW of Sainyabuli, Laos",us70006ara
2019-11-21 00:57:15.342,19.2874,101.4205,10.0,4.6,"30 km W of Sainyabuli, Laos",us70006eex
2019-11-21 01:14:43.695,19.3955,101.3634,14.98,4.4,"39 km WNW of Sainyabuli, Laos",us70006arz
2019-11-21 14:11:09.692,26.145,91.1372,48.16,4.3,"23 km SSE of Barpeta, India",us70006b0f
2019-11-23 22:43:46.367,24.9318,96.3511,10.0,4.1,"116 km WSW of Myitkyina, Myanmar",us70006caj
2019-11-24 17:02:35.403,26.2667,100.1075,10.0,4.4,"67 km S of Lijiang, China",us70006chl
2019-11-25 06:58:40.584,19.4339,101.0659,10.0,4.0,"26 km NE of Chiang Klang, Thailand",us70006fkj
2019-11-26 03:53:46.675,24.155,94.3136,70.19,4.5,"50 km SE of Kakching, India",us70006d1q
2019-11-26 09:36:12.864,19.2631,95.0235,76.48,4.7,"17 km WSW of Thayetmyo, Myanmar",us70006d4y
2019-11-26 11:05:57.604,19.2269,94.9378,60.78,5.3,"27 km WSW of Thayetmyo, Myanmar",us70006d5e
2019-11-27 10:07:13.425,14.2308,93.0511,10.0,4.5,"282 km N of Bamboo Flat, India",us70006dps
2019-11-28 14:39:13.828,23.1791,96.0354,10.0,5.2,"56 km WNW of Mogok, Myanmar",us70006e6m
2019-11-28 23:50:27.570,19.5821,101.261,10.0,4.4,"52 km NE of Chiang Klang, Thailand",us70006ea0
2019-11-29 17:50:18.088,13.692,93.3959,49.27,4.9,"232 km NNE of Bamboo Flat, India",us70006ek4
2019-12-02 01:12:44.545,23.0905,93.6727,53.48,4.6,"19 km N of Falam, Myanmar",us70006f4m
2019-12-07 03:25:06.665,19.9237,94.3299,66.45,4.1,"63 km WSW of Minbu, Myanmar",us60006r8u
2019-12-10 03:51:46.613,12.2739,95.2155,10.0,4.4,"277 km ENE of Port Blair, India",us60006pn9
2019-12-10 16:02:54.783,25.0212,99.3544,10.0,4.5,"106 km SW of Dali, China",us70006rae
2019-12-12 09:02:39.535,19.357,101.4121,13.02,4.3,"33 km WNW of Sainyabuli, Laos",us60006qg9
2019-12-15 03:53:33.034,24.9171,95.0882,110.85,4.4,"101 km SE of Phek, India",us70006tmu
2019-12-16 03:10:30.166,24.0847,93.875,55.37,4.4,"34 km SE of Chur?ch?ndpur, India",us60006s03
2019-12-18 00:14:06.799,29.6115,104.9557,10.0,4.9,"10 km WNW of Neijiang, China",us60006sxj
2019-12-22 14:59:31.805,23.6551,94.0597,10.0,3.8,"35 km W of Mawlaik, Myanmar",us70006x2s
2019-12-25 07:04:18.790,23.661,96.0256,10.0,4.6,"96 km NNW of Mogok, Myanmar",us70006quh
2019-12-29 00:47:12.053,28.3309,104.8851,10.0,4.4,"21 km SE of Xunchang, China",us70006s2q
2019-12-30 01:24:57.728,29.4988,104.6921,10.0,4.4,"19 km NNW of Zigong, China",us7000705k
2019-12-31 18:48:22.669,29.4518,104.6994,10.0,4.6,"14 km NNW of Zigong, China",us7000709r
2020-01-03 01:56:44.755,28.8329,91.973,10.0,4.2,"124 km SE of Lhasa, China",us70007149
2020-01-07 17:09:38.732,28.2124,104.9411,10.0,4.7,"34 km SE of Xunchang, China",us70006vts
2020-01-14 01:24:58.643,23.6781,94.5148,94.42,4.3,"11 km ENE of Mawlaik, Myanmar",us70006zgm
2020-01-15 11:34:26.679,25.5726,103.148,10.0,4.6,"64 km W of Qujing, China",us7000707e
2020-01-22 21:26:25.773,23.3834,101.9842,10.0,4.0,"119 km W of Gejiu, China",us60007lj2
2020-01-23 09:48:04.838,20.5189,93.4447,22.56,4.9,"70 km NE of Sittwe, Myanmar",us60007dqr
2020-01-27 07:10:39.720,24.7732,91.7364,10.0,4.5,"10 km SE of Jahedpur, Bangladesh",us60007h26
2020-01-29 13:43:05.740,24.4383,94.9928,115.32,4.3,"95 km E of W?ngjing, India",us70007kw7
2020-01-29 15:10:53.203,10.3105,93.7827,10.0,5.0,"187 km SE of Port Blair, India",us60007j4e
2020-01-29 20:20:15.932,28.4675,104.9742,10.0,4.3,"25 km E of Xunchang, China",us70007kwk
2020-01-29 21:45:34.496,28.7675,91.7966,10.0,4.5,"118 km SE of Lhasa, China",us60007jiz
2020-01-31 10:55:20.847,24.815,98.0962,10.0,4.4,"94 km SE of Myitkyina, Myanmar",us60007l7u
2020-02-01 09:43:55.801,28.9807,95.7207,10.0,4.9,"108 km NNE of P?sigh?t, India",us60007m2e
2020-02-03 15:55:53.445,28.5371,104.7365,10.0,4.3,"9 km NNE of Xunchang, China",us60007nhc
2020-02-04 14:10:23.587,19.7608,95.8596,10.0,4.4,"28 km W of Nay Pyi Taw, Myanmar",us60007pe6
2020-02-04 18:26:20.869,21.7325,94.6242,90.29,4.1,"64 km NW of Pakokku, Myanmar",us70007pey
2020-02-06 20:45:12.801,27.1249,103.2638,10.0,4.2,"49 km WSW of Zhaotong, China",us70007k9n
2020-02-07 11:00:40.151,11.1225,93.5904,129.96,4.4,"110 km ESE of Port Blair, India",us70007ksx
2020-02-08 12:47:01.887,26.3386,90.7847,10.0,5.0,"10 km E of Abhay?puri, India",us70007li1
2020-02-09 08:48:50.639,12.8396,92.6303,10.0,4.4,"126 km N of Bamboo Flat, India",us70007q7n
2020-02-09 19:10:46.707,20.5392,93.8715,51.0,4.6,"104 km W of Yenangyaung, Myanmar",us70007m6d
2020-02-09 19:37:29.389,23.05,94.8537,134.31,4.2,"80 km SE of Mawlaik, Myanmar",us70007m6w
2020-02-10 18:20:09.252,13.1329,93.2938,39.6,4.9,"170 km NNE of Bamboo Flat, India",us70007mpw
2020-02-11 17:52:42.268,17.6453,94.317,10.0,4.6,"105 km NNW of Pathein, Myanmar",us70007n83
2020-02-12 19:17:55.089,10.5177,94.0622,10.0,4.3,"191 km SE of Port Blair, India",us70007nyd
2020-02-15 08:12:18.454,22.5718,93.5958,47.14,4.2,"8 km S of Hakha, Myanmar",us70007u6g
2020-02-15 20:28:21.628,29.4344,104.6439,10.0,4.5,"16 km NW of Zigong, China",us70007r02
2020-02-16 13:33:24.439,29.4476,104.6944,10.0,4.2,"14 km NW of Zigong, China",us70007u86
2020-02-18 01:55:37.405,19.1257,96.3104,10.0,4.0,"24 km NNW of Taungoo, Myanmar",us70007vwt
2020-02-25 06:16:20.871,24.5467,90.1767,10.0,4.0,"25 km N of Sakhipur, Bangladesh",us600084bt
2020-02-27 23:56:20.536,28.2322,103.6297,10.0,4.6,"101 km N of Zhaotong, China",us600085pz
2020-02-28 18:12:56.569,21.1315,101.8877,18.24,4.0,"49 km NNW of Muang Xay, Laos",us6000869j
2020-02-29 20:05:26.893,26.4904,92.1052,45.39,4.2,"5 km SW of Kh?rupatia, India",us60008735
2020-03-03 09:18:50.445,17.6247,94.3051,10.0,4.9,"104 km NNW of Pathein, Myanmar",us600088jb
2020-03-04 00:20:03.152,24.4202,96.1023,10.0,4.8,"116 km W of Bhamo, Myanmar",us60008937
2020-03-05 06:59:54.541,25.8362,96.7751,10.0,4.5,"41 km S of Sarupathar, India",us600089zy
2020-03-07 04:05:43.016,23.2305,96.1055,10.0,4.5,"54 km NW of Mogok, Myanmar",us60008e97
2020-03-17 02:30:40.807,28.6271,104.9097,33.56,4.2,"27 km NE of Xunchang, China",us70008gxu
2020-03-18 08:43:44.986,27.1633,103.265,10.0,4.3,"47 km WSW of Zhaotong, China",us70008gyp
2020-03-23 08:08:12.704,25.0857,95.0671,101.49,4.5,"86 km SE of Phek, India",us70008hem
2020-03-23 12:21:27.031,25.1038,96.351,10.0,4.4,"109 km WSW of Myitkyina, Myanmar",us70008hf0
2020-04-02 17:35:31.963,26.1416,97.037,10.0,4.2,"23 km ESE of Sarupathar, India",us70008rid
2020-04-05 17:50:30.477,26.4085,92.7724,46.31,4.5,"25 km S of Tezpur, India",us70008pdi
2020-04-06 07:01:40.837,28.1241,104.8244,10.0,4.4,"38 km SSE of Xunchang, China",us70008sid
2020-04-07 10:39:02.233,29.2723,95.1896,10.0,4.4,"114 km NE of Shi Yomi, India",us70008qir
2020-04-09 01:14:25.414,28.1639,104.6792,10.0,4.3,"32 km S of Xunchang, China",us70008xlf
2020-04-13 17:34:03.942,12.0153,92.9576,38.0,4.3,"43 km NE of Bamboo Flat, India",us700090hi
2020-04-15 19:36:20.915,20.5448,93.6698,10.0,4.2,"91 km ENE of Sittwe, Myanmar",us70008x0g
2020-04-16 11:45:23.960,22.8004,94.0292,10.0,5.9,"38 km ESE of Falam, Myanmar",us70008xhp
2020-04-16 11:53:01.650,22.7356,94.0722,10.0,4.5,"45 km ESE of Falam, Myanmar",us60009ap6
2020-04-17 10:59:11.292,28.1205,93.9189,10.0,4.1,"58 km N of Ziro, India",us60009as6
2020-04-20 05:19:15.437,17.3704,95.1694,64.38,4.2,"43 km SW of Hinthada, Myanmar",us60009bkn
2020-04-22 18:47:00.201,17.0062,96.2746,10.0,3.1,"25 km NNE of Yangon, Myanmar",us7000921c
2020-04-23 09:04:42.224,28.5268,104.8726,10.0,4.9,"17 km ENE of Xunchang, China",us60009agx
2020-04-24 05:15:21.183,24.0324,95.8305,10.0,4.6,"141 km NNW of Mogok, Myanmar",us60009b6d
2020-04-27 01:37:13.505,28.1246,104.8294,10.0,4.4,"38 km SSE of Xunchang, China",us700097q5
2020-04-27 12:19:34.134,27.1475,103.2802,10.0,4.4,"47 km WSW of Zhaotong, China",us700097qg
2020-04-27 19:54:31.054,12.1157,92.936,32.59,4.4,"51 km NNE of Bamboo Flat, India",us60009dff
2020-05-05 22:15:04.082,20.9941,94.4334,83.34,4.1,"41 km WNW of Chauk, Myanmar",us70009aqe
2020-05-06 11:26:52.383,16.6415,94.4169,10.0,4.1,"36 km WSW of Pathein, Myanmar",us70009fei
2020-05-10 07:42:29.884,28.2007,104.7676,10.0,4.4,"28 km S of Xunchang, China",us70009dmy
2020-05-10 22:09:53.976,28.4439,104.7976,10.0,4.5,"8 km E of Xunchang, China",us70009gu3
2020-05-11 22:39:35.471,24.8084,94.1112,63.54,4.6,"15 km NNE of Yairipok, India",us70009edv
2020-05-17 04:32:15.434,20.5275,96.0814,10.0,4.6,"12 km NNW of Yamethin, Myanmar",us70009ilx
2020-05-17 05:22:09.081,29.9346,94.9732,10.0,4.6,"166 km NNE of Shi Yomi, India",us70009iml
2020-05-18 07:02:22.593,16.8761,94.6443,10.0,4.0,"14 km NW of Pathein, Myanmar",us70009nhw
2020-05-18 13:48:03.218,27.2664,103.2881,10.0,5.1,"42 km W of Zhaotong, China",us70009jr6
2020-05-18 20:35:56.795,27.3245,103.3847,10.0,4.4,"32 km W of Zhaotong, China",us70009k48
2020-05-21 19:12:51.634,28.1811,104.8534,12.24,4.6,"33 km SSE of Xunchang, China",us70009mpt
2020-05-22 19:43:08.261,11.3192,93.5383,103.13,4.3,"94 km ESE of Port Blair, India",us70009npp
2020-05-23 09:11:37.219,14.0757,94.0306,80.07,4.7,"286 km SSW of Bogale, Myanmar",us70009p1y
2020-05-25 14:42:17.395,24.3856,93.9197,57.89,5.1,"13 km SSW of Kakching, India",us70009q28
2020-05-26 12:34:50.585,29.0957,103.7427,10.0,4.6,"42 km SW of Luocheng, China",us70009qly
2020-05-29 00:30:29.301,11.7257,92.3273,10.0,4.5,"42 km W of Bamboo Flat, India",us6000a1f4
2020-05-30 00:30:58.964,28.1095,103.586,10.0,4.1,"88 km N of Zhaotong, China",us6000a6gf
2020-05-30 23:12:23.543,12.6084,93.2388,59.16,4.4,"115 km NNE of Bamboo Flat, India",us6000a6h3
2020-05-31 13:03:58.927,10.8899,92.5217,8.42,4.7,"89 km SSW of Port Blair, India",us6000a6l9
2020-06-01 04:42:05.900,28.1613,104.6892,10.0,4.3,"32 km S of Xunchang, China",us6000a8dk
2020-06-02 01:44:10.755,23.7804,98.3563,14.39,4.6,"112 km NNE of Lashio, Myanmar",us6000a42w
2020-06-02 08:39:05.829,28.1073,104.6708,10.0,4.1,"38 km S of Xunchang, China",us6000a8nz
2020-06-03 01:40:48.863,24.8316,91.1391,30.48,4.2,"41 km NNW of Baniachang, Bangladesh",us6000a4u4
2020-06-08 12:21:20.957,22.7767,94.6,100.69,4.2,"92 km NW of Monywa, Myanmar",us6000aawn
2020-06-09 20:47:32.885,14.151,91.6101,10.0,4.6,"296 km NNW of Bamboo Flat, India",us6000a8x5
2020-06-11 10:48:34.653,10.2409,93.6808,10.0,4.6,"187 km SSE of Port Blair, India",us6000a9x1
2020-06-12 13:03:40.063,28.2145,104.8442,10.0,4.7,"29 km SSE of Xunchang, China",us6000aam0
2020-06-13 02:32:50.308,28.1746,104.6485,10.0,4.3,"31 km SSW of Xunchang, China",us6000aerz
2020-06-14 02:39:43.149,26.6545,97.0594,10.0,4.8,"55 km NNE of Sarupathar, India",us6000abjj
2020-06-14 05:35:31.831,23.2948,93.7812,62.31,4.8,"43 km NNE of Falam, Myanmar",us6000abkd
2020-06-16 06:12:29.282,22.4618,102.5907,10.0,4.5,"100 km NNE of Phôngsali, Laos",us6000acn0
2020-06-16 11:15:51.620,18.954,94.3005,35.0,4.8,"98 km W of Pyay, Myanmar",us6000acrw
2020-06-18 13:59:20.228,22.4515,94.43,87.37,4.8,"82 km WNW of Monywa, Myanmar",us6000ae6t
2020-06-21 10:10:13.665,21.9396,94.9061,122.4,4.2,"30 km SW of Monywa, Myanmar",us7000ac71
2020-06-21 10:46:25.514,23.9075,93.1135,41.6,4.9,"22 km ESE of Darlawn, India",us6000afvf
2020-06-21 22:40:52.633,23.1449,93.2856,10.84,5.6,"22 km E of North Vanlaiphai, India",us6000ag4u
2020-06-23 13:47:32.941,23.9312,93.0128,10.0,3.6,"12 km SE of Darlawn, India",us6000ahfx
2020-06-23 14:12:23.628,28.2634,104.7503,10.0,4.5,"21 km S of Xunchang, China",us6000ah96
2020-06-24 02:32:33.683,23.206,93.2628,4.58,4.5,"21 km ENE of North Vanlaiphai, India",us6000ahkj
2020-06-24 19:44:43.473,23.1939,93.2827,4.24,4.8,"23 km ENE of North Vanlaiphai, India",us7000aabs
2020-06-24 22:28:28.408,15.1779,96.2038,10.0,4.3,"134 km SSE of Pyapon, Myanmar",us7000afrb
2020-06-26 16:05:45.280,20.8724,94.2917,82.2,4.5,"54 km W of Chauk, Myanmar",us7000accq
2020-06-28 03:26:21.339,12.9095,92.6873,10.0,4.2,"133 km N of Bamboo Flat, India",us7000ahew
2020-06-28 05:54:36.251,24.6766,94.5933,57.96,4.4,"54 km E of W?ngjing, India",us7000adgj
2020-06-29 17:55:12.490,28.1811,104.8686,29.89,4.3,"33 km SSE of Xunchang, China",us7000aejb
2020-07-02 03:11:38.280,27.2099,104.6865,10.0,4.6,"60 km NE of Weining, China",us7000agdw
2020-07-02 03:57:59.576,27.2161,104.8454,10.0,4.2,"44 km WSW of Bijie, China",us7000ak4q
2020-07-02 12:44:17.890,28.3304,104.9995,10.0,4.2,"31 km ESE of Xunchang, China",us7000ak50
2020-07-03 09:05:43.564,23.2815,93.3716,10.0,4.6,"27 km ESE of Khawhai, India",us7000ah74
2020-07-05 11:56:34.519,23.1732,93.2967,10.0,4.8,"24 km E of North Vanlaiphai, India",us7000ai9b
2020-07-06 03:33:50.134,28.2195,100.9045,10.0,4.2,"125 km ENE of Shangri-La, China",us7000alek
2020-07-07 23:49:28.057,12.9785,92.4828,10.0,4.6,"143 km N of Bamboo Flat, India",us7000ajsm
2020-07-08 02:40:01.749,26.1933,103.0823,10.0,4.6,"105 km NW of Qujing, China",us7000aju2
2020-07-09 08:58:12.692,23.0831,93.3665,10.0,4.6,"31 km E of North Vanlaiphai, India",us7000akmn
2020-07-12 05:21:57.728,22.8008,102.5558,10.0,4.3,"87 km SW of Gejiu, China",us7000am65
2020-07-12 21:06:47.720,14.3503,92.992,10.0,4.6,"294 km N of Bamboo Flat, India",us7000amfk
2020-07-13 17:34:01.030,25.1767,99.5735,10.0,4.0,"78 km SW of Dali, China",us7000arpk
2020-07-14 09:27:11.984,23.3677,94.3314,85.31,4.2,"31 km SSW of Mawlaik, Myanmar",us7000ash7
2020-07-16 01:21:55.852,24.606,94.8877,30.68,4.4,"83 km E of W?ngjing, India",us6000b2q0
2020-07-16 02:27:38.675,24.6068,92.3957,39.62,4.4,"18 km WSW of Hail?k?ndi, India",us6000b54f
2020-07-17 05:01:13.351,11.6984,95.0094,10.0,4.8,"246 km E of Port Blair, India",us7000aq5i
2020-07-17 05:37:17.788,11.8654,95.0388,10.0,4.6,"250 km E of Port Blair, India",us7000aq5q
2020-07-17 10:26:38.892,23.1172,93.3785,10.0,4.4,"32 km E of North Vanlaiphai, India",us7000aq8x
2020-07-17 13:29:04.589,11.8395,94.9771,10.0,5.1,"243 km E of Port Blair, India",us7000aqal
2020-07-17 14:03:40.437,11.8485,94.9362,10.0,6.1,"239 km E of Port Blair, India",us7000aqaw
2020-07-17 14:43:17.244,11.8485,94.8316,10.0,5.0,"228 km E of Port Blair, India",us7000aqc9
2020-07-17 16:33:53.474,23.1162,93.3092,10.0,5.1,"25 km E of North Vanlaiphai, India",us7000aqg3
2020-07-17 17:45:24.045,12.0447,95.1004,10.0,4.8,"259 km E of Port Blair, India",us7000aqhw
2020-07-17 18:32:58.716,12.0979,94.9745,5.07,5.7,"247 km E of Port Blair, India",us7000aqj0
2020-07-17 22:55:38.710,24.6057,92.3782,39.89,4.3,"20 km WSW of Hail?k?ndi, India",us6000b2u6
2020-07-18 18:38:20.596,21.7851,97.0208,11.66,4.5,"64 km ESE of Pyin Oo Lwin, Myanmar",us7000aqyh
2020-07-20 22:52:49.020,12.1567,94.9118,10.0,4.5,"242 km ENE of Port Blair, India",us7000as23
2020-07-22 04:45:33.009,22.3603,99.8653,10.0,4.5,"98 km WNW of Jinghong, China",us6000b5wz
2020-07-23 07:54:34.388,27.5982,99.9835,10.0,4.0,"37 km SE of Shangri-La, China",us6000b65d
2020-07-24 05:45:56.764,23.069,93.3699,10.0,4.1,"31 km ESE of North Vanlaiphai, India",us6000b66q
2020-07-24 10:09:09.911,28.0763,104.6829,10.0,4.4,"42 km S of Xunchang, China",us6000b66t
2020-07-27 05:14:50.928,20.8627,104.624,10.0,4.9,"~120km W of Hanoi, Vietnam",us6000b4kv
2020-07-27 08:06:59.494,28.2948,104.9774,10.0,4.2,"31 km SE of Xunchang, China",us6000b6vp
2020-07-28 14:38:49.984,23.2575,93.3418,10.0,4.8,"25 km ESE of Khawhai, India",us6000b5cc
2020-07-29 20:09:32.241,28.1296,104.6972,10.0,4.7,"36 km S of Xunchang, China",us6000b98k
2020-07-30 13:35:44.774,29.8667,95.1399,10.0,4.1,"165 km NNE of Shi Yomi, India",us6000b6u0
2020-07-30 19:28:38.976,24.9912,99.2531,10.0,4.3,"116 km SW of Dali, China",us6000b9qj
2020-08-06 09:08:14.412,28.4083,104.8405,10.0,4.6,"13 km ESE of Xunchang, China",us6000ba07
2020-08-07 17:36:20.411,24.5305,94.8553,103.06,4.3,"80 km E of W?ngjing, India",us6000baqp
2020-08-11 13:57:53.226,24.2129,93.9507,59.16,4.3,"31 km ESE of Chur?ch?ndpur, India",us6000bcmi
2020-08-12 15:58:08.257,29.8985,95.1615,10.0,4.8,"169 km NNE of Shi Yomi, India",us6000bdee
2020-08-14 01:08:08.090,23.1226,93.2923,10.0,4.2,"23 km E of North Vanlaiphai, India",us6000bei5
2020-08-17 04:43:33.355,28.0405,104.563,10.0,4.4,"48 km SSW of Xunchang, China",us6000bifq
2020-08-21 09:27:04.773,28.1302,104.7287,10.0,4.1,"35 km S of Xunchang, China",us7000bdrl
2020-08-22 22:56:36.497,22.5997,94.5465,102.78,4.2,"81 km NW of Monywa, Myanmar",us7000be94
2020-08-23 13:18:15.229,26.0998,95.5832,86.9,4.6,"78 km ESE of Tuensang, India",us6000bje2
2020-08-24 13:05:49.672,25.2722,97.6027,10.0,4.3,"24 km ESE of Myitkyina, Myanmar",us6000bjqh
2020-08-27 12:07:15.628,23.1636,93.3258,10.0,5.3,"26 km E of North Vanlaiphai, India",us7000bdnu
2020-08-27 13:17:20.608,23.0656,93.2324,10.0,4.5,"18 km ESE of North Vanlaiphai, India",us7000bdpj
2020-08-27 15:50:10.966,18.2351,95.1077,33.21,4.3,"23 km WSW of Myanaung, Myanmar",us7000bggc
2020-08-30 01:47:38.842,23.41,92.0138,37.66,4.9,"33 km N of Khagrachhari, Bangladesh",us7000bh52
2020-08-31 11:43:42.239,28.3715,104.9033,10.0,4.5,"20 km ESE of Xunchang, China",us7000bhs2
2020-08-31 21:09:33.636,24.8788,95.2425,123.46,4.9,"114 km SE of Phek, India",us7000bfgi
2020-09-01 06:39:06.264,22.278,95.016,76.13,4.3,"22 km NNW of Monywa, Myanmar",us7000bhu5
2020-09-06 11:36:45.677,14.0641,93.0643,10.0,4.1,"264 km N of Bamboo Flat, India",us7000bl69
2020-09-07 21:37:50.432,13.1472,93.1904,41.16,4.7,"168 km NNE of Bamboo Flat, India",us7000bjex
2020-09-08 05:30:17.240,27.1883,103.1743,10.0,4.5,"55 km WSW of Zhaotong, China",us7000blv6
2020-09-10 16:54:55.134,23.9905,94.8835,127.25,4.3,"62 km NE of Mawlaik, Myanmar",us7000bl8x
2020-09-18 17:53:39.631,23.3836,94.5477,90.39,4.4,"32 km SSE of Mawlaik, Myanmar",us6000c04a
2020-09-20 01:59:05.610,22.9861,93.7677,53.56,5.1,"12 km NE of Falam, Myanmar",us7000bqcm
2020-09-21 19:58:34.584,26.2803,91.3167,39.62,4.4,"21 km W of H?jo, India",us6000bzfi
2020-09-29 18:49:16.269,28.1488,104.2307,36.52,4.2,"58 km SW of Xunchang, China",us6000c4uf
2020-09-30 13:44:06.357,12.2219,93.7095,75.77,4.4,"121 km ENE of Port Blair, India",us6000c64x
2020-10-03 15:36:17.754,26.2024,91.3108,44.3,4.2,"21 km WSW of H?jo, India",us6000c584
2020-10-04 16:00:02.846,20.6448,94.4032,78.19,4.3,"51 km WSW of Chauk, Myanmar",us6000c5hh
2020-10-05 12:08:40.009,23.5477,94.4335,74.11,4.1,"10 km SSE of Mawlaik, Myanmar",us6000c725
2020-10-06 22:02:54.378,25.643,94.7776,61.51,4.6,"27 km E of Phek, India",us6000c688
2020-10-10 17:38:00.765,24.6661,93.4997,53.0,5.5,"33 km WNW of Moir?ng, India",us6000c7ce
2020-10-13 01:36:21.205,23.1644,94.1126,71.72,4.5,"52 km ENE of Falam, Myanmar",us6000c8t9
2020-10-14 23:39:01.108,12.1851,95.7845,10.0,4.3,"Andaman Islands, India region",us6000c9yq
2020-10-20 19:55:49.959,27.2257,96.1444,57.98,4.0,"47 km E of Margherita, India",us6000caa9
2020-10-24 03:21:04.311,23.1224,92.2965,44.64,4.4,"33 km E of Khagrachhari, Bangladesh",us6000ccf2
2020-10-28 20:52:48.612,27.2697,103.9353,10.0,4.0,"22 km ESE of Zhaotong, China",us7000c9s3
2020-11-02 19:43:17.105,25.7773,91.1728,10.0,4.5,"30 km NNW of Nongstoin, India",us7000c9e3
2020-11-06 03:06:45.517,25.1948,96.4551,10.0,4.3,Myanmar,us7000cdah
2020-11-07 00:23:29.654,28.2351,104.7718,10.0,4.4,"24 km SSE of Xunchang, China",us7000cbnb
2020-11-07 06:19:11.529,13.9453,92.9836,10.0,4.5,"250 km N of Bamboo Flat, India",us7000cdfr
2020-11-08 09:12:23.801,28.6287,96.3987,10.0,4.3,"63 km NNW of Hayuliang, India",us7000cc28
2020-11-08 09:32:42.842,24.2021,94.1977,65.34,4.3,"39 km SE of Kakching, India",us7000cduh
2020-11-10 04:45:39.687,22.7939,94.4538,104.48,4.5,"80 km E of Falam, Myanmar",us7000ceh0
2020-11-12 19:18:12.475,28.1471,104.7498,10.0,4.7,"34 km S of Xunchang, China",us7000cdyw
2020-11-14 08:50:26.186,23.6092,94.6188,103.66,5.0,"22 km E of Mawlaik, Myanmar",us7000cevs
2020-11-17 03:28:22.737,13.7389,92.4013,10.0,4.3,"228 km N of Bamboo Flat, India",us6000cqrt
2020-11-21 04:49:33.478,24.9595,94.9967,10.0,4.5,"92 km SSE of Phek, India",us6000cr52
2020-11-22 00:00:40.464,14.0029,92.5614,10.0,4.3,"255 km N of Bamboo Flat, India",us6000csin
2020-11-22 03:29:20.994,26.2945,94.7728,60.63,4.3,"5 km WNW of Tuensang, India",us6000crdq
2020-11-26 02:00:31.329,10.1668,93.6071,10.0,4.3,"190 km SSE of Port Blair, India",us7000cl6l
2020-12-01 13:39:33.505,25.0149,99.3985,10.0,4.5,"103 km SW of Dali, China",us7000cn1e
2020-12-06 13:35:41.171,12.619,93.2653,62.26,4.6,"117 km NNE of Bamboo Flat, India",us7000cpsf
2020-12-06 14:39:13.789,21.8358,93.4233,52.56,4.6,"85 km SSE of Saiha, India",us7000cpsj
2020-12-08 05:14:35.415,22.2089,94.3877,90.82,5.1,"77 km W of Monywa, Myanmar",us7000cp2v
2020-12-10 16:56:47.765,26.1291,90.5453,10.0,4.3,"9 km WSW of Go?lp?ra, India",us7000cptt
2020-12-12 04:14:10.866,23.0317,94.2086,76.92,4.2,"55 km ENE of Falam, Myanmar",us7000crma
2020-12-19 06:22:47.064,22.0856,94.6654,112.46,4.1,"48 km W of Monywa, Myanmar",us6000d26s
2020-12-23 11:06:53.791,27.4003,97.0395,49.94,4.2,"89 km SSE of Hayuliang, India",us6000d5s2
2020-12-24 08:09:48.075,25.6397,96.6534,10.0,4.8,"64 km SSW of Sarupathar, India",us6000d2hz
2020-12-24 12:47:17.072,25.6158,96.657,10.0,4.3,"67 km SSW of Sarupathar, India",us6000d2jw
2020-12-24 15:13:50.935,25.4629,96.6657,10.0,4.4,"74 km W of Myitkyina, Myanmar",us6000d5su
2020-12-26 14:19:09.417,16.0246,92.9758,10.0,4.5,"205 km WSW of Pathein, Myanmar",us6000d659
2020-12-26 21:48:15.074,27.3034,96.9396,10.0,4.5,"93 km SSE of Hayuliang, India",us6000d65h
2021-01-04 02:58:29.611,29.4293,104.0285,10.0,5.0,"4 km N of Luocheng, China",us6000d5cl
2021-01-13 01:07:21.948,22.7983,94.6878,108.51,4.1,"89 km NNW of Monywa, Myanmar",us7000d249
2021-01-13 19:15:33.854,24.8799,93.3739,10.0,4.2,"38 km ENE of Lakhipur, India",us6000d82z
2021-01-16 20:48:12.888,23.6359,93.5159,61.32,4.3,"48 km NE of Khawhai, India",us7000d0pu
2021-01-17 04:44:46.410,24.2541,99.3891,10.0,4.4,"169 km SSW of Dali, China",us7000d0sr
2021-01-17 06:59:48.217,26.0588,96.3433,10.0,4.3,"49 km WSW of Sarupathar, India",us7000d3f8
2021-01-17 13:42:51.924,24.5613,97.108,10.0,4.3,"36 km NNW of Bhamo, Myanmar",us7000d0wz
2021-01-22 21:14:43.356,24.326,95.0289,117.91,4.3,"98 km NE of Mawlaik, Myanmar",us7000d2iy
2021-01-23 01:59:12.168,28.2318,104.1893,10.0,4.9,"57 km WSW of Xunchang, China",us7000d2l2
2021-01-27 02:52:29.712,13.1762,92.5357,29.29,4.4,"164 km N of Bamboo Flat, India",us6000deej
2021-01-27 18:56:21.382,26.293,95.7822,80.92,4.2,"83 km SSE of Khonsa, India",us6000def4
2021-01-31 20:04:24.547,24.9512,94.4749,47.39,4.1,"52 km NE of Yairipok, India",us6000ddgp
2021-02-05 11:47:47.677,20.9738,97.8148,10.0,4.7,"83 km ENE of Taunggyi, Myanmar",us6000depg
2021-02-08 15:40:37.923,13.9209,96.4846,10.0,4.4,"185 km W of Dawei, Myanmar",us6000dh3s
2021-02-09 04:28:50.508,27.9824,103.4086,10.0,4.0,"79 km NNW of Zhaotong, China",us6000di1y
2021-02-11 08:04:50.599,22.9602,94.4802,102.99,4.4,"75 km S of Mawlaik, Myanmar",us6000dj5j
2021-02-15 08:23:14.486,28.2043,104.8966,18.99,4.5,"32 km SSE of Xunchang, China",us6000dhrr
2021-02-16 20:36:52.158,11.9865,94.5033,10.0,4.7,"194 km E of Port Blair, India",us6000di5y
2021-02-17 12:24:46.809,26.7322,92.5712,18.67,4.6,"9 km ENE of Dhekiajuli, India",us6000didl
2021-02-20 00:01:25.163,23.3318,94.5689,95.45,4.1,"38 km SSE of Mawlaik, Myanmar",us6000djj9
2021-02-24 18:16:46.453,20.054,91.0101,10.0,4.5,"161 km SW of Tekn?f, Bangladesh",us6000dksl
2021-02-25 02:34:26.540,22.8585,95.9211,10.0,4.9,"39 km NE of Shwebo, Myanmar",us7000ddgz
2021-02-25 03:46:04.088,22.7,95.8415,20.12,4.2,"20 km NE of Shwebo, Myanmar",us7000dew3
2021-02-25 04:19:58.736,22.3908,95.4803,22.58,4.1,"29 km SW of Shwebo, Myanmar",us7000dew5
2021-02-25 07:50:20.274,22.8779,96.0167,10.0,4.5,"47 km NE of Shwebo, Myanmar",us7000ddij
2021-02-26 13:27:32.735,29.2316,103.9059,17.69,4.5,"20 km SW of Luocheng, China",us7000df6p
2021-03-09 11:15:01.099,25.3809,95.0793,89.49,4.6,"66 km ESE of Phek, India",us7000dhef
2021-03-11 02:34:14.229,22.6746,94.565,103.62,4.5,"85 km NW of Monywa, Myanmar",us7000dkxh
2021-03-21 12:22:37.682,26.6195,92.5148,10.0,4.2,"10 km SSE of Dhekiajuli, India",us6000dxfb
2021-03-22 15:40:44.570,28.2935,93.7808,10.0,4.6,"63 km WSW of Shi Yomi, India",us6000dxmx
2021-03-25 00:28:53.494,17.7099,94.1714,10.0,4.3,"119 km NNW of Pathein, Myanmar",us6000dy6c
2021-03-26 07:15:29.922,28.1667,104.8484,10.0,4.2,"34 km SSE of Xunchang, China",us6000dy8c
2021-03-26 19:02:07.885,27.6289,92.6692,29.81,5.0,"47 km NNE of Bomdila, India",us6000dwue
2021-03-29 08:24:59.963,10.9343,91.7787,10.0,4.6,"132 km SW of Bamboo Flat, India",us6000dzn2
2021-04-06 02:04:03.736,21.9881,94.3005,51.39,4.0,"87 km W of Monywa, Myanmar",us6000e1he
2021-04-13 09:07:38.569,23.9196,102.3209,10.0,4.1,"53 km SSW of Yuxi, China",us6000e387
2021-04-14 16:45:09.044,10.8839,91.5252,10.0,4.1,"158 km SW of Bamboo Flat, India",us6000e39v
2021-04-18 13:24:32.776,22.5129,94.1955,24.67,5.1,"61 km ESE of Hakha, Myanmar",us6000e2mn
2021-04-21 19:34:42.963,10.5902,94.2339,26.06,4.6,"201 km SE of Port Blair, India",us7000dxx6
2021-04-21 19:45:11.093,10.4547,93.8204,10.0,4.3,"178 km SE of Port Blair, India",us7000dxx5
2021-04-28 02:21:26.212,26.7813,92.4565,34.0,6.0,"8 km NNW of Dhekiajuli, India",us7000dy3b
2021-04-28 02:33:01.489,26.7489,92.5136,35.0,5.0,"6 km NE of Dhekiajuli, India",us7000dy3r
2021-04-28 02:43:20.811,26.8262,92.5371,35.0,4.4,"13 km W of Rang?p?ra, India",us7000e0c4
2021-04-28 10:33:27.953,26.7662,92.5133,35.0,4.2,"7 km NNE of Dhekiajuli, India",us7000e0d3
2021-04-28 19:50:53.770,26.7477,92.4849,38.21,4.8,"4 km N of Dhekiajuli, India",us7000dybj
2021-04-30 13:40:06.220,24.2389,94.513,95.31,4.3,"59 km SE of W?ngjing, India",us7000e0qx
2021-04-30 20:47:33.896,19.3381,97.1038,15.0,4.4,"39 km SSW of Loikaw, Myanmar",us7000dz4b
2021-05-03 10:41:09.136,25.8803,96.7988,55.36,4.2,"36 km S of Sarupathar, India",us7000e1tg
2021-05-05 13:52:12.421,26.7384,92.0993,47.0,4.0,"1 km S of Udalguri, India",us7000e24v
2021-05-06 05:00:15.741,26.5945,92.4813,48.29,4.2,"12 km S of Dhekiajuli, India",us7000e2dg
2021-05-09 18:41:23.049,26.774,92.4738,10.0,3.8,"7 km N of Dhekiajuli, India",us7000e1n0
2021-05-13 03:42:38.756,24.4093,99.192,10.0,4.6,"166 km SW of Dali, China",us7000e2pk
2021-05-14 16:42:04.988,24.9625,95.1088,111.38,4.5,"99 km SE of Phek, India",us7000e34s
2021-05-14 23:39:52.005,26.418,95.5047,85.91,4.2,"56 km SE of Mon, India",us7000e38n
2021-05-15 03:03:56.663,26.753,92.4736,43.8,4.4,"5 km N of Dhekiajuli, India",us7000e3ar
2021-05-17 22:54:34.366,14.5393,93.7329,25.9,4.1,"261 km SW of Mawlamyinegyunn, Myanmar",us7000e52w
2021-05-18 10:49:40.043,26.7801,100.0826,10.0,4.2,"16 km SW of Lijiang, China",us7000e5tr
2021-05-18 12:03:01.251,26.6713,92.4258,49.81,4.4,"6 km SW of Dhekiajuli, India",us7000e42g
2021-05-18 12:56:54.330,26.4878,99.9121,10.0,4.3,"52 km SW of Lijiang, China",us7000e5tu
2021-05-18 13:39:43.954,26.1305,99.4459,10.0,4.3,"97 km NW of Dali, China",us7000e42s
2021-05-19 12:05:59.072,25.5864,99.9677,10.0,4.6,"24 km W of Dali, China",us7000e4f5
2021-05-19 13:13:10.739,25.8208,100.0915,10.0,4.3,"28 km NNW of Dali, China",us7000e64t
2021-05-19 17:58:59.912,25.751,100.2228,10.0,4.1,"18 km N of Dali, China",us7000e4iz
2021-05-21 12:56:05.004,25.6579,99.9889,10.0,4.6,"23 km WNW of Dali, China",us7000e51a
2021-05-21 13:21:26.713,25.6924,100.0183,10.0,5.2,"22 km WNW of Dali, China",us7000e524
2021-05-21 13:21:59.864,25.5476,99.9993,10.0,5.1,"21 km W of Dali, China",us6000ef4u
2021-05-21 13:48:37.193,25.7274,100.0082,9.0,6.1,"25 km NW of Dali, China",us7000e532
2021-05-21 13:55:32.019,25.8236,100.0176,10.0,5.0,"32 km NW of Dali, China",us6000ef2w
2021-05-21 13:56:40.871,25.838,100.1301,10.0,5.0,"29 km NNW of Dali, China",us6000ef3f
2021-05-21 14:31:12.001,25.6815,99.9907,10.0,5.1,"24 km WNW of Dali, China",us7000e53a
2021-05-21 14:52:07.367,25.4865,100.6098,10.0,4.1,"41 km ESE of Dali, China",us6000ef3n
2021-05-21 15:23:37.347,25.6603,100.2397,10.0,4.5,"8 km NNE of Dali, China",us7000e53i
2021-05-21 16:51:43.954,25.7324,100.0097,10.0,4.4,"26 km NW of Dali, China",us7000e543
2021-05-21 17:36:07.635,25.6631,100.056,10.0,4.3,"17 km WNW of Dali, China",us7000e54e
2021-05-21 17:50:18.844,25.689,100.2762,10.0,4.2,"13 km NNE of Dali, China",us7000e54p
2021-05-21 18:28:45.508,25.6714,99.978,10.0,4.9,"25 km WNW of Dali, China",us6000ef4a
2021-05-21 20:10:59.176,25.7154,99.9773,10.0,4.1,"27 km WNW of Dali, China",us6000ef3r
2021-05-22 00:38:31.888,20.0893,95.7789,10.0,4.4,"26 km ENE of Taungdwingyi, Myanmar",us7000e57r
2021-05-22 01:48:03.901,25.7146,99.9459,10.0,4.4,"30 km WNW of Dali, China",us7000e580
2021-05-22 12:14:37.916,25.709,100.0706,10.0,4.7,"19 km NW of Dali, China",us7000e5an
2021-05-23 01:26:40.871,24.7351,95.0955,103.92,4.4,"105 km E of W?ngjing, India",us7000e5ej
2021-05-23 15:41:03.473,22.9496,94.5814,95.83,4.3,"78 km SSE of Mawlaik, Myanmar",us6000efgh
2021-05-24 03:49:09.973,11.7799,94.876,10.0,4.5,"232 km E of Port Blair, India",us6000efhl
2021-05-25 14:14:37.433,13.2087,92.8437,10.0,4.5,"167 km N of Bamboo Flat, India",us6000efkb
2021-05-25 19:23:07.539,23.593,94.5857,99.63,4.1,"19 km ESE of Mawlaik, Myanmar",us7000e66y
2021-05-27 11:52:54.985,26.2866,99.5437,10.0,4.2,"93 km SW of Lijiang, China",us6000ef1y
2021-05-27 13:00:46.741,10.7126,91.5096,10.0,4.4,"171 km SW of Bamboo Flat, India",us6000egpz
2021-05-28 12:43:19.260,25.5796,100.1467,10.0,4.2,"6 km W of Dali, China",us6000eff8
2021-05-28 16:51:21.738,22.5949,94.7171,113.94,4.5,"68 km NW of Monywa, Myanmar",us6000eflk
2021-05-30 08:53:07.964,26.6343,92.326,52.85,4.4,"16 km WSW of Dhekiajuli, India",us6000efyu
2021-05-31 04:20:49.211,26.7632,92.3186,34.13,4.2,"17 km WNW of Dhekiajuli, India",us6000eg46
2021-05-31 19:49:34.458,23.2381,94.6949,111.49,4.4,"53 km SSE of Mawlaik, Myanmar",us6000eged
2021-06-01 01:09:21.812,12.8061,93.3096,49.57,4.5,"138 km NNE of Bamboo Flat, India",us7000e9p6
2021-06-02 19:45:34.358,10.2844,91.567,10.0,4.6,"199 km SW of Port Blair, India",us7000e94a
2021-06-04 22:12:25.146,25.6398,100.1814,10.0,4.1,"6 km NNW of Dali, China",us7000e9v4
2021-06-10 11:46:10.111,24.5004,102.023,10.0,5.0,"23 km SW of Longquan, China",us7000ebq9
2021-06-10 11:58:41.314,25.0275,102.7208,10.0,4.5,"1 km S of Kunming, China",us7000ed8v
2021-06-10 13:52:34.511,24.5221,102.2184,10.0,4.1,"17 km SSE of Longquan, China",us7000ed8y
2021-06-12 10:00:48.450,24.9597,97.8861,10.0,4.9,"68 km SE of Myitkyina, Myanmar",us7000ecdv
2021-06-15 14:46:08.092,26.6187,97.0854,36.12,4.8,"53 km NNE of Sarupathar, India",us7000ed8l
2021-06-16 07:35:39.164,24.8636,102.4703,10.0,4.4,"6 km SSW of Lianran, China",us7000eeyy
2021-06-17 20:34:41.304,26.6776,92.3948,43.65,4.5,"8 km WSW of Dhekiajuli, India",us7000edyb
2021-06-18 11:42:45.117,12.9872,92.3504,10.0,4.6,"147 km NNW of Bamboo Flat, India",us6000ep3z
2021-06-18 19:37:32.258,26.7357,92.4583,42.09,4.5,"4 km NNW of Dhekiajuli, India",us7000ee8m
2021-06-22 16:44:36.534,28.0137,92.2097,65.76,4.6,"56 km NNE of Tawang, India",us7000ef9z
2021-06-25 10:20:46.017,27.6128,102.6443,10.0,4.2,"48 km SE of Xichang, China",us6000er2g
2021-06-28 11:48:17.122,24.4853,102.0482,10.0,4.5,"23 km SSW of Longquan, China",us6000eqgw
2021-06-28 22:41:29.665,25.7746,100.0072,10.0,4.1,"29 km NW of Dali, China",us7000ei8q
2021-07-04 16:57:10.269,26.608,96.5397,10.0,4.6,"52 km NNW of Sarupathar, India",us7000eip3
2021-07-07 03:15:24.246,25.9603,90.3499,10.0,5.3,"8 km SSE of Lakhipur, India",us7000ej9c
2021-07-07 06:43:49.878,19.6805,101.1637,10.0,4.7,"53 km NE of Chiang Klang, Thailand",us7000eja4
2021-07-07 20:21:09.465,11.0785,93.4623,96.69,4.2,"101 km SE of Port Blair, India",us7000elju
2021-07-09 00:26:26.477,25.0311,95.2274,102.19,4.6,"101 km SE of Phek, India",us6000etec
2021-07-09 07:46:23.848,25.9749,90.3995,10.0,4.3,"11 km ESE of Lakhipur, India",us6000etjs
2021-07-12 20:14:51.023,13.6942,92.7449,24.67,4.6,"220 km N of Bamboo Flat, India",us7000elb3
2021-07-13 23:40:50.917,22.4445,94.2123,41.95,4.5,"65 km ESE of Hakha, Myanmar",us7000emla
2021-07-14 20:10:53.149,22.4613,94.1567,39.36,4.2,"59 km ESE of Hakha, Myanmar",us7000elzr
2021-07-14 20:34:51.343,23.5272,94.7567,102.41,4.5,"38 km ESE of Mawlaik, Myanmar",us7000elzz
2021-07-20 19:01:19.984,27.5429,103.1328,10.0,4.3,"62 km WNW of Zhaotong, China",us6000ezeu
2021-07-26 05:03:30.783,24.5824,94.4421,66.82,4.9,"38 km E of W?ngjing, India",us6000ez3j
2021-07-29 08:39:27.722,22.8638,95.9967,10.0,5.5,"44 km NE of Shwebo, Myanmar",us6000f051
2021-08-04 22:10:02.477,25.0993,94.9275,99.59,4.4,"76 km SE of Phek, India",us6000f2a5
2021-08-06 12:47:47.624,23.2137,94.1338,101.68,4.4,"54 km SSW of Mawlaik, Myanmar",us6000f2sy
2021-08-06 18:49:56.874,22.5189,94.2094,39.54,4.4,"63 km ESE of Hakha, Myanmar",us6000f5mq
2021-08-06 20:16:07.390,21.4095,94.7377,110.48,4.5,"36 km WNW of Pakokku, Myanmar",us6000f30b
2021-08-09 13:06:44.772,29.7653,94.5571,10.0,4.2,"138 km N of Shi Yomi, India",us6000f7z6
2021-08-09 15:48:30.416,20.4478,92.3214,10.0,4.2,"45 km S of Tekn?f, Bangladesh",us6000f3lz
2021-08-10 03:18:12.096,22.4535,95.9084,10.0,4.8,"25 km ESE of Shwebo, Myanmar",us6000f3rz
2021-08-10 05:50:16.593,16.4467,94.1222,15.42,4.1,near the south coast of Myanmar,us6000f8dj
2021-08-14 19:50:17.185,12.3093,95.038,10.0,4.7,"259 km ENE of Port Blair, India",us6000f6aw
2021-08-17 15:32:24.925,24.6509,94.4519,63.33,4.9,"39 km E of W?ngjing, India",us6000f7jj
2021-08-17 16:23:45.456,25.7687,99.9762,10.0,4.3,"31 km NW of Dali, China",us6000f7k5
2021-08-20 00:27:34.875,14.0695,92.8419,10.0,4.6,"262 km N of Bamboo Flat, India",us7000f6a9
2021-08-22 07:57:01.741,10.7582,94.4328,10.0,4.1,"209 km ESE of Port Blair, India",us7000f6ry
2021-08-22 12:22:03.864,22.2644,94.6702,121.52,4.6,"51 km WNW of Monywa, Myanmar",us6000f9n1
2021-08-23 05:16:52.648,10.5565,92.1981,10.0,4.7,"136 km SSW of Port Blair, India",us6000f9ya
2021-08-24 02:15:10.282,25.094,96.2561,10.0,4.6,"119 km WSW of Myitkyina, Myanmar",us7000f2vd
2021-08-25 06:06:11.507,20.8876,96.9,10.0,4.4,"18 km NW of Taunggyi, Myanmar",us7000f7gk
2021-08-30 18:54:41.219,10.1828,93.6781,10.0,4.6,"193 km SSE of Port Blair, India",us7000f5u3
2021-08-31 16:05:14.317,10.9134,91.5518,10.0,4.3,"154 km SW of Bamboo Flat, India",us7000f9dk
2021-09-02 03:21:59.692,10.2773,93.9046,10.0,4.2,"199 km SE of Port Blair, India",us7000f9rj
2021-09-03 13:30:39.390,28.1266,104.9834,10.0,5.0,"44 km SE of Xunchang, China",us7000f7g2
2021-09-04 10:07:22.328,13.6444,93.5461,35.0,4.2,"233 km NNE of Bamboo Flat, India",us7000fa1b
2021-09-04 12:05:15.767,26.5115,96.5587,97.98,4.5,"42 km NW of Sarupathar, India",us7000f7wc
2021-09-04 12:10:24.174,10.1169,91.4548,10.0,4.2,"222 km SW of Port Blair, India",us7000fa1d
2021-09-04 12:53:31.787,10.1164,91.5131,10.0,4.4,"218 km SW of Port Blair, India",us7000fa1e
2021-09-09 03:02:19.261,10.1311,93.8015,10.0,4.7,"205 km SE of Port Blair, India",us7000f9ji
2021-09-09 03:44:28.824,10.263,93.728,10.0,4.8,"188 km SE of Port Blair, India",us7000fbia
2021-09-09 03:52:36.295,10.3157,93.729,10.0,4.5,"183 km SE of Port Blair, India",us7000fbhx
2021-09-11 03:20:17.235,14.1061,92.9896,10.0,5.2,"267 km N of Bamboo Flat, India",us7000fa7j
2021-09-13 16:30:44.158,12.8565,95.722,10.0,4.5,"299 km WSW of Dawei, Myanmar",us7000fc4u
2021-09-14 10:40:07.639,23.5962,94.8405,108.35,4.3,"44 km E of Mawlaik, Myanmar",us7000fcx3
2021-09-14 18:47:12.873,10.4507,93.2806,87.8,4.4,"146 km SSE of Port Blair, India",us7000fb56
2021-09-15 13:29:41.879,23.4599,93.4042,10.0,4.6,"29 km ENE of Khawhai, India",us7000fbf3
2021-09-16 04:49:42.856,23.6577,94.5361,93.27,4.4,"13 km E of Mawlaik, Myanmar",us7000fbps
2021-09-19 09:36:30.254,28.7353,96.4223,10.0,4.7,"74 km N of Hayuliang, India",us7000fcme
2021-09-19 19:24:04.697,25.2256,94.8803,80.05,5.0,"62 km SE of Phek, India",us7000fcq5
2021-09-22 12:59:56.921,28.3685,103.6929,10.0,4.4,"100 km W of Xunchang, China",us7000fevu
2021-09-26 06:28:43.349,23.4064,93.4982,9.31,4.2,"37 km E of Khawhai, India",us6000fqhg
2021-09-26 11:26:40.035,23.2858,93.8375,10.0,4.2,"44 km NNE of Falam, Myanmar",us7000fel5
2021-09-30 13:05:36.409,11.7507,95.2935,24.04,4.4,"277 km E of Port Blair, India",us6000fqf0
2021-10-01 04:57:33.206,25.4614,95.3035,102.96,4.4,"83 km ESE of Phek, India",us6000fqnb
2021-10-02 13:21:50.603,29.652,104.8433,10.0,4.4,"14 km S of Chonglong, China",us6000fsm5
2021-10-02 22:01:42.717,24.9285,96.3949,10.0,4.2,"112 km WSW of Myitkyina, Myanmar",us6000fr6v
2021-10-05 01:12:16.228,13.7634,93.7206,62.81,4.9,"252 km NNE of Bamboo Flat, India",us6000frr8
2021-10-07 18:28:03.669,22.3124,94.7676,110.0,5.5,"44 km WNW of Monywa, Myanmar",us6000fsrg
2021-10-11 05:33:04.743,15.008,98.2702,10.0,4.3,"25 km SW of Sangkhla Buri, Thailand",us6000fuw8
2021-10-16 01:46:25.233,24.3171,93.8462,45.78,4.0,"17 km E of Chur?ch?ndpur, India",us6000fw6m
2021-10-18 00:37:01.279,29.2518,104.1048,10.0,4.6,"16 km SSE of Luocheng, China",us6000fviw
2021-10-19 00:44:09.237,22.5257,92.7906,35.0,4.8,"19 km W of Saiha, India",us6000fwrl
2021-10-24 05:48:39.663,12.9223,92.488,10.0,4.3,"137 km N of Bamboo Flat, India",us7000fprf
2021-10-29 19:03:29.259,19.5799,101.3424,15.21,4.3,"52 km NW of Sainyabuli, Laos",us7000fpvn
2021-10-31 03:04:55.448,19.5449,101.2571,10.0,4.6,"49 km ENE of Chiang Klang, Thailand",us7000fq7h
2021-10-31 07:38:04.425,10.9014,91.8348,10.0,4.4,"130 km SW of Port Blair, India",us7000frgl
2021-11-02 13:29:31.927,26.6453,96.7986,10.0,4.8,"48 km N of Sarupathar, India",us7000fqu2
2021-11-04 04:49:04.009,26.7969,92.5824,10.0,4.4,"9 km WSW of Rang?p?ra, India",us7000fsqj
2021-11-06 13:09:16.435,24.1594,94.7771,108.83,4.3,Myanmar-India border region,us7000fs01
2021-11-08 02:18:33.714,24.7068,95.1714,120.86,4.5,"112 km E of W?ngjing, India",us7000fsb1
2021-11-09 04:17:23.043,25.3783,94.9456,76.61,4.2,"55 km SE of Phek, India",us7000fsk5
2021-11-10 08:39:52.835,29.6678,104.8251,10.0,4.3,"12 km SSW of Chonglong, China",us7000fsx9
2021-11-12 17:48:17.033,25.4248,96.6407,19.56,4.3,Myanmar,us7000ftmh
2021-11-14 10:30:11.352,15.9095,93.0067,10.0,4.8,"207 km WSW of Pathein, Myanmar",us7000fu0p
2021-11-16 05:22:49.733,22.2085,101.7446,10.0,4.7,"69 km NNW of Phôngsali, Laos",us7000fuhd
2021-11-16 07:54:48.790,22.2948,101.7444,10.0,4.6,"77 km NNW of Phôngsali, Laos",us7000fuif
2021-11-17 15:36:21.998,28.2221,104.803,10.0,4.9,"27 km SSE of Xunchang, China",us7000fuvg
2021-11-20 07:42:09.082,25.9374,91.4838,10.0,4.2,"21 km SSW of Pal?sb?ri, India",us7000fvpf
2021-11-20 11:12:18.811,24.637,95.1196,128.95,4.6,"107 km E of W?ngjing, India",us7000fvq9
2021-11-21 10:51:01.753,28.5138,104.8117,10.0,4.6,"11 km NE of Xunchang, China",us7000fvxp
2021-11-25 23:45:41.752,22.8232,93.5061,43.0,6.2,"20 km WSW of Falam, Myanmar",us7000fx45
2021-11-27 09:47:16.620,22.8532,93.4368,58.3,4.4,"25 km WSW of Falam, Myanmar",us6000g8ew
2021-11-28 01:32:51.010,27.0398,96.3025,10.0,4.6,"68 km ESE of Margherita, India",us7000fxlf
2021-11-28 02:18:54.724,23.5533,94.0667,69.24,4.3,"35 km WSW of Mawlaik, Myanmar",us6000g8ge
2021-11-28 17:02:20.837,27.0354,96.5311,10.0,4.4,"89 km ESE of Margherita, India",us7000fxsb
2021-11-28 17:21:20.764,24.2296,94.5821,71.92,4.4,"65 km SE of W?ngjing, India",us7000fxsg
2021-11-29 13:24:26.617,22.8125,93.4533,55.11,4.4,"24 km NW of Hakha, Myanmar",us6000g8r2
2021-11-29 21:22:06.678,20.5401,94.0737,62.35,4.2,"83 km W of Yenangyaung, Myanmar",us6000g7qn
2021-11-30 21:39:35.166,28.391,104.9714,10.0,4.7,"26 km ESE of Xunchang, China",us6000g80u
2021-12-05 13:39:30.450,13.9216,92.4294,10.0,4.3,"247 km N of Bamboo Flat, India",us6000gawq
2021-12-06 00:25:39.792,23.4414,96.1089,10.0,5.0,"71 km NW of Mogok, Myanmar",us6000g9d4
2021-12-10 04:14:54.431,25.5067,95.4612,65.73,4.2,"98 km E of Phek, India",us6000gb2m
2021-12-12 12:08:25.375,23.6643,94.7467,119.01,4.5,"34 km E of Mawlaik, Myanmar",us6000gbmv
2021-12-16 20:13:20.741,23.1346,93.8775,65.95,4.5,"31 km NE of Falam, Myanmar",us6000gcwh
2021-12-19 03:19:46.151,13.7358,92.7495,10.0,5.1,"225 km N of Bamboo Flat, India",us6000gdim
2021-12-19 21:06:15.047,19.5613,101.3109,10.0,5.5,"53 km NW of Sainyabuli, Laos",us6000gdng
2021-12-21 05:04:14.782,27.6752,96.9853,43.61,4.5,"61 km SE of Hayuliang, India",us6000ge34
2021-12-21 21:08:33.831,10.2993,94.0416,10.0,5.0,"Andaman Islands, India region",us6000ge9v
2021-12-24 07:58:31.562,26.2159,102.3207,10.0,4.4,"71 km ESE of Dadukou, China",us7000g9jm
2021-12-24 12:47:30.331,18.4813,96.2729,14.42,4.2,"17 km W of Pyu, Myanmar",us6000gf1u
2021-12-24 13:43:22.922,22.3699,101.6708,9.48,5.7,"88 km NNW of Phôngsali, Laos",us6000gf1y
2021-12-24 14:02:29.788,22.3326,101.6843,10.81,4.7,"83 km NNW of Phôngsali, Laos",us6000gf20
2021-12-24 18:59:34.543,22.5247,101.6206,10.0,4.2,"105 km NNW of Phôngsali, Laos",us6000gf3n
2021-12-27 20:13:18.353,22.9337,94.1653,40.41,4.7,"50 km E of Falam, Myanmar",us6000gfp6
2021-12-28 04:09:33.520,22.3622,101.701,10.0,4.3,"85 km NNW of Phôngsali, Laos",us7000g9y5
2021-12-28 04:37:03.084,22.2112,101.7346,10.0,4.4,"69 km NNW of Phôngsali, Laos",us7000g9y7
2021-12-31 14:53:02.539,22.2399,101.7118,10.45,4.7,"73 km NNW of Phôngsali, Laos",us7000g86b
2022-01-02 07:02:13.733,27.7998,100.7176,35.68,5.4,"99 km E of Shangri-La, China",us7000g8fk
2022-01-04 01:14:27.164,13.0711,93.0237,35.0,4.7,"155 km NNE of Bamboo Flat, India",us7000gbng
2022-01-04 15:02:42.007,11.9077,93.6061,131.6,4.6,"97 km ENE of Port Blair, India",us7000g8xx
2022-01-05 09:52:52.015,27.8527,100.5876,10.0,4.7,"86 km E of Shangri-La, China",us7000g97u
2022-01-07 17:08:42.738,28.487,104.8185,10.0,4.4,"10 km ENE of Xunchang, China",us7000gcnu
2022-01-08 05:42:01.889,11.0371,93.2253,88.26,4.3,"87 km SE of Port Blair, India",us7000ga4l
2022-01-12 06:17:33.221,23.1568,94.6845,98.81,4.6,"60 km SSE of Mawlaik, Myanmar",us7000gb8w
2022-01-12 20:46:57.971,25.22,94.1077,13.28,4.5,"48 km NNE of Imph?l, India",us7000gbfz
2022-01-13 19:03:30.121,25.0326,95.0765,94.89,4.1,"91 km SE of Phek, India",us7000gdwl
2022-01-14 08:29:05.776,24.3313,94.6403,89.01,4.2,"Sagaing, Myanmar",us7000gbtz
2022-01-15 11:19:44.531,27.1302,100.2948,10.0,4.6,"29 km NNE of Lijiang, China",us7000gew9
2022-01-16 10:50:58.840,23.8937,94.5597,73.01,4.2,"31 km NNE of Mawlaik, Myanmar",us7000geym
2022-01-16 21:09:22.262,25.2468,93.8695,10.0,4.6,"49 km N of Imph?l, India",us7000gez7
2022-01-17 22:59:23.843,29.2819,94.1513,10.0,5.1,"86 km NNW of Shi Yomi, India",us7000gcr6
2022-01-18 02:22:15.803,24.0361,93.5196,60.79,4.5,"36 km SSW of Chur?ch?ndpur, India",us7000gcs1
2022-01-21 10:12:31.865,23.0871,93.8172,58.96,5.4,"23 km NE of Falam, Myanmar",us7000gdtu
2022-01-22 17:22:18.579,23.1302,94.2434,76.07,4.1,"59 km SSW of Mawlaik, Myanmar",us7000gfxs
2022-01-23 15:21:50.341,10.6973,91.5003,10.0,4.5,"173 km SW of Bamboo Flat, India",us7000ggnc
2022-01-23 15:50:16.399,10.7625,91.4855,10.0,4.6,"169 km SW of Bamboo Flat, India",us7000ggnd
2022-01-23 15:52:50.262,25.0405,96.1665,10.0,4.4,"129 km WSW of Myitkyina, Myanmar",us7000ggne
2022-01-29 05:18:39.655,28.398,104.9691,10.0,4.3,"25 km ESE of Xunchang, China",us7000gg55
2022-01-29 23:46:31.813,10.5863,94.3334,10.0,4.4,"210 km SE of Port Blair, India",us7000ghvq
2022-02-08 07:49:43.255,10.7745,92.8626,33.09,4.5,"99 km S of Port Blair, India",us7000gk1q
2022-02-10 07:36:42.976,26.0465,100.0667,10.0,4.2,"53 km NNW of Dali, China",us7000gjkt
2022-02-11 19:16:50.015,26.0883,96.4951,10.0,4.8,"34 km WSW of Sarupathar, India",us7000gk3y
2022-02-20 11:43:42.215,10.8986,94.8857,10.0,4.3,"248 km ESE of Port Blair, India",us7000gmew
2022-02-21 15:23:43.852,22.6801,93.3976,48.71,4.6,"22 km W of Hakha, Myanmar",us6000h01p
2022-02-28 07:54:41.204,21.9422,95.541,10.0,4.2,"45 km ESE of Monywa, Myanmar",us6000h0pr
2022-03-03 08:19:05.856,29.9171,94.9732,10.0,4.1,"164 km NNE of Shi Yomi, India",us6000h1nw
2022-03-03 08:47:06.403,29.9082,95.0011,10.0,4.4,"164 km NNE of Shi Yomi, India",us6000h1p1
2022-03-05 14:43:04.599,22.3439,101.684,10.0,4.5,"85 km NNW of Phôngsali, Laos",us6000h2db
2022-03-13 01:11:03.000,22.7307,94.5412,101.22,4.5,"90 km ESE of Falam, Myanmar",us6000h43x
2022-03-13 03:28:16.992,15.2481,93.5518,10.0,4.3,"211 km SW of Pathein, Myanmar",us6000h5fz
2022-03-14 02:22:35.377,20.7666,103.3453,10.0,4.4,"76 km SSE of Dien Bien Phu, Vietnam",us6000h4c9
2022-03-15 00:25:52.672,23.2811,93.9006,10.0,4.1,"46 km NNE of Falam, Myanmar",us6000h5sj
2022-03-15 02:51:06.411,29.9999,95.07,35.0,4.1,"176 km NNE of Shi Yomi, India",us6000h4ll
2022-03-18 05:40:18.475,24.8691,93.6502,40.97,4.4,"30 km WNW of Imph?l, India",us7000gwn4
2022-03-20 21:54:49.023,14.5923,93.0222,10.0,4.1,"Andaman Islands, India region",us7000gwys
2022-03-21 06:36:03.776,24.1944,94.4865,82.38,4.5,"61 km SE of W?ngjing, India",us6000h6c6
2022-03-25 17:58:26.461,12.8771,92.9804,26.21,4.2,"133 km NNE of Bamboo Flat, India",us7000gyh7
2022-03-28 21:22:33.266,14.6269,93.0229,10.0,4.7,"Andaman Islands, India region",us7000gxy0
2022-03-30 03:52:29.010,27.1837,103.1723,10.0,4.5,"55 km WSW of Zhaotong, China",us7000gyah
2022-03-31 01:18:26.345,23.1411,94.1874,47.16,4.0,"58 km ENE of Falam, Myanmar",us7000gzuy
2022-04-06 13:07:58.968,27.8474,100.5105,10.0,4.1,"79 km E of Shangri-La, China",us7000h1s0
2022-04-10 00:06:16.892,21.3757,98.0041,10.0,4.4,"119 km ENE of Taunggyi, Myanmar",us7000h0zn
2022-04-15 13:11:02.760,28.1516,104.6985,10.0,4.6,"33 km S of Xunchang, China",us6000hfa7
2022-04-16 00:32:18.081,27.94,100.6023,10.0,4.7,"88 km E of Shangri-La, China",us7000h2lk
2022-04-16 16:18:40.213,27.9643,100.8872,10.0,4.6,"117 km E of Shangri-La, China",us7000h2pw
2022-04-16 23:51:26.153,25.3875,94.8228,74.41,4.1,Myanmar-India border region,us6000hfc6
2022-04-17 22:31:39.157,25.9974,95.9133,79.64,4.3,"92 km WSW of Sarupathar, India",us6000hfkv
2022-04-18 02:57:52.081,23.3586,94.7118,111.13,4.1,"44 km SE of Mawlaik, Myanmar",us6000hfn0
2022-04-22 03:51:27.747,13.9992,92.9511,10.0,4.9,"255 km N of Bamboo Flat, India",us6000hfgp
2022-04-29 17:23:51.985,27.8952,100.6915,10.0,4.6,"7 km NNE of Yongning, China",us7000h5vh
2022-04-30 17:34:05.382,13.1672,93.0378,42.04,4.5,"166 km NNE of Bamboo Flat, India",us7000h63j
2022-05-01 15:15:39.093,22.6784,94.2561,90.81,5.0,"64 km ESE of Falam, Myanmar",us7000h67u
2022-05-04 20:36:17.083,10.3401,92.4602,30.51,4.6,"149 km SSW of Port Blair, India",us7000h8mi
2022-05-05 21:10:39.270,26.0674,99.9874,10.0,4.5,"58 km NNW of Dali, China",us7000h7dz
2022-05-09 16:10:23.667,10.3663,94.152,10.0,4.3,"210 km SE of Port Blair, India",us6000hlht
2022-05-09 17:16:16.683,13.4647,94.0795,10.0,4.2,"245 km NE of Bamboo Flat, India",us7000h85q
2022-05-09 22:08:05.153,10.179,93.8413,10.0,4.6,"203 km SE of Port Blair, India",us6000hli3
2022-05-13 06:13:55.734,25.6938,96.8329,10.0,4.3,"56 km S of Sarupathar, India",us6000hkse
2022-05-13 07:09:28.657,25.7111,96.8176,10.0,4.4,"54 km S of Sarupathar, India",us6000hksn
2022-05-13 12:26:04.558,25.6457,96.717,10.0,4.3,Myanmar,us6000hmd0
2022-05-15 16:17:04.821,26.3342,92.3725,10.0,4.1,"9 km NNE of Morigaon, India",us6000hld3
2022-05-17 22:49:55.090,21.3707,98.5156,10.0,4.1,"149 km WSW of K?ng Tung, Myanmar",us6000hlw6
2022-05-17 23:50:01.775,21.3045,98.5126,10.0,4.3,"150 km WSW of K?ng Tung, Myanmar",us6000hlwe
2022-05-20 00:36:37.179,29.8899,102.7017,10.0,4.9,"72 km E of Kangding, China",us6000hmi0
2022-05-20 18:39:16.682,25.0186,96.3401,10.0,4.3,"113 km WSW of Myitkyina, Myanmar",us6000hmqu
2022-05-21 03:14:07.365,22.8336,93.4891,47.2,4.5,"21 km WSW of Falam, Myanmar",us6000hmu6
2022-05-23 03:56:45.915,22.7741,94.0827,13.98,4.4,"44 km ESE of Falam, Myanmar",us7000hd2g
2022-05-24 22:14:10.660,29.5952,103.8004,10.0,4.3,"5 km NE of Leshan, China",us7000hd47
2022-05-27 02:20:15.367,12.9434,93.4548,77.17,4.5,"159 km NNE of Bamboo Flat, India",us7000hcwe
2022-05-31 04:39:39.616,26.3635,95.6051,95.69,4.3,"68 km SE of Mon, India",us7000hdq8
2022-06-01 16:43:15.623,17.4476,94.2503,26.0,5.2,"90 km NW of Pathein, Myanmar",us7000he50
2022-06-02 03:25:38.465,17.5218,94.253,10.0,4.3,"96 km NNW of Pathein, Myanmar",us7000hfl8
2022-06-02 22:40:29.049,23.2613,95.957,10.0,4.2,"68 km NW of Mogok, Myanmar",us7000hei4
2022-06-08 03:26:30.255,21.1306,99.9038,10.0,4.2,"55 km S of K?ng Tung, Myanmar",us7000hft8
2022-06-13 15:44:41.452,22.9945,94.531,100.41,4.3,"72 km S of Mawlaik, Myanmar",us7000hh3k
2022-06-19 22:40:54.988,27.425,103.6904,10.0,4.6,"12 km NNW of Zhaotong, China",us7000hiln
2022-06-21 01:45:48.714,10.576,91.58,10.0,4.2,"175 km SW of Port Blair, India",us7000hjyn
2022-06-22 14:25:32.357,10.5852,91.6122,10.0,4.6,"172 km SW of Port Blair, India",us7000hjal
2022-06-25 00:47:29.977,21.2769,94.481,103.07,4.0,"54 km NW of Chauk, Myanmar",us6000hysp
2022-06-29 18:01:58.223,23.2297,94.5018,95.51,4.6,"46 km SSE of Mawlaik, Myanmar",us6000hyiz
2022-06-29 18:54:43.331,21.1319,99.8911,10.0,4.7,"55 km S of K?ng Tung, Myanmar",us6000hyji
2022-07-03 02:26:12.521,19.5636,94.8605,10.0,5.1,"43 km WNW of Myaydo, Myanmar",us6000hzh5
2022-07-04 05:04:49.855,10.3683,94.071,10.0,4.1,"203 km SE of Port Blair, India",us6000i0uh
2022-07-04 05:35:51.743,10.3658,94.0742,10.0,4.7,"204 km SE of Port Blair, India",us6000hznv
2022-07-04 05:59:26.188,10.266,94.0759,10.0,4.3,"Andaman Islands, India region",us6000i0ul
2022-07-04 06:17:45.344,10.5715,94.5486,10.0,4.2,"231 km ESE of Port Blair, India",us6000i0v4
2022-07-04 07:21:12.801,10.4084,94.175,10.0,4.3,"209 km SE of Port Blair, India",us6000i0vf
2022-07-04 07:29:30.021,10.4776,94.1576,10.0,4.3,"202 km SE of Port Blair, India",us6000i0un
2022-07-04 08:01:24.837,10.3636,93.9764,10.0,4.2,"197 km SE of Port Blair, India",us6000i0us
2022-07-04 08:02:38.928,10.3181,94.033,10.0,4.8,"204 km SE of Port Blair, India",us6000hzpi
2022-07-04 08:25:27.023,10.2936,94.2046,10.0,4.4,"220 km SE of Port Blair, India",us6000hzpl
2022-07-04 08:31:12.958,10.3129,94.1035,10.0,4.5,"210 km SE of Port Blair, India",us6000i0uv
2022-07-04 08:36:19.007,10.4305,94.1413,10.0,5.1,"204 km SE of Port Blair, India",us6000hzpp
2022-07-04 08:40:50.995,10.298,94.1393,10.0,4.1,"214 km SE of Port Blair, India",us6000i0v1
2022-07-04 08:46:51.549,10.1855,94.0655,10.0,4.3,"218 km SE of Port Blair, India",us6000i0ux
2022-07-04 08:53:26.096,10.3254,94.0101,10.0,4.3,"202 km SE of Port Blair, India",us6000i0uy
2022-07-04 08:54:19.874,10.5491,93.9883,10.0,4.2,"183 km SE of Port Blair, India",us6000i0v3
2022-07-04 09:07:03.697,10.3072,94.1437,10.0,5.0,"214 km SE of Port Blair, India",us6000hzpu
2022-07-04 09:11:06.457,10.2576,93.8591,10.0,4.3,"197 km SE of Port Blair, India",us6000i0vm
2022-07-04 09:32:33.341,10.3642,94.1744,10.0,4.7,"212 km SE of Port Blair, India",us6000hzq2
2022-07-04 09:46:49.717,10.4254,94.2342,10.0,4.5,"212 km SE of Port Blair, India",us6000i0v5
2022-07-04 09:55:18.979,10.3591,94.1964,10.0,5.0,"Andaman Islands, India region",us6000hzq5
2022-07-04 10:09:05.632,10.4709,94.1822,10.0,4.5,"Andaman Islands, India region",us6000hzqc
2022-07-04 11:15:37.887,10.4407,94.2815,10.0,4.1,"215 km SE of Port Blair, India",us6000i0vr
2022-07-04 11:48:11.309,10.3944,94.2851,10.0,5.0,"219 km SE of Port Blair, India",us6000hzqu
2022-07-04 12:20:35.476,10.1412,94.2325,10.0,4.6,"234 km SE of Port Blair, India",us6000hzr2
2022-07-04 12:51:33.584,10.2341,94.2256,10.0,4.5,"226 km SE of Port Blair, India",us6000hzr6
2022-07-04 12:56:53.028,10.4368,94.1791,10.0,4.3,"207 km SE of Port Blair, India",us6000i0ve
2022-07-04 13:48:36.387,10.3415,94.1421,10.0,4.2,"Andaman Islands, India region",us6000i0vj
2022-07-04 14:16:07.734,10.3479,94.0109,10.0,4.5,"Andaman Islands, India region",us6000hzri
2022-07-04 15:03:43.220,10.3123,94.1286,10.0,4.4,"212 km SE of Port Blair, India",us6000i0vp
2022-07-04 15:13:07.749,10.3736,94.244,10.0,4.2,"217 km SE of Port Blair, India",us6000i0vv
2022-07-04 17:31:21.363,10.4304,94.2504,10.0,4.9,"213 km SE of Port Blair, India",us6000hztp
2022-07-04 18:03:50.250,10.4139,94.2442,10.0,4.1,"214 km SE of Port Blair, India",us6000i0x1
2022-07-04 18:04:26.023,10.2429,94.1027,10.0,4.8,"Andaman Islands, India region",us6000i0w4
2022-07-04 18:07:44.228,10.4137,94.2287,10.0,4.7,"213 km SE of Port Blair, India",us6000hzu3
2022-07-04 18:33:26.316,10.1636,94.1024,10.0,4.2,"222 km SE of Port Blair, India",us6000i0vx
2022-07-04 19:16:36.014,10.3725,93.6866,10.0,4.6,"176 km SE of Port Blair, India",us6000hzua
2022-07-04 19:36:57.000,10.2638,93.9224,10.0,5.0,"201 km SE of Port Blair, India",us6000hzue
2022-07-04 20:00:39.497,10.4646,94.4605,10.0,4.6,"229 km SE of Port Blair, India",us6000hzuk
2022-07-04 20:02:48.649,10.2384,94.0024,10.0,4.5,"Andaman Islands, India region",us6000i0x2
2022-07-04 20:18:13.150,10.5545,94.1795,10.0,4.9,"Andaman Islands, India region",us6000hzup
2022-07-04 20:43:48.593,10.4204,94.2649,10.0,4.9,"Andaman Islands, India region",us6000hzus
2022-07-04 21:03:56.176,10.3526,94.2481,10.0,4.9,"219 km SE of Port Blair, India",us6000hzuu
2022-07-04 21:18:26.125,10.4048,94.2584,10.0,4.4,"216 km SE of Port Blair, India",us6000hzv3
2022-07-04 21:24:41.456,10.3032,94.1408,10.0,4.9,"214 km SE of Port Blair, India",us6000hzv5
2022-07-04 21:59:01.988,10.4627,94.1965,10.0,4.2,"206 km SE of Port Blair, India",us6000i0w9
2022-07-04 23:15:13.225,10.2329,94.2382,10.0,4.6,"227 km SE of Port Blair, India",us6000hzw2
2022-07-04 23:38:46.553,10.4198,94.0743,10.0,4.5,"200 km SE of Port Blair, India",us6000i0wg
2022-07-05 00:10:04.562,10.2778,93.8421,10.0,4.5,"194 km SE of Port Blair, India",us6000i0x3
2022-07-05 00:26:56.477,10.3277,94.2534,10.0,5.4,"Andaman Islands, India region",us6000hzwa
2022-07-05 01:10:46.372,10.2316,94.0501,10.0,4.2,"213 km SE of Port Blair, India",us6000i0x4
2022-07-05 02:34:57.675,10.3288,94.0598,10.0,4.9,"206 km SE of Port Blair, India",us6000hzwp
2022-07-05 03:21:57.190,10.4449,93.87,10.0,4.3,"182 km SE of Port Blair, India",us6000i0xm
2022-07-05 06:06:13.690,10.2666,94.2833,10.0,5.0,"228 km SE of Port Blair, India",us6000hzxm
2022-07-05 06:46:45.203,10.3286,94.1991,10.0,4.3,"217 km SE of Port Blair, India",us6000i0xd
2022-07-05 07:48:33.145,10.2608,94.1562,10.0,4.8,"218 km SE of Port Blair, India",us6000hzy9
2022-07-05 08:19:07.720,10.3821,94.0983,10.0,4.3,"204 km SE of Port Blair, India",us6000i0xk
2022-07-05 09:44:02.616,10.2992,94.3324,10.0,4.7,"230 km SE of Port Blair, India",us6000hzyw
2022-07-05 10:24:13.165,10.4254,94.1424,10.0,4.2,"205 km SE of Port Blair, India",us6000i0xu
2022-07-05 11:12:51.217,10.3821,94.2379,10.0,4.0,"Andaman Islands, India region",us6000i0xz
2022-07-05 13:16:44.407,10.3995,94.1516,10.0,4.2,"207 km SE of Port Blair, India",us6000i0y2
2022-07-05 14:50:19.975,10.553,94.1619,10.0,4.9,"197 km SE of Port Blair, India",us6000i008
2022-07-05 16:29:50.146,18.4692,94.7462,49.73,4.1,"63 km SW of Pyay, Myanmar",us6000i00z
2022-07-06 00:26:14.626,10.4628,94.1034,10.0,4.9,"199 km SE of Port Blair, India",us6000i05y
2022-07-06 00:32:44.303,10.3261,94.1081,10.0,4.0,"Andaman Islands, India region",us6000i1tz
2022-07-06 08:01:06.482,10.368,94.2181,10.0,4.9,"215 km SE of Port Blair, India",us6000i07w
2022-07-06 15:16:27.036,10.3877,94.0749,10.0,4.5,"202 km SE of Port Blair, India",us6000i09u
2022-07-06 17:52:00.412,10.4009,94.3816,10.0,4.5,"226 km SE of Port Blair, India",us6000i0bw
2022-07-06 18:31:23.829,10.4174,94.1129,10.0,4.5,"203 km SE of Port Blair, India",us6000i0bz
2022-07-06 19:51:51.066,10.3391,94.2494,10.0,4.6,"220 km SE of Port Blair, India",us6000i0cv
2022-07-07 01:02:12.039,10.4157,94.0481,10.0,4.3,"198 km SE of Port Blair, India",us6000i238
2022-07-07 21:01:15.773,18.6394,96.782,10.0,4.6,"40 km ENE of Pyu, Myanmar",us6000i247
2022-07-08 04:30:25.912,27.8815,94.1134,10.0,4.3,"41 km NE of Ziro, India",us6000i2nr
2022-07-08 19:15:46.921,10.3602,94.1827,10.0,4.5,"213 km SE of Port Blair, India",us6000i0zv
2022-07-08 19:16:14.912,10.4109,94.2296,10.0,4.8,"213 km SE of Port Blair, India",us6000i10d
2022-07-08 19:36:45.401,10.3507,94.0642,10.0,4.2,"204 km SE of Port Blair, India",us6000i2pd
2022-07-08 21:04:40.152,10.4818,94.1885,10.0,5.2,"Andaman Islands, India region",us6000i117
2022-07-08 21:34:33.544,10.3187,94.1649,10.0,4.5,"215 km SE of Port Blair, India",us6000i11i
2022-07-14 01:36:40.836,10.3022,94.1785,10.0,4.4,"217 km SE of Port Blair, India",us7000hsnu
2022-07-15 23:48:49.478,23.0067,95.3111,10.197,4.4,"62 km NW of Shwebo, Myanmar",us6000i2wn
2022-07-16 10:01:31.028,21.5808,95.9779,12.791,4.3,"16 km W of Kyaukse, Myanmar",us6000i30f
2022-07-16 18:12:48.028,24.1883,94.4481,76.459,4.5,"58 km SE of Kakching, India",us6000i32w
2022-07-19 21:38:16.700,23.559,94.5663,110.324,4.3,"18 km ESE of Mawlaik, Myanmar",us7000hrx3
2022-07-21 04:14:32.089,24.3566,103.1953,10.0,4.2,"25 km WSW of Miyang, China",us6000i6im
2022-07-21 16:40:09.562,21.1024,99.8624,10.0,4.9,"58 km S of K?ng Tung, Myanmar",us7000hsfx
2022-07-21 17:07:25.226,21.1504,99.8777,5.0,5.9,"53 km S of K?ng Tung, Myanmar",us7000hsg4
2022-07-21 18:18:53.884,20.9801,99.7789,10.0,4.1,"59 km N of Tachilek, Myanmar",us7000hsgl
2022-07-21 20:00:37.653,21.192,99.9666,8.24,4.4,Myanmar,us6000i6ji
2022-07-21 22:22:11.413,21.144,99.9004,10.0,4.9,"53 km S of K?ng Tung, Myanmar",us7000hsj0
2022-07-24 13:11:14.636,21.1527,99.998,10.0,4.6,"53 km S of K?ng Tung, Myanmar",us7000ht4v
2022-07-26 11:51:14.182,21.0975,99.9402,10.0,4.2,"59 km S of K?ng Tung, Myanmar",us7000htil
2022-07-26 12:28:44.145,21.0707,99.9041,10.0,4.1,"62 km S of K?ng Tung, Myanmar",us7000htiv
2022-07-26 13:28:57.859,21.0705,99.9208,10.0,4.3,"62 km S of K?ng Tung, Myanmar",us6000i8c5
2022-07-26 15:13:43.440,23.5693,93.2709,42.7,4.6,"25 km NE of Khawhai, India",us7000htji
2022-07-29 09:58:46.530,21.0393,99.9212,10.0,4.8,"65 km S of K?ng Tung, Myanmar",us6000i6fi
2022-07-29 10:17:22.550,21.0519,99.8985,10.0,4.3,"64 km S of K?ng Tung, Myanmar",us6000i6fm
2022-08-01 16:03:50.639,21.1847,99.8918,10.0,4.5,"49 km S of K?ng Tung, Myanmar",us6000i769
2022-08-07 15:44:30.673,10.2856,93.8306,10.349,4.6,"193 km SE of Port Blair, India",us6000i8wu
2022-08-13 20:01:09.554,25.6628,99.9823,10.0,4.2,"24 km WNW of Dali, China",us6000ial9
2022-08-24 21:48:11.227,23.7516,94.5482,96.15,5.0,"18 km NE of Mawlaik, Myanmar",us7000i261
2022-08-26 04:52:25.244,25.0099,95.2338,91.384,4.6,"103 km SE of Phek, India",us7000i2i8
2022-08-28 03:16:16.963,10.3923,93.8489,10.0,4.6,"185 km SE of Port Blair, India",us7000i5ec
2022-08-29 12:54:02.976,29.024,96.1153,10.0,4.2,"113 km NNW of Hayuliang, India",us7000i5q7
2022-09-02 07:13:05.499,13.9359,93.6367,55.814,5.0,"Andaman Islands, India region",us7000i4kj
2022-09-05 04:52:19.645,29.6786,102.236,12.0,6.6,"44 km SE of Kangding, China",us7000i59t
2022-09-05 09:39:24.078,29.4607,102.4093,10.0,4.2,"74 km SE of Kangding, China",us7000i7my
2022-09-05 11:26:22.627,29.6551,102.2807,10.0,4.8,"49 km SE of Kangding, China",us7000i5ct
2022-09-06 18:42:21.445,29.3949,102.3001,45.579,4.6,"75 km SSE of Kangding, China",us7000i5sf
2022-09-06 19:20:57.093,23.4002,93.8588,60.682,4.2,"57 km NNE of Falam, Myanmar",us7000i5sv
2022-09-08 07:12:02.364,29.7832,102.017,10.0,4.2,"24 km SSE of Kangding, China",us7000i8a5
2022-09-13 21:35:13.787,26.6232,96.133,10.0,4.4,"71 km SE of Khonsa, India",us7000i7sb
2022-09-17 18:01:48.028,16.6177,95.7575,10.0,4.3,near the south coast of Myanmar,us7000iafu
2022-09-17 23:33:29.809,26.368,96.6018,122.703,4.3,"27 km NW of Sarupathar, India",us7000i8xq
2022-09-18 12:57:55.916,28.8975,95.861,10.0,4.5,"105 km NNE of P?sigh?t, India",us7000i935
2022-09-18 21:34:13.981,21.3093,94.8301,128.051,4.5,"26 km W of Pakokku, Myanmar",us7000i953
2022-09-19 12:05:48.432,29.9356,99.7046,10.0,4.0,"217 km W of Kangding, China",us7000ib4u
2022-09-20 10:23:14.632,29.8057,99.3248,10.0,4.4,"222 km N of Shangri-La, China",us7000i9ia
2022-09-23 02:47:43.266,24.8107,98.681,10.0,4.3,"144 km ESE of Myitkyina, Myanmar",us7000iacp
2022-09-25 12:02:48.675,18.2251,94.3829,22.461,4.4,"99 km W of Myanaung, Myanmar",us7000iaxc
2022-09-25 17:12:37.676,29.8996,99.585,10.0,4.2,"229 km W of Kangding, China",us6000ipkn
2022-09-28 12:13:36.124,14.4837,92.9479,10.0,4.6,"Andaman Islands, India region",us6000iqru
2022-09-29 22:22:36.730,23.1002,94.8968,150.0,5.6,"78 km SE of Mawlaik, Myanmar",us6000ipft
2022-09-30 02:23:15.751,24.7823,94.9256,10.0,4.6,"89 km E of Yairipok, India",us6000iphx
2022-10-03 23:19:37.689,27.0194,103.0731,15.712,4.2,"71 km WSW of Zhaotong, China",us6000irv9
2022-10-04 12:44:29.435,29.0157,102.167,10.0,4.6,"111 km S of Kangding, China",us6000iqpa
2022-10-04 19:17:26.497,29.4205,102.2711,10.0,4.7,"71 km SSE of Kangding, China",us6000ish9
2022-10-11 04:51:00.817,19.6388,94.6638,72.46,4.1,Myanmar,us6000iuc4
2022-10-11 17:32:44.540,21.1176,99.8969,6.237,4.6,"56 km S of K?ng Tung, Myanmar",us6000iss8
2022-10-12 11:19:31.843,29.9412,99.6333,10.0,4.3,"224 km W of Kangding, China",us6000iujj
2022-10-16 00:52:13.602,22.8755,95.9272,10.0,4.6,"41 km NE of Shwebo, Myanmar",us6000iu1q
2022-10-19 21:36:33.541,18.8243,99.1277,5.411,4.2,"8 km N of San Kamphaeng, Thailand",us6000iuyr
2022-10-20 06:46:55.511,11.5884,93.1518,90.086,5.1,"45 km E of Port Blair, India",us6000iv38
2022-10-21 16:00:43.782,24.1894,94.6086,89.761,4.5,"64 km NNE of Mawlaik, Myanmar",us6000ivkb
2022-10-22 05:17:04.188,29.6246,102.0856,19.255,5.3,"43 km SSE of Kangding, China",us6000ivq1
2022-10-25 11:09:34.944,20.1966,94.4057,64.331,4.4,"49 km W of Minbu, Myanmar",us6000iwb9
2022-10-25 16:51:51.209,23.2938,103.3142,10.0,4.5,"18 km ESE of Gejiu, China",us7000il02
2022-10-29 05:38:20.787,23.7023,94.4944,96.454,4.4,Myanmar,us7000il4i
2022-10-30 14:45:06.392,25.1215,92.205,10.0,4.2,"31 km NNW of Kar?mganj, India",us7000ilc3
2022-10-30 23:02:28.181,13.5414,94.2712,10.0,4.5,"264 km NE of Bamboo Flat, India",us7000ildw
2022-10-31 00:45:56.922,26.6099,96.5205,10.0,4.6,"53 km NNW of Sarupathar, India",us7000ilef
2022-11-01 13:09:49.581,19.6848,94.5597,68.26,4.6,"64 km SSW of Minbu, Myanmar",us7000ilpd
2022-11-08 06:27:02.122,23.0649,94.5122,105.393,4.7,"64 km S of Mawlaik, Myanmar",us7000in8j
2022-11-10 05:01:05.611,28.3835,94.4118,15.0,5.5,"16 km SSE of Shi Yomi, India",us7000inqd
2022-11-11 01:32:19.091,23.0257,94.1073,42.858,4.2,"45 km ENE of Falam, Myanmar",us7000inz1
2022-11-11 23:13:42.527,27.065,102.884,18.169,4.6,"87 km WSW of Zhaotong, China",us7000ip68
2022-11-16 02:47:00.600,26.5551,102.081,10.0,4.7,"37 km E of Dadukou, China",us7000iq1f
2022-11-18 13:23:57.273,29.6398,101.9865,10.0,4.6,"40 km S of Kangding, China",us7000iqpk
2022-11-18 17:27:37.265,23.4502,102.2291,15.566,4.9,"95 km W of Gejiu, China",us7000iqt1
2022-11-19 10:28:51.112,29.7535,101.9485,10.0,4.5,"27 km S of Kangding, China",us7000iqz3
2022-11-21 11:22:12.718,23.2823,102.5608,10.0,4.1,"61 km W of Gejiu, China",us7000isbm
2022-11-30 14:39:32.589,12.4347,93.9585,135.727,4.0,"156 km ENE of Port Blair, India",us6000j733
2022-12-01 00:34:02.012,21.5043,94.8626,146.092,4.0,"29 km NW of Pakokku, Myanmar",us6000j7d2
2022-12-04 11:33:49.125,16.2075,96.1565,10.0,4.0,"51 km E of Pyapon, Myanmar",us6000j7y9
2022-12-09 15:40:44.925,26.0254,95.3931,99.202,4.5,Myanmar-India border region,us6000j86w
2022-12-12 07:18:46.401,12.736,93.633,85.927,4.5,"151 km NE of Bamboo Flat, India",us6000j8qb
2022-12-14 20:46:31.402,21.8573,95.8778,10.0,4.8,"10 km WSW of Sagaing, Myanmar",us6000j99a
2022-12-15 17:12:53.035,24.8414,95.0837,101.752,4.4,"106 km E of Yairipok, India",us6000j9ij
2022-12-16 07:58:32.398,21.8211,95.8905,23.982,4.6,"11 km SW of Sagaing, Myanmar",us6000j9nn
2022-12-17 09:50:01.042,28.1642,104.8949,10.0,4.5,"36 km SSE of Xunchang, China",us7000j0fa
2022-12-17 16:05:42.099,24.2087,94.7294,98.089,4.2,"70 km NNE of Mawlaik, Myanmar",us6000ja0r
2022-12-18 07:20:42.058,22.5559,93.7959,39.483,4.2,"21 km ESE of Hakha, Myanmar",us7000j0gs
2022-12-19 17:31:17.786,20.0744,95.9786,10.0,4.5,"39 km NNW of Nay Pyi Taw, Myanmar",us6000jadi
2022-12-20 21:21:15.970,24.5341,96.154,10.157,4.3,Myanmar,us6000japf
2022-12-26 08:34:02.108,23.2606,103.344,10.0,4.0,"22 km ESE of Gejiu, China",us7000j2ks
2022-12-27 02:29:38.069,11.4848,95.0,10.0,4.1,"246 km E of Port Blair, India",us7000j359
2022-12-28 04:18:04.774,23.2161,94.14,51.119,4.5,"54 km SSW of Mawlaik, Myanmar",us7000j0kh
2022-12-30 08:13:20.446,21.917,94.4673,99.728,4.2,"72 km WSW of Monywa, Myanmar",us7000j118
2023-01-01 05:27:09.979,17.4535,93.4248,39.85,4.7,"157 km WNW of Pathein, Myanmar",us7000j1cd
2023-01-02 04:21:34.794,27.5974,90.3069,35.0,4.4,"22 km WNW of Trongsa, Bhutan",us7000j1if
2023-01-02 20:11:27.547,10.8119,91.5945,10.0,4.4,"157 km SW of Bamboo Flat, India",us7000j1nn
2023-01-03 00:22:01.686,10.8475,95.1111,10.0,4.1,"Andaman Islands, India region",us7000j453
2023-01-03 01:05:36.386,10.7847,95.0957,10.0,4.3,"274 km ESE of Port Blair, India",us7000j455
2023-01-05 05:51:24.614,24.1249,95.8673,10.751,4.5,"139 km W of Bhamo, Myanmar",us7000j28c
2023-01-07 21:18:36.723,11.9253,92.6851,40.216,4.2,"25 km N of Bamboo Flat, India",us7000j2v1
2023-01-09 12:51:34.613,24.299,98.7509,10.0,4.2,Myanmar-China border region,us7000j5gk
2023-01-10 01:42:57.492,26.705,96.5576,10.0,4.6,"60 km NNW of Sarupathar, India",us7000j3bs
2023-01-10 23:00:07.145,11.2892,91.8207,20.942,4.1,"107 km WSW of Bamboo Flat, India",us7000j5k6
2023-01-15 04:03:06.634,21.9399,96.0213,10.0,4.3,"7 km WSW of Mandalay, Myanmar",us6000jiwk
2023-01-15 21:46:26.374,28.1272,104.9237,10.0,4.1,"eastern Sichuan, China",us6000jixf
2023-01-16 20:20:12.456,23.5913,92.4156,10.0,4.1,India-Bangladesh border region,us7000j4s0
2023-01-16 21:57:03.225,21.1014,100.0762,13.998,4.3,"60 km SSE of K?ng Tung, Myanmar",us6000jj5a
2023-01-18 01:46:55.643,11.5023,95.1809,10.0,4.4,"Andaman Islands, India region",us6000jjdm
2023-01-18 01:57:17.433,29.6383,101.7292,10.0,4.5,"45 km SSW of Kangding, China",us6000jjdw
2023-01-19 01:17:56.519,12.1121,94.4701,10.0,4.4,"194 km ENE of Port Blair, India",us6000jjgr
2023-01-19 11:34:03.747,10.0936,93.5847,10.0,4.8,"Andaman Islands, India region",us6000jjhd
2023-01-23 13:42:02.771,24.8836,93.079,10.0,5.1,"12 km NE of Lakhipur, India",us7000j6c8
2023-01-25 19:49:44.495,29.7306,101.9935,7.0,5.4,"Western Sichuan, China",us6000jj8s
2023-01-25 20:30:44.870,29.6412,101.9672,10.0,4.4,"40 km S of Kangding, China",us6000jj99
2023-01-25 20:51:10.093,29.645,102.1106,10.0,4.4,"42 km SSE of Kangding, China",us6000jj94
2023-01-25 20:57:21.315,29.559,102.166,10.0,4.3,"53 km SSE of Kangding, China",us6000jj97
2023-01-25 21:19:08.863,29.7831,102.0678,10.0,4.4,"26 km SSE of Kangding, China",us6000jj9c
2023-01-25 23:21:33.314,29.6904,102.0311,10.0,4.9,"35 km SSE of Kangding, China",us6000jjai
2023-01-26 01:59:58.723,25.7328,90.4362,36.679,4.0,"33 km NE of Tura, India",us6000jltv
2023-01-30 18:45:37.506,12.1363,93.5873,107.401,5.0,"105 km ENE of Port Blair, India",us6000jkdx
2023-01-31 04:49:06.032,24.5866,94.459,69.006,4.6,"40 km E of W?ngjing, India",us6000jkh1
2023-02-02 01:04:52.791,19.9292,94.2003,36.678,4.4,"75 km WSW of Minbu, Myanmar",us6000jkwa
2023-02-04 07:34:41.429,22.7357,95.9238,10.0,4.2,"29 km NE of Shwebo, Myanmar",us6000jlcr
2023-02-12 10:48:14.855,26.3749,92.9259,10.0,4.2,"31 km SSE of Tezpur, India",us6000jngh
2023-02-12 23:01:18.050,23.0353,94.5227,104.754,4.3,"68 km S of Mawlaik, Myanmar",us6000jqc6
2023-02-16 01:00:02.100,21.2059,100.0009,10.0,4.4,"47 km S of K?ng Tung, Myanmar",us6000jr8b
2023-02-16 03:56:28.218,25.1917,91.8394,57.099,4.3,"18 km SE of Cherrapunji, India",us6000jpaj
2023-02-18 18:53:06.701,24.279,98.0811,10.0,4.1,"20 km W of Zhefang, China",us6000jpyk
2023-02-21 04:40:49.223,15.2852,96.1335,13.027,4.1,"120 km SSE of Pyapon, Myanmar",us7000jglh
2023-02-25 10:39:46.063,21.0328,92.5067,10.0,4.2,"29 km NE of Tekn?f, Bangladesh",us7000jh3j
2023-02-26 04:19:53.486,25.6554,90.4081,10.0,4.3,"25 km NE of Tura, India",us7000jhnb
2023-02-28 14:46:51.382,29.6162,101.9744,10.0,5.2,"42 km S of Kangding, China",us7000jg92
2023-02-28 17:58:26.088,23.9005,99.5462,10.0,4.4,"55 km W of Lincang, China",us7000ji67
2023-03-02 15:04:26.543,16.1726,93.3461,10.0,4.5,"162 km WSW of Pathein, Myanmar",us7000jih3
2023-03-02 21:49:55.363,22.5092,102.6017,10.0,4.1,"78 km NW of M??ng Lay, Vietnam",us7000jgxc
2023-03-03 01:13:47.387,29.8612,94.9521,10.0,4.2,"157 km NNE of Shi Yomi, India",us7000jgyk
2023-03-07 11:11:46.454,13.3077,92.4291,10.0,4.9,"180 km N of Bamboo Flat, India",us7000jhvh
2023-03-12 11:43:43.297,24.276,94.7151,113.11,4.6,"74 km ESE of Wāngjing, India",us7000jjbm
2023-03-13 13:44:29.010,11.0773,91.7251,36.766,4.4,"128 km WSW of Bamboo Flat, India",us7000jkv8
2023-03-21 21:27:28.608,29.6283,104.7147,10.0,4.2,"eastern Sichuan, China",us7000jltn
2023-03-23 07:47:46.064,29.2958,103.8585,10.0,4.0,"19 km WSW of Luocheng, China",us6000k0cl
2023-03-23 10:26:35.584,22.5162,100.9286,10.0,4.3,"30 km S of Simao, China",us6000k0cv
2023-03-24 03:22:42.572,24.1675,93.794,78.995,4.4,"Manipur, India region",us6000k0lk
2023-03-25 06:51:47.013,18.3402,94.9979,53.519,4.1,"34 km W of Myanaung, Myanmar",us6000k0mc
2023-03-25 12:03:44.799,22.6542,95.3355,11.095,4.2,"38 km WNW of Shwebo, Myanmar",us7000jmp2
2023-03-28 06:52:26.620,17.028,96.0008,10.0,3.5,"29 km NW of Yangon, Myanmar",us6000k09e
2023-03-31 18:26:41.006,11.8777,93.7469,126.636,4.2,"111 km ENE of Port Blair, India",us6000k16v
2023-04-01 21:54:52.324,26.7722,102.9151,14.458,4.6,"99 km SW of Zhaotong, China",us6000k1eq
2023-04-03 08:22:04.572,25.8896,90.446,10.0,4.4,"20 km SE of Lakhipur, India",us6000k2fw
2023-04-05 19:54:54.348,15.4297,96.0008,11.864,4.3,"100 km SSE of Pyapon, Myanmar",us6000k3ug
2023-04-08 11:52:40.562,25.2055,96.2774,10.0,4.2,"114 km W of Myitkyina, Myanmar",us6000k2v1
2023-04-09 19:37:44.546,13.2395,93.1777,43.596,4.3,"Andaman Islands, India region",us6000k347
2023-04-10 00:46:37.010,22.9943,94.8376,141.241,4.6,"84 km SSE of Mawlaik, Myanmar",us6000k36y
2023-04-14 18:32:05.851,29.5877,102.2282,10.0,4.2,"52 km SSE of Kangding, China",us6000k5rj
2023-04-27 06:21:18.399,29.5452,104.5796,10.0,4.4,"eastern Sichuan, China",us7000jw75
2023-04-30 06:56:56.920,23.0061,94.3511,94.415,4.6,"69 km E of Falam, Myanmar",us7000jx4v
2023-05-02 15:27:23.366,25.4011,99.2692,10.0,5.3,"26 km WSW of Bonan, China",us7000jxi4
2023-05-02 15:38:19.810,25.4275,99.3564,10.0,4.6,"17 km WSW of Bonan, China",us7000jxiz
2023-05-03 02:01:25.522,29.3941,104.5963,34.483,4.0,"18 km WNW of Zigong, China",us6000kalt
2023-05-03 23:48:53.606,27.3244,97.0318,10.0,4.6,"95 km SSE of Hayuliang, India",us6000k9cr
2023-05-04 23:57:09.193,23.6937,90.3099,10.0,4.3,"8 km WSW of Azimpur, Bangladesh",us6000k9kw
2023-05-09 13:42:18.282,10.972,92.0333,10.0,5.1,"109 km SW of Port Blair, India",us6000kalp
2023-05-11 18:34:06.124,29.6196,102.0015,10.0,4.9,"42 km S of Kangding, China",us6000kb71
2023-05-11 20:32:10.085,29.7649,102.25,10.0,4.6,"38 km SE of Kangding, China",us6000kb7v
2023-05-11 20:44:56.551,21.6539,93.1376,51.123,4.5,"94 km S of Saiha, India",us6000kb7z
2023-05-11 22:07:21.256,29.5306,102.1292,16.04,4.4,"54 km SSE of Kangding, China",us6000kb8y
2023-05-17 15:23:52.896,23.3243,98.3411,10.0,4.1,"74 km NE of Lashio, Myanmar",us6000kcik
2023-05-21 13:47:32.910,24.8062,94.7301,83.027,4.1,Myanmar-India border region,us6000kdmh
2023-05-21 19:56:44.077,28.413,104.8535,10.0,4.7,"14 km ESE of Xunchang, China",us6000kdqt
2023-05-22 02:45:35.828,26.8674,97.023,10.0,5.0,"76 km NNE of Sarupathar, India",us6000kdsy
2023-05-25 04:57:57.779,28.3803,104.4859,21.809,4.4,"6 km SSW of Qingfu, China",us7000k3nn
2023-05-27 21:36:33.057,27.0688,92.6797,10.0,4.5,"25 km N of Rangāpāra, India",us7000k4iq
2023-05-28 18:51:22.818,28.6722,91.4759,10.0,4.5,Eastern Xizang,us7000k4ne
2023-05-29 02:18:17.682,13.407,94.1485,10.0,4.6,"244 km NE of Bamboo Flat, India",us7000k4px
2023-05-29 02:33:31.480,26.7587,92.4485,10.0,4.9,"6 km NNW of Dhekiajuli, India",us7000k4q0
2023-05-31 11:20:14.013,25.1051,96.2315,10.0,5.9,"121 km WSW of Myitkyina, Myanmar",us7000k58h
2023-06-01 03:30:53.257,26.0736,95.1588,31.912,4.2,"39 km ESE of Tuensang, India",us7000k72v
2023-06-03 11:36:51.638,25.2464,96.2529,10.0,4.1,"116 km W of Myitkyina, Myanmar",us7000k7dn
2023-06-05 02:09:45.778,12.8765,95.4751,10.0,4.6,"Andaman Islands, India region",us7000k6bt
2023-06-07 09:53:50.779,16.8861,95.5462,10.0,4.8,"20 km SSW of Nyaungdon, Myanmar",us7000k6tu
2023-06-07 10:32:05.013,16.8315,95.6686,14.76,4.4,"11 km N of Maubin, Myanmar",us7000k8en
2023-06-09 19:35:15.231,21.1244,99.8603,14.922,4.3,"56 km S of Kēng Tung, Myanmar",us7000k7hq
2023-06-12 21:23:08.724,26.1093,95.2775,77.469,4.3,"48 km ESE of Tuensang, India",us7000k82d
2023-06-16 04:46:11.360,24.7339,92.0224,10.0,5.0,India-Bangladesh border region,us7000k8uw
2023-06-19 01:40:24.074,15.2546,96.2895,13.518,5.6,"131 km SSE of Pyapon, Myanmar",us7000k9he
2023-06-19 03:46:55.189,15.296,96.3568,13.493,4.4,"131 km SSE of Pyapon, Myanmar",us6000knf5
2023-06-19 04:13:49.633,15.235,96.2152,10.0,4.6,"129 km SSE of Pyapon, Myanmar",us6000knf6
2023-06-19 04:14:30.786,15.4065,96.1871,10.0,4.2,"111 km SSE of Pyapon, Myanmar",us6000knfh
2023-06-19 11:36:50.653,15.4018,96.2849,10.0,4.7,"117 km SSE of Pyapon, Myanmar",us7000k9jy
2023-06-20 09:23:45.513,15.2432,96.2519,10.0,4.2,"130 km SSE of Pyapon, Myanmar",us6000knn8
2023-06-21 02:47:18.225,15.4201,96.1549,10.0,4.6,"108 km SSE of Pyapon, Myanmar",us7000ka0g
2023-06-21 08:26:42.096,15.2506,96.3125,10.0,4.3,"133 km SSE of Pyapon, Myanmar",us6000kp4r
2023-06-21 18:26:27.016,15.3125,96.3708,10.0,4.4,"130 km SE of Pyapon, Myanmar",us7000ka6a
2023-06-21 21:22:06.596,15.2265,96.4824,10.0,4.4,"145 km SE of Pyapon, Myanmar",us6000kp59
2023-06-21 21:58:31.267,15.4197,96.356,10.0,4.3,"120 km SE of Pyapon, Myanmar",us6000kp5b
2023-06-22 00:12:56.808,15.4378,96.2622,13.561,4.9,"112 km SSE of Pyapon, Myanmar",us7000ka8l
2023-06-22 06:34:11.948,15.3774,96.1679,10.0,4.1,"113 km SSE of Pyapon, Myanmar",us6000kp5w
2023-06-22 16:42:44.175,21.3269,93.7994,56.745,4.3,Myanmar,us7000kaec
2023-06-26 12:52:59.977,13.7408,92.7235,10.0,4.7,"225 km N of Bamboo Flat, India",us7000kb4r
2023-06-28 17:17:56.123,16.2764,99.9211,11.004,4.1,"24 km NNE of Khanu Woralaksaburi, Thailand",us6000knpe
2023-06-30 05:44:02.011,26.9851,96.6035,10.0,4.4,"88 km NNW of Sarupathar, India",us6000kp19
2023-06-30 16:46:53.102,21.0899,99.5285,10.0,4.5,"72 km SW of Kēng Tung, Myanmar",us6000kp8f
2023-07-01 03:56:06.997,28.1045,104.9825,10.0,4.4,"23 km SSW of Bowangshan, China",us6000kpcy
2023-07-04 07:25:32.260,26.5274,96.3583,89.642,4.6,"57 km NW of Sarupathar, India",us6000kpzu
2023-07-04 21:47:28.873,21.1685,93.3301,62.212,4.4,"112 km ENE of Teknāf, Bangladesh",us7000kf5l
2023-07-05 17:12:25.341,18.2502,95.096,68.007,4.1,"24 km W of Myanaung, Myanmar",us7000kfek
2023-07-05 19:05:09.376,23.5846,93.9241,69.187,4.3,"49 km W of Mawlaik, Myanmar",us6000kqab
2023-07-10 00:01:47.570,13.1442,93.2891,35.0,4.2,"171 km NNE of Bamboo Flat, India",us7000kgk5
2023-07-11 14:06:00.167,23.1582,94.0927,77.822,4.3,Myanmar,us7000keva
2023-07-12 12:26:47.093,25.0831,95.4345,9.904,4.3,"114 km SE of Phek, India",us7000kh27
2023-07-13 05:02:32.249,13.792,94.1092,39.377,4.5,"276 km NNE of Bamboo Flat, India",us7000kh4e
2023-07-16 14:23:32.031,25.722,91.3559,10.0,4.3,"24 km NNE of Nongstoin, India",us7000kg5v
2023-07-21 20:05:46.184,25.1642,95.008,86.88,4.0,"75 km SE of Phek, India",us7000khhf
2023-07-23 06:47:32.209,18.562,93.6142,10.0,4.6,"172 km W of Pyay, Myanmar",us7000khrq
2023-07-23 16:31:23.608,22.3642,94.3695,101.114,4.1,"83 km WNW of Monywa, Myanmar",us7000khu1
2023-07-24 20:14:28.734,22.8262,94.4795,97.036,4.4,"82 km E of Falam, Myanmar",us7000ki2c
2023-07-28 19:23:46.487,10.5368,93.5418,88.891,5.9,"152 km SE of Port Blair, India",us6000kwam
2023-07-29 22:29:32.010,20.1463,94.0671,43.85,4.4,"84 km W of Minbu, Myanmar",us6000kwkm
2023-07-31 17:56:44.199,25.8684,104.1677,10.0,4.6,"57 km NE of Qujing, China",us6000kwwg
2023-08-02 10:57:00.160,21.1502,99.8687,10.0,4.3,"53 km S of Kēng Tung, Myanmar",us6000kxaz
2023-08-05 09:09:25.957,11.8507,92.0472,10.0,4.8,"74 km WNW of Bamboo Flat, India",us6000ky2x
2023-08-07 06:38:44.416,29.5203,101.8824,10.0,4.6,"53 km S of Kangding, China",us7000knmi
2023-08-07 20:57:44.100,23.7427,94.78,109.02,4.3,"39 km ENE of Mawlaik, Myanmar",us6000kyik
2023-08-09 07:53:51.524,23.6484,94.4277,125.576,4.3,Myanmar,us7000knyr
2023-08-10 18:13:36.311,10.4485,93.4368,116.866,4.1,"154 km SSE of Port Blair, India",us7000kp1g
2023-08-13 12:55:07.861,24.9163,101.6549,10.0,4.6,"57 km WNW of Longquan, China",us6000kzpn
2023-08-14 10:33:27.596,11.2401,91.8215,18.719,4.6,"110 km WSW of Bamboo Flat, India",us7000kqfc
2023-08-14 14:49:48.667,24.9796,92.2481,36.648,5.3,"16 km NW of Karīmganj, India",us6000kzvl
2023-08-18 01:30:08.894,29.4716,104.9492,10.0,4.4,"16 km SW of Neijiang, China",us7000kqq6
2023-08-18 01:52:24.512,29.5604,104.9587,10.0,4.4,"10 km WSW of Neijiang, China",us7000kqq7
2023-08-18 02:39:23.340,29.475,104.9135,10.0,4.5,"18 km SW of Neijiang, China",us7000kqqa
2023-08-19 07:31:49.678,29.533,104.9421,10.0,4.7,"12 km WSW of Neijiang, China",us7000kpfg
2023-08-19 15:20:35.313,26.3499,92.845,35.0,4.8,"31 km S of Tezpur, India",us7000kpgy
2023-08-20 07:42:43.181,20.6364,94.4043,61.128,4.7,"51 km SW of Chauk, Myanmar",us7000kpky
2023-08-21 00:03:59.459,23.3257,101.9216,10.0,4.2,"113 km ENE of Simao, China",us7000krhn
2023-08-21 10:42:06.204,20.6207,94.4893,81.737,4.5,"43 km WNW of Yenangyaung, Myanmar",us7000kpvh
2023-08-28 22:20:12.739,11.1246,93.6704,125.227,4.3,"117 km ESE of Port Blair, India",us7000ksnc
2023-09-07 04:59:22.159,22.4521,94.1323,87.501,4.4,"57 km ESE of Hakha, Myanmar",us7000kvan
2023-09-09 10:18:30.146,24.6464,92.7849,47.764,4.8,"19 km ENE of Lāla, India",us7000kuka
2023-09-09 17:13:08.007,24.907,98.0949,13.471,4.0,"27 km NE of Yingjiang, China",us7000kvqk
2023-09-11 17:32:00.809,24.3645,94.8511,110.242,5.0,"83 km ESE of Wāngjing, India",us7000kv42
2023-09-17 06:37:58.353,24.5796,94.7033,10.119,4.2,"64 km E of Wāngjing, India",us7000kx4x
2023-09-17 06:49:48.834,23.9369,90.5926,10.0,4.2,"12 km W of Narsingdi, Bangladesh",us7000kwaj
2023-09-23 14:24:34.421,17.1447,96.1004,10.0,4.8,"38 km N of Yangon, Myanmar",us7000kxn3
2023-09-23 20:23:19.849,17.5005,95.7323,61.226,4.4,Myanmar,us6000lbe1
2023-09-27 23:46:44.280,29.7208,94.6666,10.0,4.0,"135 km NNE of Shi Yomi, India",us6000lcge
2023-10-02 04:41:25.848,27.1351,103.9191,10.0,4.3,"28 km SE of Zhaotong, China",us6000lc71
2023-10-02 12:45:15.979,25.9206,90.5798,10.0,4.9,"28 km S of Goālpāra, India",us6000lc8t
2023-10-02 14:29:30.012,26.0535,97.0376,10.0,4.4,"28 km SE of Sarupathar, India",us6000lc9d
2023-10-08 08:10:48.987,11.8926,92.3616,22.675,4.4,"44 km WNW of Bamboo Flat, India",us6000lf3p
2023-10-11 23:02:11.319,22.2347,101.6297,10.0,4.5,"78 km NW of Phôngsali, Laos",us6000ley3
2023-10-16 07:30:05.886,29.5244,101.9254,10.0,4.4,"53 km S of Kangding, China",us6000lgwr
2023-10-20 00:20:08.653,13.9893,92.8694,15.998,4.4,"253 km N of Bamboo Flat, India",us7000l66u
2023-10-24 04:55:24.160,22.0121,94.1496,40.573,4.2,"89 km SE of Hakha, Myanmar",us7000l6wh
2023-10-26 18:29:02.059,26.7385,96.8669,52.637,4.3,"59 km N of Sarupathar, India",us7000l6lg
2023-10-27 23:23:47.733,26.2481,95.5087,79.962,4.8,"68 km E of Tuensang, India",us7000l70z
2023-10-29 11:02:19.991,20.1066,94.448,78.31,4.3,"45 km W of Minbu, Myanmar",us7000l7da
2023-11-01 12:51:15.409,10.9291,93.063,93.275,4.9,"88 km SSE of Port Blair, India",us7000l828
2023-11-01 21:44:36.662,21.033,92.127,22.237,4.1,"26 km NW of Teknāf, Bangladesh",us7000l972
2023-11-03 10:33:31.531,14.67,96.1897,10.0,4.4,"186 km SSE of Pyapon, Myanmar",us7000l8kb
2023-11-03 19:39:09.153,26.4186,96.6025,118.316,4.2,"31 km NW of Sarupathar, India",us7000l8qp
2023-11-08 23:21:32.691,13.4736,92.909,18.383,4.5,"197 km N of Bamboo Flat, India",us7000laqx
2023-11-09 07:30:19.107,19.4394,98.3765,10.0,4.2,"10 km NW of Pai, Thailand",us6000lncw
2023-11-10 15:49:15.815,12.5428,91.7107,10.0,4.4,"143 km NW of Bamboo Flat, India",us7000la3q
2023-11-13 00:56:32.403,27.0352,102.8025,10.0,4.5,"95 km WSW of Zhaotong, China",us6000lp43
2023-11-14 00:25:47.867,23.1134,93.667,66.47,4.3,"22 km N of Falam, Myanmar",us6000lp5l
2023-11-17 01:37:11.547,21.217,99.3304,15.733,5.7,"76 km SW of Kēng Tung, Myanmar",us6000lp06
2023-11-17 06:02:20.752,21.1488,99.3556,10.0,4.5,"79 km SW of Kēng Tung, Myanmar",us6000lp0v
2023-11-20 08:17:56.844,27.257,96.995,10.0,4.7,"100 km SSE of Hayuliang, India",us6000lpkj
2023-11-25 20:07:30.268,25.2211,96.6026,10.0,4.1,"81 km WSW of Myitkyina, Myanmar",us7000lets
2023-11-26 18:16:26.401,12.6444,95.2808,10.0,4.3,"296 km ENE of Port Blair, India",us7000lewb
2023-11-26 19:24:22.473,12.6576,95.2787,10.0,4.5,"296 km ENE of Port Blair, India",us6000lqwy
2023-11-28 12:11:50.049,25.1849,95.4219,10.0,4.6,"107 km ESE of Phek, India",us7000leay
2023-11-29 01:41:52.476,24.4108,94.4578,73.909,4.2,"44 km ESE of Wāngjing, India",us7000lg65
2023-11-29 08:12:24.794,12.1737,95.2346,10.0,4.8,"276 km ENE of Port Blair, India",us7000lei7
2023-11-30 13:42:32.361,25.0005,95.5436,166.34,4.6,"128 km SE of Phek, India",us7000les7
2023-11-30 20:36:26.246,28.4058,104.7057,10.0,4.3,"5 km S of Xunchang, China",us7000ley0
2023-12-01 01:25:12.842,27.2089,104.1779,10.0,4.6,"40 km N of Weining, China",us7000lezh
2023-12-01 17:36:34.052,24.2615,98.1476,10.0,5.0,"13 km W of Zhefang, China",us7000lf6x
2023-12-01 18:16:24.959,24.2718,98.3406,10.0,4.1,"5 km E of Zhefang, China",us7000lgpt
2023-12-01 18:24:58.557,24.2168,98.0427,10.0,4.2,"24 km E of Zhangfeng, China",us7000lf7c
2023-12-02 03:35:33.040,23.1475,90.9317,45.057,5.5,"9 km ENE of Rāmganj, Bangladesh",us7000lfaa
2023-12-02 12:51:24.704,23.9997,94.1295,74.975,4.1,"48 km NW of Mawlaik, Myanmar",us7000lgyz
2023-12-03 01:13:41.199,23.6171,94.0944,70.037,4.3,"31 km W of Mawlaik, Myanmar",us7000lfq9
2023-12-08 03:16:57.576,25.2901,91.786,46.386,4.2,"9 km E of Cherrapunji, India",us7000lh84
2023-12-12 20:07:17.705,24.2461,94.865,118.744,4.3,"81 km NE of Mawlaik, Myanmar",us7000ljwd
2023-12-18 23:43:13.481,22.8195,94.5073,87.022,4.1,"85 km E of Falam, Myanmar",us6000m15i
2023-12-19 12:14:23.981,18.111,95.9762,10.0,4.5,"43 km NNE of Letpandan, Myanmar",us7000lk1s
2023-12-19 13:49:48.203,28.3097,104.8521,10.0,4.4,"19 km W of Bowangshan, China",us6000m16t
2023-12-25 23:53:27.068,23.139,94.522,114.245,4.1,"57 km SSE of Mawlaik, Myanmar",us6000m1tf
2023-12-29 16:31:16.478,25.0911,96.5235,10.0,5.0,"93 km WSW of Myitkyina, Myanmar",us6000m0f0
2023-12-31 06:07:02.523,29.0585,104.3228,10.0,4.1,"8 km WSW of Guanyin, China",us6000m2wk
2024-01-01 21:45:52.330,26.0489,95.4358,82.85,4.5,"65 km ESE of Tuensang, India",us6000m11n
2024-01-08 05:05:30.301,11.7568,92.6708,35.31,4.6,"8 km NW of Bamboo Flat, India",us6000m2f9
2024-01-08 19:55:59.921,21.1189,95.1787,10.0,4.3,"25 km SSE of Pakokku, Myanmar",us6000m2j7
2024-01-10 02:23:44.173,11.7494,93.2401,85.164,4.5,"54 km E of Port Blair, India",us6000m2ux
2024-01-12 01:53:19.798,22.8069,94.0111,70.857,4.4,"36 km ESE of Falam, Myanmar",us6000m4nv
2024-01-12 15:24:28.521,20.745,93.6907,49.464,4.5,"105 km NE of Sittwe, Myanmar",us6000m3a4
2024-01-14 13:21:40.369,24.2812,94.5378,92.954,4.0,"58 km SE of Wāngjing, India",us6000m3lx
2024-01-15 13:42:34.566,25.6032,93.2892,10.0,4.1,"20 km SE of Lumding Railway Colony, India",us7000lsyb
2024-01-16 08:45:20.524,29.8765,92.2512,10.0,4.3,"114 km ENE of Lhasa, China",us6000m3wr
2024-01-25 21:58:08.234,22.1702,93.1736,41.343,4.4,"40 km SSE of Saiha, India",us7000ltu7
2024-01-27 19:32:29.747,25.1373,96.5321,15.1,4.3,"91 km WSW of Myitkyina, Myanmar",us7000lvut
2024-02-02 19:27:58.362,24.3685,94.6019,99.291,4.5,"59 km ESE of Wāngjing, India",us7000lwi2
2024-02-04 22:43:12.502,12.0638,93.6037,123.195,4.7,"103 km ENE of Port Blair, India",us7000lwzl
2024-02-05 04:15:44.050,22.5535,94.837,10.164,4.2,"58 km NNW of Monywa, Myanmar",us7000ly0u
2024-02-09 06:51:55.718,24.6542,94.86,105.99,4.0,"80 km E of Wāngjing, India",us7000lz6j
2024-02-11 17:58:16.862,15.2552,96.4389,10.0,4.2,"140 km SE of Pyapon, Myanmar",us7000lzgf
2024-02-11 20:48:49.942,21.5206,94.0805,72.436,4.9,"102 km NW of Chauk, Myanmar",us7000lyi1
2024-02-17 03:55:23.179,22.9227,93.7803,72.977,4.6,"10 km E of Falam, Myanmar",us7000lzt8
2024-02-18 00:24:48.995,23.7744,93.8956,71.815,4.1,"53 km WNW of Mawlaik, Myanmar",us7000m0ue
2024-02-21 07:36:04.824,22.5174,93.9868,71.012,4.9,"41 km ESE of Hakha, Myanmar",us7000m0ia
2024-02-23 22:36:08.342,21.5461,94.0885,66.528,4.4,"104 km NW of Chauk, Myanmar",us7000m189
2024-02-24 00:23:57.760,21.2007,99.3878,15.026,4.2,"73 km SW of Kēng Tung, Myanmar",us6000mftz
2024-02-28 13:23:28.767,29.3214,102.4984,10.0,4.2,"88 km SSW of Ya'an, China",us6000mgpw
2024-03-04 03:50:17.216,10.6366,91.3969,10.0,4.0,"186 km SW of Bamboo Flat, India",us7000m45t
2024-03-07 15:47:41.746,16.4052,94.6639,33.759,4.6,"42 km S of Pathein, Myanmar",us7000m3w7
2024-03-07 22:58:24.456,23.2072,94.4293,101.657,4.2,"48 km S of Mawlaik, Myanmar",us7000m413
2024-03-08 07:37:33.068,10.504,93.8051,165.285,4.4,"172 km SE of Port Blair, India",us7000m42z
2024-03-12 08:57:52.678,25.7414,90.2866,10.0,4.4,"26 km NNE of Tura, India",us7000m4tz
2024-03-12 18:02:09.118,11.2654,94.7931,10.0,4.2,"227 km ESE of Port Blair, India",us6000mjm1
2024-03-13 08:20:56.953,23.8285,93.9123,82.647,4.2,"54 km WNW of Mawlaik, Myanmar",us6000mjsp
2024-03-14 06:13:01.910,11.2699,95.1326,10.0,4.8,"264 km E of Port Blair, India",us6000misc
2024-03-15 19:26:08.490,13.7525,92.896,22.068,4.4,"227 km N of Bamboo Flat, India",us6000mk21
2024-03-21 10:57:07.456,27.9963,102.6621,10.0,4.2,"40 km ENE of Xichang, China",us7000m83q
2024-03-27 14:59:04.317,29.8724,99.8886,10.0,4.0,"100 km NNW of Daocheng, China",us7000m8c8
2024-03-31 07:56:33.664,28.6316,95.9137,10.0,4.5,"82 km NNW of Tezu, India",us7000ma7x
2024-04-05 12:45:38.655,26.4924,96.9139,69.136,5.7,"33 km NNE of Sarupathar, India",us7000ma59
2024-04-06 02:29:22.577,27.1432,103.4715,10.0,5.0,"30 km SW of Zhaotong, China",us7000mack
2024-04-08 01:20:12.604,10.7532,91.5769,10.0,4.2,"162 km SW of Bamboo Flat, India",us7000mcn5
2024-04-09 14:07:05.932,28.049,100.2389,30.53,5.0,"48 km WNW of Yongning, China",us7000mazk
2024-04-13 09:54:43.847,17.3366,95.1228,37.199,4.3,"49 km SW of Hinthada, Myanmar",us7000md7n
2024-04-13 19:27:02.865,21.4027,95.0167,120.556,4.0,"10 km NW of Pakokku, Myanmar",us7000md85
2024-04-16 23:01:24.137,11.3815,92.9599,57.532,5.0,"39 km SE of Port Blair, India",us7000mcjj
2024-04-18 21:33:57.064,10.5366,92.3326,10.0,4.4,"132 km SSW of Port Blair, India",us6000mts6
2024-04-18 23:55:26.565,28.3726,102.292,10.0,4.2,"52 km N of Xichang, China",us6000mtsb
2024-04-20 16:46:37.024,21.9812,92.651,44.892,4.1,"50 km ESE of Bāndarban, Bangladesh",us6000mu0v
2024-04-23 13:54:50.008,28.6472,103.8252,10.0,4.4,"52 km SW of Juexi, China",us6000mv8u
2024-04-24 05:05:18.618,25.2199,99.8131,10.0,4.4,"39 km SE of Bonan, China",us6000mteb
2024-04-28 20:45:38.172,25.5222,96.6471,10.0,4.6,"76 km WNW of Myitkyina, Myanmar",us6000muqt
2024-04-29 13:55:48.298,28.1382,92.6067,10.0,4.0,"91 km NE of Tawang, India",us6000mwzs
2024-04-29 19:08:28.046,17.3772,94.2304,10.0,4.8,"85 km NW of Pathein, Myanmar",us6000mv0v
2024-05-01 15:21:40.576,26.4249,96.4223,103.088,4.3,"45 km WNW of Sarupathar, India",us6000mx9p
2024-05-07 00:17:49.295,13.2783,92.7568,21.301,4.3,"174 km N of Bamboo Flat, India",us6000myil
2024-05-07 01:40:29.325,24.3778,94.8016,113.981,4.4,"78 km ESE of Wāngjing, India",us6000mwva
2024-05-21 01:38:37.695,29.7943,102.0583,10.0,4.2,"25 km SSE of Kangding, China",us7000mnic
2024-05-21 16:54:13.152,27.268,103.128,18.642,4.3,"58 km W of Zhaotong, China",us7000mnj0
2024-05-27 03:07:11.247,28.232,100.6748,10.0,5.1,"44 km N of Yongning, China",us6000n177
2024-05-27 08:25:36.603,28.1464,100.523,10.0,4.7,"37 km NNW of Yongning, China",us6000n18p
2024-05-27 10:37:11.374,28.1289,100.5735,10.0,4.8,"34 km NNW of Yongning, China",us6000n18x
2024-05-27 10:39:17.621,28.2065,100.6462,10.0,4.5,"41 km N of Yongning, China",us7000mq2k
2024-05-29 13:13:27.000,23.527,94.6623,97.552,5.4,"29 km ESE of Mawlaik, Myanmar",us7000mnrr
2024-05-30 17:10:22.521,28.3589,100.7355,10.0,4.2,"58 km N of Yongning, China",us7000mqnp
2024-05-31 02:20:09.465,25.7318,91.0047,41.021,4.1,"35 km NW of Nongstoin, India",us7000mqqy
2024-06-02 08:44:59.515,22.8369,94.5714,106.754,4.8,"90 km S of Mawlaik, Myanmar",us7000mplk
2024-06-03 13:21:04.048,17.4183,94.6671,21.731,4.5,"71 km N of Pathein, Myanmar",us7000mrim
2024-06-04 04:14:11.926,27.3141,102.0695,10.0,4.4,"67 km SSW of Xichang, China",us7000mrqm
2024-06-06 10:28:16.661,23.9042,94.1522,49.578,4.1,"38 km NW of Mawlaik, Myanmar",us7000ms6q
2024-06-09 04:35:09.641,27.4645,93.088,39.251,4.3,"66 km NW of Itānagar, India",us7000mrac
2024-06-25 02:39:50.640,10.0181,93.737,10.0,4.3,"212 km SSE of Port Blair, India",us6000n9w7
2024-06-26 00:56:22.555,10.2337,93.8875,10.0,4.5,"196 km SE of Port Blair, India",us6000n874
2024-06-26 08:19:08.140,26.8514,100.8523,10.0,4.8,"6 km W of Zhanhe, China",us6000n88d
2024-06-26 08:36:14.541,27.0157,100.8211,10.0,4.7,"19 km SSW of Xinyingpan, China",us6000n88e
2024-06-26 13:39:33.305,24.3949,93.8041,57.577,4.6,"11 km SSE of Moirāng, India",us6000n89d
2024-06-28 17:16:45.100,10.1256,93.6765,10.0,5.0,"198 km SSE of Port Blair, India",us6000n8zg
2024-06-28 20:56:27.864,22.6841,94.0078,31.394,4.4,"41 km E of Hakha, Myanmar",us7000mx8d
2024-06-30 07:10:58.147,10.2616,93.7841,10.0,4.4,"192 km SE of Port Blair, India",us7000mx9u
2024-07-03 15:13:23.196,19.1085,95.8613,10.0,4.5,"63 km WNW of Taungoo, Myanmar",us7000myb6
2024-07-04 21:12:27.022,24.3726,92.6936,35.0,4.4,"16 km N of Kolasib, India",us7000mx4s
2024-07-05 17:14:36.604,24.997,95.2533,130.497,4.4,"106 km SE of Phek, India",us7000mxba
2024-07-19 06:22:06.169,24.2339,97.8487,12.956,4.3,"6 km NE of Zhangfeng, China",us6000nh53
2024-07-21 20:19:29.777,22.5892,94.3355,63.996,4.3,"74 km E of Hakha, Myanmar",us7000n0q1
2024-07-23 23:55:02.968,26.3142,104.7659,10.0,5.2,"31 km SSW of Liupanshui, China",us6000nf1m
2024-07-28 10:11:03.470,21.3196,93.8961,67.884,4.8,"106 km WNW of Chauk, Myanmar",us6000njvl
2024-07-29 01:42:43.390,23.6529,94.1644,47.026,4.0,"24 km W of Mawlaik, Myanmar",us6000nk4x
2024-07-30 01:27:36.066,29.5132,98.7281,14.458,4.6,"161 km WNW of Daocheng, China",us6000ngta
2024-07-30 01:33:35.216,13.2054,93.5461,47.094,4.5,"189 km NNE of Bamboo Flat, India",us7000n76l
2024-08-06 00:41:14.761,15.2595,96.3273,11.965,4.3,"133 km SSE of Pyapon, Myanmar",us6000nmvk
2024-08-06 04:57:13.565,29.4609,102.0208,10.0,4.5,"60 km S of Kangding, China",us6000nmvn
2024-08-07 02:44:49.272,29.4205,101.9449,10.0,4.5,"64 km S of Kangding, China",us6000nign
2024-08-07 13:36:03.663,24.1886,94.6559,87.298,4.4,"65 km NNE of Mawlaik, Myanmar",us6000niqj
2024-08-13 12:08:58.968,28.1507,100.5776,10.0,4.3,"36 km NNW of Yongning, China",us6000npvp
2024-08-14 14:42:58.933,27.1518,100.5409,10.0,4.0,"34 km WSW of Daxing, China",us6000nq2j
2024-08-14 23:06:45.518,25.1793,94.6614,10.0,4.2,"56 km SSE of Phek, India",us7000n729
2024-08-18 05:44:36.079,23.0704,95.9626,10.0,4.4,"58 km WNW of Mogok, Myanmar",us7000nd3p
2024-08-19 00:44:51.858,25.1089,96.4115,10.0,4.5,"103 km WSW of Myitkyina, Myanmar",us7000nd91
2024-08-20 15:04:38.606,22.7449,101.1232,13.156,4.7,"15 km ESE of Simao, China",us7000n89f
2024-08-21 13:16:15.518,11.3998,93.7376,117.226,4.3,"112 km ESE of Port Blair, India",us7000ndja
2024-08-21 16:45:24.944,13.3206,93.1216,27.18,4.5,"184 km NNE of Bamboo Flat, India",us7000ndjh
2024-08-25 09:21:25.503,10.2045,93.8221,10.0,4.7,"199 km SE of Port Blair, India",us7000n9ak
2024-08-27 20:19:40.853,20.7336,94.8703,113.698,4.4,"19 km SSE of Chauk, Myanmar",us6000nwaj
2024-08-27 21:15:02.136,23.5469,100.6812,10.0,4.2,"70 km ESE of Lincang, China",us6000nwal
2024-09-09 12:46:46.822,22.3738,94.6407,122.947,4.1,"58 km WNW of Monywa, Myanmar",us6000ny32
2024-09-13 09:22:52.460,11.6903,95.0031,10.0,4.7,"246 km E of Port Blair, India",us7000ndh5
2024-09-13 13:55:31.930,11.7376,95.1008,10.0,4.2,"256 km E of Port Blair, India",us6000nytj
2024-09-14 01:16:37.661,28.1548,104.9472,10.0,4.4,"19 km SSW of Bowangshan, China",us6000nyzu
2024-09-17 20:02:04.835,12.3234,92.4484,10.0,4.3,"74 km NNW of Bamboo Flat, India",us6000nt2t
2024-09-18 14:44:00.013,28.9728,102.0325,10.0,4.4,"114 km S of Kangding, China",us6000ntb2
2024-09-19 05:20:57.102,10.461,91.6084,10.0,5.2,"182 km SW of Port Blair, India",us6000nszv
2024-09-21 16:41:36.445,10.5828,91.6213,10.0,4.9,"171 km SW of Port Blair, India",us6000nti2
2024-09-21 18:42:21.342,10.4981,91.6346,10.0,4.3,"177 km SW of Port Blair, India",us6000ntin
2024-09-23 02:50:11.148,10.6333,91.5652,10.0,4.6,"172 km SW of Port Blair, India",us7000ngu7
2024-09-24 09:24:24.060,12.6154,93.5592,86.076,4.6,"136 km NE of Bamboo Flat, India",us6000nu1i
2024-09-24 10:37:50.107,21.124,94.9956,128.814,4.5,"25 km SSW of Pakokku, Myanmar",us6000nu1v
2024-09-26 11:00:47.109,25.9261,92.5119,10.0,4.3,"34 km S of Rahā, India",us7000ngj5
2024-09-29 08:39:06.984,10.1076,92.9732,78.618,4.3,"174 km S of Port Blair, India",us6000p02u
2024-10-01 19:05:28.054,11.348,93.901,177.767,4.1,"130 km ESE of Port Blair, India",us7000nmfx
2024-10-02 09:12:03.300,24.4783,94.5004,111.078,4.4,"45 km ESE of Wāngjing, India",us7000nmmz
2024-10-03 01:09:15.175,21.9573,94.4502,103.351,4.3,"72 km WSW of Monywa, Myanmar",us6000nw74
2024-10-03 23:13:47.772,22.24,93.7892,56.663,4.4,"48 km SSE of Hakha, Myanmar",us7000nmp3
2024-10-05 15:41:51.486,23.1298,94.309,46.447,4.5,"57 km S of Mawlaik, Myanmar",us7000nmxe
2024-10-10 01:10:38.951,12.2283,93.8736,156.02,4.2,"137 km ENE of Port Blair, India",us6000nxqc
2024-10-11 04:40:54.951,22.9505,95.9411,10.0,5.0,"49 km NNE of Shwebo, Myanmar",us6000ny0s
2024-10-13 02:17:29.478,26.7107,92.2692,10.0,4.4,"17 km ESE of Udalguri, India",us6000nyde
2024-10-14 07:02:35.638,24.9915,97.7297,10.0,4.4,"37 km NW of Yingjiang, China",us6000nyj8
2024-10-20 10:00:01.194,13.8634,92.8425,17.641,4.7,"239 km N of Bamboo Flat, India",us7000nqmm
2024-10-20 22:57:13.188,29.8315,92.454,10.0,4.1,"132 km E of Lhasa, China",us7000nqn4
2024-10-26 10:23:59.971,26.0458,104.5191,12.091,4.3,"68 km SSW of Liupanshui, China",us7000nrps
2024-10-28 13:08:36.561,27.8841,94.0163,10.0,4.7,"36 km NNE of Ziro, India",us7000nnml
2024-10-31 01:32:40.192,29.8874,92.3502,10.0,4.3,"123 km ENE of Lhasa, China",us7000np4h
2024-10-31 01:45:05.042,29.8941,92.2654,10.0,4.2,"115 km ENE of Lhasa, China",us7000nsmb
2024-10-31 12:05:18.580,11.0836,93.7859,160.976,4.2,"130 km ESE of Port Blair, India",us7000np67
2024-11-01 22:03:47.853,29.877,92.1517,10.0,4.4,"104 km ENE of Lhasa, China",us7000npgd
2024-11-03 04:58:05.890,17.3662,92.9035,10.0,4.3,"205 km WNW of Pathein, Myanmar",us7000npne
2024-11-06 20:19:56.281,29.8366,92.1951,10.0,4.7,"107 km E of Lhasa, China",us7000nqak
2024-11-08 05:00:54.894,29.9237,92.2999,10.0,4.7,"119 km ENE of Lhasa, China",us7000nqjm
2024-11-11 05:29:24.628,29.8708,92.1054,10.0,4.5,"100 km ENE of Lhasa, China",us7000nuq4
2024-11-11 06:25:17.791,29.9853,92.5472,10.0,4.4,"144 km ENE of Lhasa, China",us7000nupw
2024-11-12 10:42:41.806,10.4607,92.691,35.0,4.4,"133 km S of Port Blair, India",us7000nus8
2024-11-12 14:41:38.243,29.6823,92.1177,10.0,4.5,"98 km E of Lhasa, China",us7000nusc
2024-11-13 04:15:07.727,29.695,92.3151,10.0,4.5,"117 km E of Lhasa, China",us7000nrhe
2024-11-14 09:37:05.117,11.9804,92.8301,56.21,4.6,"33 km NNE of Bamboo Flat, India",us7000nuy3
2024-11-15 15:02:19.330,27.4045,102.1197,10.0,4.4,"56 km SSW of Xichang, China",us7000nrzw
2024-11-18 06:27:31.689,26.3299,96.0,123.626,4.0,"82 km W of Sarupathar, India",us7000nvux
2024-11-18 07:01:58.960,29.8909,92.1777,10.0,4.7,"107 km ENE of Lhasa, China",us7000nsd6
2024-11-18 07:06:26.733,29.8092,92.13,10.0,4.5,"101 km E of Lhasa, China",us7000nsei
2024-11-20 04:21:33.100,12.4768,93.1336,74.037,4.7,"97 km NNE of Bamboo Flat, India",us7000nw5n
2024-11-20 11:04:45.627,16.3747,95.7308,11.221,4.2,"7 km S of Kyaiklat, Myanmar",us7000nw5x
2024-11-20 11:18:25.182,16.3891,95.7591,10.795,4.2,"7 km SSE of Kyaiklat, Myanmar",us7000nw5y
2024-11-22 14:42:09.100,29.8586,92.0847,7.624,4.3,"98 km ENE of Lhasa, China",us7000nwlq
2024-11-23 17:35:06.040,25.0441,92.7769,59.18,4.2,"24 km N of Silchar, India",us6000p7ad
2024-11-26 08:03:26.083,24.848,96.1065,10.0,4.9,"131 km WNW of Bhamo, Myanmar",us7000nu7y
2024-11-27 12:50:07.302,24.6737,93.5219,57.065,4.3,"32 km NW of Moirāng, India",us7000nuhz
2024-11-28 01:52:59.710,25.3723,94.8209,105.396,4.3,"45 km SE of Phek, India",us7000numd
2024-11-28 21:00:06.188,27.5223,104.0339,10.0,4.4,"38 km NE of Zhaotong, China",us7000nutz
2024-12-01 07:57:44.830,18.4347,95.1919,80.697,4.6,"21 km NW of Myanaung, Myanmar",us7000nv8y
2024-12-03 17:33:09.578,22.3655,101.6404,10.0,4.3,"82 km SE of Simao, China",us7000nzbs
2024-12-05 04:30:48.822,11.1885,93.2077,81.873,4.3,"72 km SE of Port Blair, India",us7000nztg
2024-12-05 07:58:38.172,12.3831,92.1816,10.0,4.4,"95 km NW of Bamboo Flat, India",us7000nzth
2024-12-07 18:00:23.976,29.8141,92.1448,9.08,4.4,"102 km E of Lhasa, China",us7000nwx0
2024-12-07 22:07:48.222,29.4107,94.8752,37.112,4.5,"109 km NNE of Shi Yomi, India",us7000nwya
2024-12-11 00:38:28.651,12.2024,92.228,10.0,4.4,"76 km NW of Bamboo Flat, India",us6000ph1n
2024-12-11 01:26:00.061,23.5806,94.6445,107.502,4.6,"25 km ESE of Mawlaik, Myanmar",us7000nxr5
2024-12-11 11:53:29.138,22.5954,93.8612,55.118,4.4,"26 km ESE of Hakha, Myanmar",us7000nxub
2024-12-14 01:05:29.137,25.9364,96.5936,10.0,4.4,"36 km SW of Sarupathar, India",us7000nyrk
2024-12-16 14:10:33.722,25.6193,90.5843,10.0,4.3,"40 km ENE of Tura, India",us7000nz9t
2024-12-18 16:46:43.648,26.1308,100.7419,10.0,4.3,"20 km NE of Pianjiao, China",us6000phh7
2024-12-20 13:13:08.914,23.6675,94.0488,69.573,4.4,"36 km W of Mawlaik, Myanmar",us7000p0au
2024-12-20 15:42:43.959,10.8051,95.5221,10.0,4.5,"Andaman Islands, India region",us7000p0cq
2024-12-20 18:32:28.841,29.7956,92.1173,10.008,4.3,"99 km E of Lhasa, China",us6000phjw
2024-12-20 23:06:04.089,27.0059,103.3194,10.0,4.3,"52 km SW of Zhaotong, China",us6000phk1
2024-12-22 22:37:37.577,29.1852,95.1793,10.0,4.0,"107 km NE of Shi Yomi, India",us7000p0t5
2024-12-23 17:57:25.649,19.5557,95.0613,85.383,4.9,"26 km NW of Myaydo, Myanmar",us6000pfbh
2025-01-03 04:32:38.138,24.9577,95.5118,154.635,5.0,"128 km SE of Phek, India",us6000phdf
2025-01-06 07:34:21.777,26.7009,96.9229,10.0,4.5,"55 km NNE of Sarupathar, India",us6000pkn9
2025-01-07 06:47:44.965,28.1006,99.8279,10.0,4.4,"32 km NNE of Shangri-La, China",us6000pkql
2025-01-08 23:39:08.183,29.9915,91.9736,10.0,4.0,"92 km ENE of Lhasa, China",us6000plal
2025-01-15 14:58:35.122,29.7147,92.1757,10.0,4.4,"104 km E of Lhasa, China",us6000pk5z
2025-01-18 20:01:47.716,24.4445,95.1109,128.424,4.5,"107 km E of Wāngjing, India",us6000pkzi
2025-01-20 05:57:10.327,10.0412,91.6307,10.0,5.0,"217 km SW of Port Blair, India",us6000pl6c
2025-01-20 13:59:55.434,29.5398,104.9021,10.0,4.5,"16 km WSW of Neijiang, China",us6000pl82
2025-01-21 07:04:00.391,25.2695,91.2966,10.0,4.4,"27 km S of Nongstoin, India",us6000plds
2025-01-22 15:27:46.576,24.6742,93.1241,35.0,4.4,"17 km SE of Lakhipur, India",us6000pll1
2025-01-22 21:50:20.085,29.4755,104.8555,10.0,4.3,"16 km NNE of Zigong, China",us7000pacn
2025-01-23 19:23:36.273,24.6223,95.093,117.542,5.0,"104 km E of Wāngjing, India",us6000plwf
2025-01-25 05:30:53.494,29.4689,102.1949,10.0,4.6,"63 km SSE of Kangding, China",us7000pb1r
2025-01-25 07:11:26.402,20.4112,94.9808,55.579,4.4,"12 km ESE of Yenangyaung, Burma (Myanmar)",us6000pm9m
2025-01-25 08:23:27.469,29.5807,104.0099,10.0,4.4,"21 km N of Luocheng, China",us6000pm9x
2025-01-25 14:17:35.919,29.3278,103.3236,10.0,4.3,"49 km WSW of Leshan, China",us6000pmay
2025-02-01 12:41:00.066,23.9786,93.7854,58.87,4.5,"41 km SSE of Churāchāndpur, India",us7000pc5s
2025-02-01 12:46:34.402,23.757,93.6375,62.526,4.1,"63 km S of Churāchāndpur, India",us7000pc5t
2025-02-20 06:02:58.563,25.7977,90.6738,10.0,4.3,"42 km S of Goālpāra, India",us7000pewd
2025-02-22 10:33:30.853,21.5846,93.8043,59.186,5.0,"119 km S of Hakha, Burma (Myanmar)",us7000pffe
2025-02-22 20:25:23.131,13.2754,91.4476,10.0,4.4,"222 km NW of Bamboo Flat, India",us6000pwme
2025-02-23 20:25:39.368,21.9743,94.3794,95.49,4.3,"79 km W of Monywa, Burma (Myanmar)",us7000pfnn
2025-02-26 20:55:36.821,26.3002,92.3408,10.0,5.3,"5 km N of Morigaon, India",us6000pvpc
2025-02-28 10:05:45.867,27.4538,92.6469,49.904,4.4,"30 km NE of Bomdila, India",us6000pw15
2025-03-01 08:57:01.257,20.423,95.1036,121.871,4.2,"24 km E of Yenangyaung, Burma (Myanmar)",us6000pw91
2025-03-02 06:23:30.495,28.3051,104.8514,10.0,4.6,"19 km W of Bowangshan, China",us6000pwej
2025-03-03 03:33:03.313,16.3701,95.6877,10.0,4.5,"9 km SSW of Kyaiklat, Burma (Myanmar)",us6000pwjj
2025-03-03 04:45:58.185,24.9209,95.5418,144.457,4.1,"133 km SE of Phek, India",us6000pyem
2025-03-04 22:05:39.516,16.7001,95.5884,10.0,4.1,"7 km WSW of Maubin, Burma (Myanmar)",us6000pylr
2025-03-04 22:06:43.695,16.9032,95.623,10.0,5.1,"15 km S of Nyaungdon, Burma (Myanmar)",us6000pwx1
2025-03-04 22:24:05.473,16.7654,95.7014,10.0,4.7,"6 km NE of Maubin, Burma (Myanmar)",us6000pwwz
2025-03-05 05:36:35.568,24.5491,94.6954,88.157,5.4,"64 km E of Wāngjing, India",us6000pwz6
2025-03-05 06:50:41.588,24.5601,94.6184,78.769,4.3,"56 km E of Wāngjing, India",us6000pwzr
2025-03-09 07:55:14.441,24.9377,95.3301,133.124,4.3,"116 km SE of Phek, India",us6000pxru
2025-03-12 14:01:45.151,24.6021,94.6563,84.222,4.2,"60 km E of Wāngjing, India",us6000pybb
2025-03-14 00:31:26.002,27.145,92.2691,10.0,4.2,"20 km SW of Bomdila, India",us6000pyqh
2025-03-17 19:37:18.228,24.4394,93.449,49.533,4.2,"25 km WNW of Churāchāndpur, India",us6000pzed
2025-03-18 07:49:00.454,24.3088,94.8302,118.337,5.1,"83 km ESE of Wāngjing, India",us6000pzix
2025-03-18 11:20:44.634,29.5831,104.622,10.0,4.6,"30 km NNW of Zigong, China",us6000pzk0
2025-03-18 11:21:51.749,29.7512,104.9234,10.0,4.6,"7 km ESE of Chonglong, China",us7000pn3i
2025-03-19 03:38:19.177,13.2595,93.5415,83.064,4.3,"194 km NNE of Bamboo Flat, India",us7000pn3v
2025-03-24 04:29:29.100,10.1202,93.7118,10.0,5.1,"200 km SSE of Port Blair, India",us7000pm5g
2025-03-24 04:38:32.700,29.1888,93.7471,10.0,4.2,"95 km NW of Shi Yomi, India",us6000q3p6
2025-03-24 04:43:00.743,29.2119,93.8789,10.0,4.1,"89 km NNW of Shi Yomi, India",us6000q3ny
2025-03-24 07:19:55.884,10.3688,93.9709,10.0,4.7,"196 km SE of Port Blair, India",us7000pm6h
2025-03-25 05:49:00.237,23.0631,101.9914,10.0,4.3,"108 km ENE of Simao, China",us7000pmg7
2025-03-28 06:20:52.715,22.011,95.9363,10.0,7.7,"2025 Mandalay, Burma (Myanmar) Earthquake",us7000pn9s
2025-03-28 06:32:04.777,21.6975,95.969,10.0,6.7,Burma (Myanmar),us7000pn9z
2025-03-28 06:39:14.645,19.8979,95.8026,10.0,4.8,"29 km ESE of Taungdwingyi, Burma (Myanmar)",us7000pncy
2025-03-28 06:42:24.760,21.8377,95.8747,10.0,4.9,"11 km WSW of Sagaing, Burma (Myanmar)",us7000pncv
2025-03-28 06:45:44.906,19.1284,96.2075,10.0,4.9,Burma (Myanmar),us7000pnb6
2025-03-28 06:57:53.711,22.0976,96.0667,10.0,4.5,"13 km N of Mandalay, Burma (Myanmar)",us6000q4ji
2025-03-28 07:01:28.860,22.0534,95.8669,10.0,4.4,"22 km NNW of Sagaing, Burma (Myanmar)",us6000q4jt
2025-03-28 07:27:47.907,22.7436,95.8927,10.0,4.6,"27 km NE of Shwebo, Burma (Myanmar)",us7000pnb8
2025-03-28 07:33:37.622,22.6287,95.7353,10.0,4.4,"7 km NNE of Shwebo, Burma (Myanmar)",us7000pnf1
2025-03-28 07:36:58.799,22.7673,95.8531,10.0,4.6,Burma,us7000pnba
2025-03-28 07:57:00.138,22.4361,95.838,10.0,4.5,Burma,us7000pnbe
2025-03-28 07:59:08.865,22.2037,96.117,10.0,4.3,"25 km N of Mandalay, Burma (Myanmar)",us6000q4jp
2025-03-28 09:18:27.576,23.501,95.3761,10.0,4.4,"100 km E of Mawlaik, Burma (Myanmar)",us7000pnbh
2025-03-28 09:26:46.153,20.903,96.5422,10.0,4.3,"48 km WNW of Nyaungshwe, Burma (Myanmar)",us7000pnfs
2025-03-28 09:55:32.962,19.3628,96.207,10.0,4.5,"41 km S of Pyinmana, Burma (Myanmar)",us7000pnfz
2025-03-28 11:16:52.146,22.5255,95.739,10.0,4.4,Burma,us7000pnbt
2025-03-28 12:21:56.504,22.0401,95.9466,10.0,4.6,"15 km WNW of Mandalay, Burma (Myanmar)",us7000pnc5
2025-03-28 14:49:19.423,21.9984,95.9659,10.0,4.2,"12 km WNW of Mandalay, Burma (Myanmar)",us7000pnq3
2025-03-28 16:46:20.831,20.2803,96.0242,10.0,4.5,"20 km SW of Yamethin, Burma (Myanmar)",us7000pne5
2025-03-28 18:26:20.385,21.784,95.9561,10.0,4.2,"10 km SSW of Sagaing, Burma (Myanmar)",us6000q4k2
2025-03-28 19:14:56.727,21.7546,95.8877,10.0,4.2,"16 km SW of Sagaing, Burma (Myanmar)",us6000q4kb
2025-03-28 20:16:38.893,21.9947,95.8997,10.0,4.1,"15 km NNW of Sagaing, Burma (Myanmar)",us6000q4ke
2025-03-29 00:04:53.661,22.3954,96.0494,10.0,4.2,"40 km ESE of Shwebo, Burma (Myanmar)",us6000q4ru
2025-03-29 06:23:51.147,20.973,95.9969,9.999,4.3,"17 km NE of Meiktila, Burma (Myanmar)",us6000q4s3
2025-03-29 06:25:04.470,27.2366,96.9662,10.0,4.4,"101 km SSE of Hayuliang, India",us6000q4rz
2025-03-29 09:20:48.229,19.6858,96.0761,10.0,5.1,"8 km SW of Nay Pyi Taw, Burma (Myanmar)",us7000pnkj
2025-03-29 10:50:10.294,27.1691,103.6514,10.0,4.7,"17 km SSW of Zhaotong, China",us7000pnl4
2025-03-29 23:27:34.191,22.4771,95.9811,10.0,4.3,"30 km ESE of Shwebo, Burma (Myanmar)",us7000pnqp
2025-03-30 00:08:28.693,19.7498,95.994,10.0,4.5,"14 km W of Nay Pyi Taw, Burma (Myanmar)",us6000q4xp
2025-03-30 06:13:05.377,22.0142,95.9429,10.0,4.1,"15 km WNW of Mandalay, Burma (Myanmar)",us6000q4xv
2025-03-30 07:08:01.128,22.2219,95.9368,10.0,4.6,"31 km NNW of Mandalay, Burma (Myanmar)",us7000pnsb
2025-03-30 08:37:58.122,22.5469,96.0305,10.0,4.3,"34 km E of Shwebo, Burma (Myanmar)",us7000pnsw
2025-03-30 17:30:48.042,22.5542,95.8682,10.0,4.1,"17 km E of Shwebo, Burma (Myanmar)",us7000pnwl
2025-03-31 03:54:01.091,10.2401,94.02,10.0,4.2,"210 km SE of Port Blair, India",us6000q56x
2025-03-31 05:17:31.336,22.0479,95.9969,10.0,4.3,"12 km NW of Mandalay, Burma (Myanmar)",us6000q55u
2025-03-31 05:47:41.983,22.313,95.656,10.0,4.2,"28 km S of Shwebo, Burma (Myanmar)",us6000q55v
2025-03-31 12:12:21.290,22.0356,96.0154,10.0,4.2,"9 km NW of Mandalay, Burma (Myanmar)",us6000q565
2025-03-31 19:11:09.828,21.9886,95.991,10.0,4.2,"9 km W of Mandalay, Burma (Myanmar)",us7000pp3w
2025-04-01 11:01:47.444,22.0634,95.9636,10.0,4.7,"15 km NW of Mandalay, Burma (Myanmar)",us7000pp7z
2025-04-01 15:27:40.823,20.0604,96.0923,4.465,4.8,"35 km N of Nay Pyi Taw, Burma (Myanmar)",us7000pp91
2025-04-02 03:47:10.784,23.579,95.8772,10.0,4.4,"97 km NW of Mogok, Burma (Myanmar)",us6000q5fg
2025-04-02 10:45:05.983,20.9095,96.0561,10.0,4.7,"20 km E of Meiktila, Burma (Myanmar)",us7000ppf6
2025-04-02 16:27:12.366,15.5172,95.6376,10.0,4.9,"85 km S of Pyapon, Burma (Myanmar)",us7000ppgb
2025-04-02 23:13:09.295,21.9162,96.0733,10.0,3.5,"6 km S of Mandalay, Burma (Myanmar)",us6000q3nd
2025-04-04 15:25:24.663,21.5705,96.0529,10.0,4.6,"9 km WSW of Kyaukse, Burma (Myanmar)",us6000q3ye
2025-04-07 21:48:24.098,21.0805,96.1609,10.0,4.3,"38 km NE of Meiktila, Burma (Myanmar)",us6000q6tu
2025-04-08 05:19:01.212,22.6342,95.963,10.0,4.3,"28 km ENE of Shwebo, Burma (Myanmar)",us7000pu8u
2025-04-09 07:58:17.271,22.784,95.8838,10.0,4.6,"30 km NE of Shwebo, Burma (Myanmar)",us6000q4vy
2025-04-09 14:40:17.442,21.4447,95.9352,10.0,3.6,"27 km SW of Kyaukse, Burma (Myanmar)",us6000q4x4
2025-04-09 15:59:18.014,21.9457,96.0058,10.0,3.6,"7 km NNE of Sagaing, Burma (Myanmar)",us6000q4xc
2025-04-10 16:17:58.886,21.7193,95.9475,10.0,3.9,"17 km S of Sagaing, Burma (Myanmar)",us6000q575
2025-04-11 02:32:19.883,19.004,96.2808,10.0,4.4,"17 km WNW of Taungoo, Burma (Myanmar)",us7000pus6
2025-04-11 04:29:28.671,20.9582,96.0381,10.0,4.7,"20 km ENE of Meiktila, Burma (Myanmar)",us6000q5b0
2025-04-11 04:58:56.520,21.0117,96.0731,10.0,4.4,"26 km ENE of Meiktila, Burma (Myanmar)",us7000putd
2025-04-11 10:52:56.066,24.043,91.3615,10.0,4.1,"23 km N of Rānīr Bāzār, India",us6000q5cs
2025-04-11 14:17:30.020,19.9801,96.0895,10.0,4.4,"26 km N of Nay Pyi Taw, Burma (Myanmar)",us6000q5e2
2025-04-13 02:24:57.717,21.2292,96.0897,10.0,5.3,"41 km S of Kyaukse, Burma (Myanmar)",us6000q5ps
2025-04-13 20:02:29.684,19.82,95.5327,6.764,4.7,"20 km S of Taungdwingyi, Burma (Myanmar)",us6000q5tq
2025-04-16 04:46:23.129,20.9483,96.0243,10.0,4.3,"18 km ENE of Meiktila, Burma (Myanmar)",us7000pw6m
2025-04-16 22:46:19.944,29.4076,104.7897,10.0,4.2,"7 km N of Zigong, China",us6000q6me
2025-04-17 06:32:34.457,22.0411,96.1069,10.0,4.5,"7 km NNE of Mandalay, Burma (Myanmar)",us6000q6pf
2025-04-17 21:27:43.108,22.6589,96.1235,10.0,4.2,"44 km ENE of Shwebo, Burma (Myanmar)",us6000q6w6
2025-04-18 18:01:22.215,20.4354,96.1272,10.0,4.1,"1 km WNW of Yamethin, Burma (Myanmar)",us6000q72i
2025-04-23 16:09:01.885,26.4164,100.0261,10.0,4.9,"17 km SE of Jinhua, China",us7000puj0
2025-04-28 01:27:59.270,19.3557,96.1241,10.0,4.5,"43 km S of Nay Pyi Taw, Burma (Myanmar)",us7000pvha
2025-04-28 03:39:25.294,13.0733,92.5283,10.0,4.6,"153 km N of Bamboo Flat, India",us7000pvhl
2025-04-29 08:43:51.090,22.9811,95.8068,10.0,4.2,"46 km NNE of Shwebo, Burma (Myanmar)",us7000pzd6
2025-05-04 23:33:15.714,22.7543,95.787,10.0,4.4,"22 km NNE of Shwebo, Burma (Myanmar)",us7000px5u
2025-05-09 08:37:30.433,20.7669,95.9487,10.0,4.5,"15 km SE of Meiktila, Burma (Myanmar)",us7000py69
2025-05-14 10:30:41.591,24.6729,94.8973,10.0,4.4,"84 km E of Wāngjing, India",us6000qgly
2025-05-16 01:00:08.958,25.1128,98.1772,10.0,4.6,"23 km WNW of Zhonghe, China",us7000pzi1
2025-05-16 04:17:21.531,21.76,103.0866,10.0,4.5,"27 km S of Mường Lay, Vietnam",us7000pzim
2025-05-17 15:54:47.188,21.4196,96.0564,10.0,5.1,"22 km SSW of Kyaukse, Burma (Myanmar)",us7000pzv3
2025-05-18 19:15:21.246,19.031,93.3045,10.0,4.9,"130 km SSE of Sittwe, Burma (Myanmar)",us7000q025
2025-05-20 16:29:56.404,27.4432,102.9337,10.0,4.2,"78 km W of Zhaotong, China",us7000q0dn
2025-05-21 11:56:30.125,21.0556,95.9515,10.0,3.4,"21 km NNE of Meiktila, Burma (Myanmar)",us7000q0j3
2025-05-21 16:50:21.929,28.3448,104.6089,10.0,4.4,"6 km SE of Wenjiang, China",us7000q0k4
2025-05-23 18:58:54.833,22.7737,94.534,105.853,4.1,"89 km E of Falam, Burma (Myanmar)",us6000qi7n
2025-05-26 22:13:55.884,22.6313,96.128,10.0,4.1,"44 km E of Shwebo, Burma (Myanmar)",us6000qjkt
2025-05-27 11:24:36.290,20.7067,95.9036,10.0,4.3,"19 km SSE of Meiktila, Burma (Myanmar)",us6000qjnc
2025-05-27 16:12:28.373,21.2512,94.8814,126.343,4.0,"23 km WSW of Pakokku, Burma (Myanmar)",us6000qjnr
2025-05-27 20:24:28.119,24.4467,93.8427,49.996,5.1,"8 km SE of Moirāng, India",us6000qg9r
2025-05-28 04:53:53.928,24.2883,94.3996,35.0,4.2,"47 km SE of Wāngjing, India",us6000qju8
2025-05-29 00:02:05.485,23.1552,94.7931,114.219,4.3,"66 km SE of Mawlaik, Burma (Myanmar)",us6000qgji
2025-05-30 07:43:27.675,20.7633,96.9288,10.0,4.2,"11 km N of Nyaungshwe, Burma (Myanmar)",us6000qk3p
2025-05-31 06:17:25.704,28.4214,104.816,35.0,4.4,"10 km ESE of Xunchang, China",us6000qkmg
2025-06-01 07:48:42.031,22.283,101.1732,10.0,4.1,"55 km NE of Jinghong, China",us6000qku6
2025-06-02 07:07:39.126,19.1428,99.1609,10.0,4.2,"43 km NNE of Chiang Mai, Thailand",us6000qher
2025-06-03 13:28:56.970,21.2716,99.6496,12.1,4.4,"49 km SW of Kēng Tung, Burma (Myanmar)",us6000qhnw
2025-06-04 20:31:55.417,26.3717,100.0201,10.0,5.0,"21 km SSE of Jinhua, China",us6000qhzg
2025-06-05 04:45:14.189,26.5336,96.7158,109.239,4.3,"37 km NNW of Sarupathar, India",us6000qi2j
2025-06-09 03:14:45.163,18.4923,94.6762,47.453,4.9,"68 km WSW of Pyay, Burma (Myanmar)",us6000qj3e
2025-06-09 21:01:28.020,21.4488,96.0769,10.0,4.3,"18 km SSW of Kyaukse, Burma (Myanmar)",us7000q8gy
2025-06-09 23:31:14.893,26.4733,96.8381,10.0,4.2,"29 km N of Sarupathar, India",us6000qj94
2025-06-10 05:28:25.324,23.4757,94.7072,102.184,4.4,"35 km ESE of Mawlaik, Burma (Myanmar)",us6000qjah
2025-06-10 05:51:03.743,23.4149,94.6684,105.73,4.5,"36 km SE of Mawlaik, Burma (Myanmar)",us6000qjak
2025-06-15 10:37:49.556,28.2788,104.9538,10.0,4.9,"10 km WSW of Bowangshan, China",us6000qkfb
2025-06-16 09:14:03.334,10.8873,93.5681,124.708,4.8,"124 km SE of Port Blair, India",us6000qkjz
2025-06-19 11:50:10.589,23.7607,94.6583,109.653,4.6,"28 km ENE of Mawlaik, Burma (Myanmar)",us7000qa7z
2025-06-20 06:45:08.700,29.917,99.7797,10.0,4.2,"109 km NNW of Daocheng, China",us7000qag5
2025-06-23 00:02:31.835,18.626,95.0872,78.124,4.4,"26 km SSW of Pyay, Burma (Myanmar)",us7000qap6
2025-06-25 07:31:45.139,22.58,95.7825,10.0,4.3,"8 km E of Shwebo, Burma (Myanmar)",us7000q8ml
2025-07-01 02:44:17.016,24.8414,95.4771,163.794,4.2,"134 km SE of Phek, India",us7000qc1g
2025-07-01 18:19:12.132,22.9464,96.0654,10.0,4.0,"45 km W of Mogok, Burma (Myanmar)",us7000qa1f
2025-07-01 21:29:15.203,28.3833,97.3521,10.0,4.5,"86 km ENE of Hayuliang, India",us7000qc28
2025-07-03 00:40:38.274,21.6431,95.7576,10.0,4.4,"34 km SW of Sagaing, Burma (Myanmar)",us7000qac1
2025-07-07 05:10:21.865,24.6278,94.8742,109.15,4.4,"82 km E of Wāngjing, India",us7000qb38
2025-07-08 03:52:14.019,26.5812,93.2884,10.0,4.2,"31 km WSW of Bokākhāt, India",us7000qba0
2025-07-11 00:26:07.414,25.5376,95.3851,121.537,4.3,"90 km E of Phek, India",us7000qby2
2025-07-11 11:29:13.722,21.5117,97.2973,10.0,4.4,"84 km NNE of Taunggyi, Burma (Myanmar)",us6000quf5
2025-07-13 21:04:00.432,22.7652,95.9256,10.0,4.3,"31 km NE of Shwebo, Burma (Myanmar)",us7000qch0
2025-07-14 00:01:22.311,21.6279,99.806,10.0,4.2,"12 km W of K?ng Tung, Burma (Myanmar)",us7000qchi
2025-07-14 08:06:36.465,21.6642,99.7826,10.0,4.5,"15 km WNW of K?ng Tung, Burma (Myanmar)",us7000qck7
2025-07-14 14:28:41.771,28.0958,103.5573,10.0,4.3,"86 km WSW of Shuanglong, China",us6000qv5f
2025-07-15 14:47:45.000,29.8146,98.7907,10.0,4.1,"169 km WNW of Daocheng, China",us6000qvp9
2025-07-15 20:57:38.194,22.0738,96.1641,10.0,4.9,"13 km NE of Mandalay, Burma (Myanmar)",us7000qcvt
2025-07-17 07:54:20.651,23.3928,94.3928,93.83,4.6,"27 km S of Mawlaik, Burma (Myanmar)",us7000qd63
2025-07-18 09:30:03.349,22.6707,95.9569,10.0,5.1,"28 km ENE of Shwebo, Burma (Myanmar)",us7000qddu
2025-07-21 18:00:56.801,11.0639,93.0478,92.727,4.5,"74 km SSE of Port Blair, India",us6000qtz9
2025-07-24 12:05:50.988,23.0801,94.7964,140.77,4.6,"74 km SSE of Mawlaik, Burma (Myanmar)",us6000qukz
2025-07-27 05:15:35.764,22.7272,95.9849,10.0,4.1,"34 km ENE of Shwebo, Burma (Myanmar)",us6000qz4j
2025-07-27 17:31:06.570,21.7329,95.7478,10.0,4.0,"28 km SW of Sagaing, Burma (Myanmar)",us6000qz5b
2025-07-29 15:34:33.152,22.7101,95.897,10.0,4.6,"25 km NE of Shwebo, Burma (Myanmar)",us6000qw02
2025-07-29 16:49:40.262,22.7049,95.8746,10.0,4.4,"23 km NE of Shwebo, Burma (Myanmar)",us6000qw0f
2025-07-29 19:26:23.358,28.2622,101.9056,10.0,4.4,"53 km NW of Xichang, China",us6000r0pp
2025-07-31 14:26:46.736,22.304,94.5958,108.963,4.7,"59 km WNW of Monywa, Burma (Myanmar)",us6000qwy4
2025-08-03 03:47:01.476,29.7915,92.3503,10.0,4.5,"121 km E of Lhasa, China",us6000qxsk
2025-08-03 21:12:44.297,20.8614,96.0989,10.0,4.5,"25 km E of Meiktila, Burma (Myanmar)",us6000qxyb
2025-08-04 21:38:27.704,13.9342,92.3481,10.0,4.2,"250 km N of Bamboo Flat, India",us7000qrdu
2025-08-07 14:30:59.671,20.2387,96.2024,10.0,4.5,"22 km SSE of Yamethin, Burma (Myanmar)",us6000qyul
2025-08-09 12:30:13.333,22.9169,94.4797,100.305,4.6,"80 km S of Mawlaik, Burma (Myanmar)",us6000qzgu
2025-08-10 06:32:32.923,13.6724,92.7915,10.0,4.7,"218 km N of Bamboo Flat, India",us6000qzlg
2025-08-18 06:39:32.542,26.3136,92.7974,35.0,4.3,"29 km ENE of Rahā, India",us7000qvhh
2025-08-20 12:46:23.303,16.0999,96.4474,9.447,4.5,"73 km S of Thongwa, Burma (Myanmar)",us7000qwbn
2025-08-21 02:58:06.895,16.1249,96.5679,10.0,4.6,"70 km S of Thongwa, Burma (Myanmar)",us6000r2pe
2025-08-22 04:56:14.177,23.403,94.2596,10.0,5.3,"30 km SSW of Mawlaik, Burma (Myanmar)",us6000r2z6
2025-08-22 05:18:33.513,23.5263,94.2235,10.0,4.2,"22 km SW of Mawlaik, Burma (Myanmar)",us7000qwq9
2025-08-30 17:05:31.112,15.4223,96.3416,10.0,4.7,"119 km SE of Pyapon, Burma (Myanmar)",us7000qskp
2025-09-03 00:54:16.398,28.1487,99.8704,10.0,4.2,"39 km NNE of Shangri-La, China",us6000rd4s
2025-09-04 04:22:01.077,21.5879,95.5933,10.0,4.5,"25 km ENE of Myingyan, Burma (Myanmar)",us7000qtq7
2025-09-04 05:33:33.449,23.6498,94.7137,121.439,4.4,"31 km E of Mawlaik, Burma (Myanmar)",us7000qtq9
2025-09-05 23:47:57.732,22.9136,93.8678,76.811,4.3,"19 km E of Falam, Burma (Myanmar)",us6000rdlw
2025-09-07 03:17:06.030,19.0137,96.264,10.0,4.6,"19 km WNW of Taungoo, Burma (Myanmar)",us7000qui1
2025-09-08 05:45:54.033,26.9293,91.7415,41.144,4.3,"27 km ENE of Samdrup Jongkhar, Bhutan",us7000qunz
2025-09-13 05:39:47.108,25.9678,96.9455,10.0,4.5,"29 km SSE of Sarupathar, India",us6000rf3n
2025-09-14 11:11:51.373,26.7097,92.2103,29.0,5.5,"11 km ESE of Udalguri, India",us7000qw56
2025-09-14 14:56:44.808,20.9575,93.7795,59.107,4.6,"108 km W of Chauk, Burma (Myanmar)",us7000qw66
2025-09-15 08:42:10.426,29.3916,104.0487,10.0,4.7,"2 km ENE of Luocheng, China",us7000qw9n
2025-09-16 00:37:45.488,27.3684,96.9813,10.0,4.1,"89 km SSE of Hayuliang, India",us6000rfty
2025-09-18 12:41:52.979,12.2024,95.3077,10.0,4.8,"285 km ENE of Port Blair, India",us7000qwyi
2025-09-21 06:19:33.353,25.124,91.7482,10.0,4.2,"12 km NE of Chhātak, Bangladesh",us6000rh35
2025-09-22 23:19:16.540,21.2003,95.7149,141.521,4.1,"38 km NNW of Meiktila, Burma (Myanmar)",us6000rc6v
2025-09-28 00:55:36.243,19.1121,96.4997,10.0,4.4,"19 km NNE of Taungoo, Burma (Myanmar)",us6000riaf
2025-09-30 00:40:03.656,24.6798,94.7389,93.408,4.9,"69 km E of Wāngjing, India",us6000rdpe
2025-10-04 20:31:03.053,10.575,92.8178,58.539,4.5,"120 km S of Port Blair, India",us6000rj7d
2025-10-04 21:01:45.995,23.6208,100.6849,10.0,4.4,"66 km ESE of Lincang, China",us6000rj7f
2025-10-10 00:23:55.995,18.5245,93.682,10.0,4.8,"165 km WSW of Pyay, Burma (Myanmar)",us6000rfws
2025-10-10 13:21:13.153,27.2004,103.5081,10.0,4.9,"24 km WSW of Zhaotong, China",us6000rg4y
2025-10-11 03:18:16.154,27.0929,103.5002,10.0,5.2,"32 km SW of Zhaotong, China",us6000rgi0
2025-10-13 05:40:30.144,22.4404,94.5319,105.63,4.5,"72 km WNW of Monywa, Burma (Myanmar)",us6000rgtt
2025-10-16 04:36:56.533,22.8131,95.8413,10.0,4.4,"30 km NNE of Shwebo, Burma (Myanmar)",us6000rlw6
2025-10-16 06:57:54.913,24.7905,95.4782,191.422,4.8,"138 km SE of Phek, India",us6000rhhd
2025-10-16 22:10:23.971,13.3577,92.5564,15.163,5.0,"184 km N of Bamboo Flat, India",us6000rhnm
2025-10-17 16:39:18.873,17.0079,96.1659,10.0,3.9,"22 km N of Yangon, Burma (Myanmar)",us7000rk6w
2025-10-21 17:31:40.115,22.468,94.3264,88.314,4.2,"76 km ESE of Hakha, Burma (Myanmar)",us6000rmtc
2025-10-22 13:21:45.431,25.9177,104.4729,10.0,4.1,"83 km SSW of Liupanshui, China",us6000rmzh
2025-10-26 15:03:00.757,29.2614,99.6697,25.117,4.9,"65 km WNW of Daocheng, China",us6000rjkg
2025-10-29 05:30:59.485,21.9867,93.6089,47.028,4.6,"72 km S of Hakha, Burma (Myanmar)",us6000rk49
2025-11-03 01:33:01.974,25.0088,95.3102,117.957,4.6,"109 km SE of Phek, India",us6000rl3w
2025-11-08 13:47:20.359,27.9568,104.8863,10.0,4.5,"35 km ESE of Xunsi, China",us7000re60
2025-11-09 06:38:31.475,12.4989,93.7511,132.652,5.4,"143 km NE of Port Blair, India",us6000rmdj
2025-11-12 16:26:18.021,20.2107,104.4204,10.0,4.4,"45 km ESE of Xam Nua, Laos",us6000rn2z
2025-11-14 09:38:46.667,23.9664,94.4815,53.099,4.3,"36 km NNE of Mawlaik, Burma (Myanmar)",us6000rs68
2025-11-17 01:04:39.912,21.8677,93.6071,61.177,4.1,"86 km S of Hakha, Burma (Myanmar)",us7000rfkz
2025-11-21 04:38:28.942,23.8578,90.5404,27.0,5.4,"14 km ESE of Tungi, Bangladesh",us6000rpht
2025-11-22 12:06:04.494,23.7585,90.4588,10.0,4.3,"5 km ENE of Paltan, Bangladesh",us6000rptl
2025-11-23 04:39:22.415,13.3595,95.8101,10.0,5.3,"269 km WSW of Dawei, Burma (Myanmar)",us6000rpwk
2025-11-23 07:57:21.789,13.4046,95.7949,10.0,4.2,"269 km WSW of Dawei, Burma (Myanmar)",us6000ru5d
2025-11-27 10:15:17.099,23.9741,90.5388,10.0,4.1,"16 km ENE of Tungi, Bangladesh",us7000re4q
2025-12-01 18:55:15.922,22.8791,94.4717,99.301,4.8,"81 km E of Falam, Burma (Myanmar)",us7000rews
2025-12-02 01:56:31.335,20.4905,92.3253,10.0,4.1,"40 km S of Teknāf, Bangladesh",us6000rvrt
2025-12-02 11:01:09.803,21.9235,95.9869,10.0,4.8,"5 km N of Sagaing, Burma (Myanmar)",us6000rvt6
2025-12-04 00:14:40.236,23.7187,90.427,10.0,4.1,"2 km ENE of Dhaka, Bangladesh",us7000rfgq
2025-12-08 04:48:51.329,23.0944,94.8608,94.964,4.2,"76 km SE of Mawlaik, Burma (Myanmar)",us7000rmss
2025-12-08 09:30:11.095,13.2819,95.8494,20.36,4.3,"268 km WSW of Dawei, Burma (Myanmar)",us7000rmst
2025-12-10 09:35:35.862,22.5952,96.0249,10.0,4.7,"33 km E of Shwebo, Burma (Myanmar)",us6000rtv3
2025-12-11 17:18:32.657,28.2195,103.9971,10.0,4.7,"42 km SW of Shuanglong, China",us6000ru7i
2025-12-13 06:18:09.957,10.9166,93.7806,167.634,4.2,"140 km SE of Port Blair, India",us6000rwg8
2025-12-18 00:34:32.270,26.1352,97.1858,10.0,4.6,"38 km ESE of Sarupathar, India",us6000rvkv
2025-12-22 15:45:58.501,21.2891,101.6636,10.0,4.3,"46 km NE of Luang Namtha, Laos",us6000rwi2
2025-12-24 04:09:47.901,12.6319,92.7492,35.0,4.8,"103 km N of Bamboo Flat, India",us7000rkiw
2025-12-25 15:19:41.275,24.828,97.8254,10.0,4.4,"17 km NW of Yingjiang, China",us7000rkqh
2025-12-27 12:42:49.553,26.7466,92.3604,41.698,4.5,"12 km WNW of Dhekiajuli, India",us7000rl21
2025-12-29 15:30:29.804,26.0392,97.0716,10.0,4.2,"32 km SE of Sarupathar, India",us7000rqw2
2026-01-01 13:18:59.369,22.8108,95.9011,10.0,5.0,"33 km NE of Shwebo, Burma (Myanmar)",us7000rlx8
2026-01-04 22:47:39.427,26.3621,92.3991,41.098,5.2,"13 km NNE of Morigaon, India",us7000rmhd
2026-01-04 22:47:52.226,26.326,92.3084,35.0,4.9,"9 km NNW of Morigaon, India",us7000rmhe
2026-01-04 23:33:04.664,29.5094,103.7775,10.0,4.5,"6 km SSE of Leshan, China",us7000rrmn
2026-01-06 13:30:04.484,10.4383,92.1484,10.0,4.3,"150 km SSW of Port Blair, India",us6000s4jg
2026-01-06 21:47:11.846,26.9641,91.6187,10.0,4.0,"21 km NNE of Samdrup Jongkhar, Bhutan",us6000s4jq
2026-01-09 20:01:08.816,27.2167,104.3226,10.0,4.7,"41 km NNE of Weining, China",us7000rnrh
2026-01-11 20:15:40.359,24.8059,95.2947,128.873,4.4,"124 km SE of Phek, India",us7000rp2s
2026-01-15 12:12:17.496,21.0522,96.0397,10.0,4.9,"26 km NE of Meiktila, Burma (Myanmar)",us7000rpuq
2026-01-19 11:32:06.410,27.1457,103.42,10.0,5.2,"34 km WSW of Zhaotong, China",us7000rqjl
2026-01-19 15:43:57.332,17.3629,95.7995,10.0,4.4,"32 km S of Tharyarwady, Burma (Myanmar)",us7000rql1
2026-01-21 21:43:05.761,27.3134,96.9254,29.916,5.2,"92 km SSE of Hayuliang, India",us7000rr7m
2026-01-24 16:38:52.515,25.964,90.6263,10.0,4.2,"23 km S of Goālpāra, India",us7000rrtz
2026-01-25 10:43:34.240,22.7344,93.9441,10.0,4.5,"33 km SE of Falam, Burma (Myanmar)",us6000s7vw
2026-02-02 00:04:04.726,22.7525,94.6661,99.044,4.4,"86 km NW of Monywa, Burma (Myanmar)",us6000s9z9
2026-02-03 15:34:01.535,20.4368,93.9466,58.953,5.8,"96 km W of Yenangyaung, Burma (Myanmar)",us6000s65b
2026-02-03 15:51:31.064,20.5355,94.0461,71.545,5.1,"86 km W of Yenangyaung, Burma (Myanmar)",us6000s65j
2026-02-04 03:27:33.826,26.6797,92.1913,41.32,4.2,"12 km SE of Udalguri, India",us6000sa88
2026-02-04 18:39:44.492,24.7625,95.2248,132.44,4.5,"119 km E of Wāngjing, India",us6000s6h9
2026-02-06 00:33:06.470,23.4869,94.9447,10.0,5.2,"57 km ESE of Mawlaik, Burma (Myanmar)",us6000s6ug
2026-02-06 21:31:47.076,24.6303,94.8153,108.952,4.1,"76 km E of Wāngjing, India",us6000sagi
2026-02-08 06:06:47.251,29.5039,102.0487,10.0,4.7,"55 km S of Kangding, China",us6000s78a
2026-02-15 02:47:20.959,22.1059,94.5751,114.974,4.2,"57 km W of Monywa, Burma (Myanmar)",us7000s0tm
2026-02-16 22:50:47.825,20.4657,93.9341,43.231,4.4,"97 km W of Yenangyaung, Burma (Myanmar)",us6000s9r0
2026-02-17 15:05:15.477,22.1555,100.824,10.0,4.6,"20 km NNE of Jinghong, China",us6000s9s9
2026-02-22 11:50:45.484,27.0875,103.5616,10.0,4.5,"29 km SSW of Zhaotong, China",us6000sas9
2026-02-23 05:02:10.879,11.642,91.7328,10.0,4.8,"107 km W of Bamboo Flat, India",us6000sayu
2026-02-23 10:11:51.805,10.6835,93.9644,128.06,4.3,"171 km SE of Port Blair, India",us7000s2lm
2026-02-24 16:32:25.268,29.7442,102.2793,10.0,4.2,"42 km SE of Kangding, China",us7000s3eq
2026-02-25 03:15:54.257,24.6435,97.4409,10.0,4.8,"41 km W of Taiping, China",us7000s053
2026-02-25 06:00:15.179,24.912,97.9069,10.0,4.3,"22 km N of Yingjiang, China",us7000s05i
2026-02-25 16:51:48.981,22.9893,94.7613,125.346,4.9,"81 km SSE of Mawlaik, Burma (Myanmar)",us7000s096
2026-03-05 13:48:46.548,21.879,93.9051,66.901,4.6,"90 km SSE of Hakha, Burma (Myanmar)",us7000s27v
2026-03-15 11:03:04.783,24.4297,95.169,124.231,4.4,"113 km E of Wāngjing, India",us7000s7s2
2026-03-17 06:38:51.141,24.7196,94.344,84.57,4.4,"30 km E of Yairipok, India",us6000sgsp
2026-03-18 04:22:59.987,24.8382,94.6026,74.267,4.2,"58 km ENE of Yairipok, India",us7000s83u
2026-03-23 11:44:11.132,19.768,96.2314,10.0,4.2,"4 km NE of Pyinmana, Burma (Myanmar)",us7000s9fq
2026-03-23 17:27:41.787,25.1048,95.0874,118.403,4.2,"85 km SE of Phek, India",us7000s73v
2026-03-25 16:01:24.855,23.1718,94.3994,88.688,4.2,"52 km S of Mawlaik, Burma (Myanmar)",us7000s7jm
2026-03-26 18:42:28.206,28.3073,104.9069,10.0,4.5,"14 km W of Bowangshan, China",us7000s7wv
2026-03-28 11:25:26.231,24.8868,95.2287,125.752,4.3,"113 km SE of Phek, India",us7000s8cy
2026-03-28 11:52:23.542,10.2798,93.7211,10.0,4.6,"186 km SE of Port Blair, India",us7000s8fi
2026-03-31 15:45:35.861,24.5853,97.5809,10.0,4.4,"28 km WSW of Taiping, China",us7000s95e
2026-04-06 19:23:40.151,24.2348,93.9187,77.353,4.4,"27 km ESE of Churāchāndpur, India",us6000sn31
2026-04-07 08:48:27.692,24.768,92.8187,10.0,4.9,"6 km SSE of Silchar, India",us6000sn6y
2026-04-08 22:13:51.268,10.4649,93.722,10.0,4.6,"170 km SE of Port Blair, India",us6000snkz
2026-04-09 20:02:23.844,25.1876,95.136,113.502,4.2,"83 km SE of Phek, India",us6000snr8
2026-04-11 04:38:04.505,29.7172,104.9465,10.0,4.5,"11 km SE of Chonglong, China",us6000sp9d
2026-04-11 06:13:41.200,29.6428,104.9384,10.0,4.5,"13 km WNW of Neijiang, China",us6000spl7
2026-04-11 12:31:50.465,29.5926,104.9243,10.0,4.3,"13 km W of Neijiang, China",us6000srun
2026-04-11 13:37:19.490,29.5511,104.9215,10.0,4.4,"14 km WSW of Neijiang, China",us6000srup
2026-04-11 21:21:50.506,26.1409,99.7901,10.0,4.5,"16 km W of Zibihu, China",us6000spdd
2026-04-11 22:59:24.828,23.0237,95.9623,10.0,4.2,"57 km NNE of Shwebo, Burma (Myanmar)",us6000srux
2026-04-12 03:51:59.593,24.9223,92.5761,10.0,4.3,"6 km NNW of Badarpur, India",us6000ss01
2026-04-13 08:39:50.933,29.6567,104.9833,10.0,4.5,"11 km NW of Neijiang, China",us6000splu
2026-04-14 21:04:50.603,27.3137,92.0096,10.0,4.0,"30 km SSE of Tawang, India",us6000sq30
2026-04-15 01:43:52.317,29.609,104.9234,10.0,4.4,"13 km WNW of Neijiang, China",us6000sq4j
2026-04-15 16:12:54.428,29.6297,104.9157,10.0,4.3,"15 km WNW of Neijiang, China",us6000sqbn
2026-04-15 16:57:43.882,29.6391,104.8903,10.0,4.3,"16 km SSE of Chonglong, China",us6000ssdh
2026-04-16 22:22:35.486,29.5977,104.8501,10.0,4.3,"20 km S of Chonglong, China",us6000sqnd
2026-04-17 08:53:37.462,26.4175,96.0185,112.016,4.3,"80 km SE of Khonsa, India",us6000sqr4
2026-04-18 14:26:11.219,28.2182,103.5182,10.0,4.5,"85 km WSW of Shuanglong, China",us6000sr4f
2026-04-21 00:08:27.448,23.241,94.7793,104.22,4.7,"58 km SE of Mawlaik, Burma (Myanmar)",us6000srqg
2026-04-21 00:29:35.307,24.6319,94.6985,95.116,5.0,"64 km E of Wāngjing, India",us6000srqj
2026-04-21 14:24:37.187,23.8301,94.2031,72.711,4.5,"29 km NW of Mawlaik, Burma (Myanmar)",us6000sru6
2026-04-22 07:15:20.680,29.747,104.3123,10.0,4.5,"48 km NE of Luocheng, China",us7000sh1u
2026-04-23 14:59:46.686,27.1014,102.8792,10.0,4.5,"86 km WSW of Zhaotong, China",us7000sha8
2026-04-24 07:03:03.696,15.519,96.3368,10.0,4.4,"110 km SE of Pyapon, Burma (Myanmar)",us6000ssid
2026-04-25 15:15:12.091,21.3618,94.8014,109.0,4.3,"29 km W of Pakokku, Burma (Myanmar)",us6000ssum
2026-04-29 19:11:11.726,28.4911,100.8041,10.0,4.7,"74 km N of Yongning, China",us7000sh46
2026-04-29 19:19:40.405,28.8073,100.4178,10.0,4.1,"28 km SSE of Daocheng, China",us6000svyp
2026-04-29 19:20:57.224,28.3397,100.6875,10.0,4.4,"56 km N of Yongning, China",us6000svyr
2026-05-02 05:33:28.274,16.6987,95.4164,10.0,4.5,"25 km W of Maubin, Burma (Myanmar)",us6000swxf
2026-05-04 15:03:00.555,29.5089,102.1086,10.0,4.8,"56 km SSE of Kangding, China",us7000si54
2026-05-04 16:03:03.665,29.5951,102.0832,10.0,4.6,"46 km SSE of Kangding, China",us7000si5h
2026-05-05 04:10:49.225,25.3328,96.5593,10.0,4.5,"84 km W of Myitkyina, Burma (Myanmar)",us7000sibr
2026-05-06 15:17:33.655,28.8263,95.9696,10.0,4.6,"100 km NW of Hayuliang, India",us6000svp7
2026-05-08 03:53:33.205,10.1728,91.4911,10.0,4.6,"214 km SW of Port Blair, India",us6000sw5i
2026-05-08 06:42:14.300,26.2919,103.12,10.0,4.2,"111 km NW of Qujing, China",us6000sxze
2026-05-10 19:36:36.401,20.5004,94.0661,54.234,5.0,"84 km W of Yenangyaung, Burma (Myanmar)",us6000sws5
2026-05-12 14:55:15.655,28.46,104.8375,10.0,4.8,"12 km E of Xunchang, China",us6000sx5d
2026-05-16 21:16:16.654,13.0167,93.7021,96.882,4.7,"180 km NE of Bamboo Flat, India",us6000sy9z
2026-05-17 09:38:20.742,11.0619,95.1269,10.0,4.6,"268 km ESE of Port Blair, India",us6000syd2
2026-05-18 02:05:24.601,16.4177,96.3726,10.0,5.2,"41 km SSE of Syriam, Burma (Myanmar)",us6000syg0
2026-05-24 21:37:50.231,24.2191,94.7633,116.129,4.4,"73 km NNE of Mawlaik, Burma (Myanmar)",us7000spcx
2026-05-26 14:07:51.354,23.7982,94.8304,112.776,4.5,"46 km ENE of Mawlaik, Burma (Myanmar)",us6000t08d
2026-05-26 16:30:57.714,23.1849,94.5425,102.712,4.3,"52 km SSE of Mawlaik, Burma (Myanmar)",us7000sntk
2026-05-29 12:22:54.128,23.4621,93.722,57.374,4.3,"60 km N of Falam, Burma (Myanmar)",us7000sp9a
2026-06-04 15:39:26.163,22.4251,94.7024,118.092,4.3,"56 km NW of Monywa, Burma (Myanmar)",us7000sqkf
2026-06-07 05:12:27.858,23.9034,94.7544,115.752,4.3,"45 km NE of Mawlaik, Burma (Myanmar)",us7000sr6r
2026-06-07 21:07:12.533,29.8838,101.9526,10.0,4.6,"13 km S of Kangding, China",us7000sraf
2026-06-09 02:52:49.308,24.6092,95.3782,138.823,4.2,"133 km E of Wāngjing, India",us7000srnl
2026-06-11 15:40:34.924,25.0151,93.0576,36.41,4.4,"17 km SSE of Hāflong, India",us7000ssem
2026-06-14 20:07:57.209,20.0534,97.8867,10.543,4.4,"82 km ENE of Loikaw, Burma (Myanmar)",us7000sswu
2026-06-18 15:29:24.907,24.3478,94.0847,52.125,4.5,"19 km SSE of Kakching, India",us7000suc2
2026-06-20 04:33:10.698,24.6492,94.7654,109.992,4.5,"71 km E of Wāngjing, India",us7000suse
2026-06-21 00:52:54.610,27.4598,92.0424,10.0,4.3,"17 km SE of Tawang, India",us6000t8gi
2026-06-21 00:53:20.793,27.5061,92.1189,10.0,4.3,"20 km ESE of Tawang, India",us6000t8gh
2026-06-21 02:24:55.135,27.4893,92.2066,10.0,4.2,"29 km ESE of Tawang, India",us6000t8gl
2026-06-22 15:28:52.488,23.9049,90.6435,10.0,4.4,"7 km WSW of Narsingdi, Bangladesh",us7000sv7t
2026-06-24 02:53:48.830,26.3473,103.1491,10.0,4.2,"114 km NNW of Qujing, China",us6000t9v8
2026-06-28 15:51:10.086,12.1573,93.5587,101.356,4.2,"103 km ENE of Port Blair, India",us6000tagw
2026-06-28 16:12:09.019,28.6413,104.7997,10.0,5.2,"13 km WNW of Changning, China",us6000t8u3
2026-06-30 17:12:17.760,25.3549,96.585,10.0,4.4,"81 km W of Myitkyina, Burma (Myanmar)",us6000t9cp
2026-07-03 12:09:44.702,23.7064,94.2425,10.0,4.1,"18 km WNW of Mawlaik, Burma (Myanmar)",us7000sz71
2026-07-04 00:21:06.565,16.6943,96.1159,10.0,3.5,"12 km E of Kanbe, Burma (Myanmar)",us6000ta1y
2026-07-04 09:33:47.830,26.0576,100.8627,10.0,4.5,"28 km E of Pianjiao, China",us6000ta37
2026-07-04 10:07:37.423,26.0138,100.6608,10.0,4.6,"7 km E of Pianjiao, China",us6000ta3d
2026-07-04 10:28:54.216,25.9651,100.6404,10.0,4.7,"8 km SE of Pianjiao, China",us6000ta3g
2026-07-07 20:01:29.307,28.5546,104.6926,10.0,4.5,"11 km N of Xunchang, China",us6000tasz
2026-07-07 22:12:29.702,28.574,104.7111,10.0,5.0,"13 km N of Xunchang, China",us6000tatd
2026-07-07 22:19:46.156,28.458,104.6768,10.0,4.4,"3 km W of Xunchang, China",us7000t0e7
2026-07-07 22:22:13.241,28.542,104.7723,10.0,4.6,"11 km NNE of Xunchang, China",us6000tati
2026-07-08 02:08:48.620,28.5672,104.7657,10.0,5.0,"13 km NNE of Xunchang, China",us6000taui
2026-07-08 23:44:14.152,28.5835,104.7181,10.0,5.0,"14 km N of Xunchang, China",us7000sz3z
2026-07-09 02:59:42.111,22.3163,94.9864,117.435,4.0,"27 km NW of Monywa, Burma (Myanmar)",us7000t0yt
2026-07-10 13:29:44.726,23.5239,94.927,118.196,4.3,"54 km ESE of Mawlaik, Burma (Myanmar)",us7000t10q
2026-07-10 20:07:14.308,12.8446,93.4161,74.16,4.2,"147 km NNE of Bamboo Flat, India",us7000t10t
2026-07-11 11:09:29.682,26.1671,99.9596,10.0,4.2,"5 km N of Zibihu, China",us7000szq9
2026-07-11 22:39:23.872,22.639,95.9524,10.0,4.2,"27 km ENE of Shwebo, Burma (Myanmar)",us7000szsk
2026-07-12 06:30:39.304,25.5816,90.6477,10.0,4.3,"45 km E of Tura, India",us7000sztw
2026-07-12 21:02:08.854,28.5838,104.7069,10.0,4.6,"14 km N of Xunchang, China",us7000szxs
2026-07-12 23:27:48.837,28.5226,104.759,10.0,4.5,"8 km NNE of Xunchang, China",us7000szyb
2026-07-14 21:42:39.049,21.2974,93.9997,80.933,4.3,"95 km WNW of Chauk, Burma (Myanmar)",us7000t1z2
2026-07-17 01:26:06.672,22.8649,95.977,10.0,4.9,"43 km NE of Shwebo, Burma (Myanmar)",us7000t173
2026-07-20 19:37:40.866,11.8801,93.2348,62.115,4.5,"58 km ENE of Port Blair, India",us7000t20r
2026-07-21 11:43:08.411,23.2707,101.5395,10.0,4.9,"78 km NE of Simao, China",us7000t25s
2026-07-21 18:55:57.736,28.1539,92.5278,10.0,4.2,"87 km NE of Tawang, India",us7000t2ak
2026-07-23 18:21:37.812,18.672,94.6933,54.334,4.0,"58 km WSW of Pyay, Burma (Myanmar)",us6000tgp3
2026-07-25 23:09:29.078,25.9804,95.294,92.961,4.5,"56 km SE of Tuensang, India",us7000t3di
2026-07-29 14:02:43.362,22.0075,96.0221,10.0,4.2,"7 km WNW of Mandalay, Burma (Myanmar)",us6000tgnj
2026-07-31 21:24:10.934,23.1907,101.2878,10.0,4.5,"54 km NE of Simao, China",us6000thc9
2026-08-03 05:00:48.666,28.6876,104.7633,10.0,4.9,"14 km ESE of Yibin, China",us6000thqf
2026-08-04 15:58:34.535,28.5388,104.7613,10.0,4.4,"10 km NNE of Xunchang, China",us6000ti0y
2026-08-05 00:11:57.782,21.9032,94.6478,103.392,4.8,"55 km WSW of Monywa, Burma (Myanmar)",us6000ti5u
2026-08-05 10:06:09.955,29.0027,94.681,10.0,5.0,"60 km NNE of Shi Yomi, India",us6000ti9w
2026-08-06 00:15:17.634,29.0283,94.6765,10.0,4.8,"62 km NNE of Shi Yomi, India",us6000tigl
2026-08-06 20:32:48.799,22.6929,95.9588,10.0,4.2,"30 km ENE of Shwebo, Burma (Myanmar)",us6000tiq3
2026-08-07 05:08:30.903,28.505,104.7523,10.0,5.1,"6 km NNE of Xunchang, China",us6000tivz
2026-08-07 08:02:13.202,28.4697,104.6417,10.0,4.3,"7 km WNW of Xunchang, China",us6000tjz8
2026-08-10 18:40:24.937,28.5462,104.6536,10.0,4.6,"11 km NNW of Xunchang, China",us6000tjri
2026-08-10 21:31:44.273,28.6111,104.6343,55.31,4.5,"12 km SE of Baixi, China",us6000tjt8
2026-08-11 19:55:41.269,10.5351,93.4884,113.482,4.9,"149 km SSE of Port Blair, India",us6000tk1m
